id,left,top,right,bottom
"21248",6056011.291439,3752282.96101881,6056242.23154667,3752082.96101881
"21251",6056011.291439,3751682.96101881,6056242.23154667,3751482.96101881
"21250",6056011.291439,3751882.96101881,6056242.23154667,3751682.96101881
"21253",6056011.291439,3751282.96101881,6056242.23154667,3751082.96101881
"21252",6056011.291439,3751482.96101881,6056242.23154667,3751282.96101881
"21255",6056011.291439,3750882.96101881,6056242.23154667,3750682.96101881
"21254",6056011.291439,3751082.96101881,6056242.23154667,3750882.96101881
"21257",6056011.291439,3750482.96101881,6056242.23154667,3750282.96101881
"21256",6056011.291439,3750682.96101881,6056242.23154667,3750482.96101881
"21259",6056011.291439,3750082.96101881,6056242.23154667,3749882.96101881
"21258",6056011.291439,3750282.96101881,6056242.23154667,3750082.96101881
"21261",6056011.291439,3749682.96101881,6056242.23154667,3749482.96101881
"21260",6056011.291439,3749882.96101881,6056242.23154667,3749682.96101881
"21263",6056011.291439,3749282.96101881,6056242.23154667,3749082.96101881
"21262",6056011.291439,3749482.96101881,6056242.23154667,3749282.96101881
"21265",6056011.291439,3748882.96101881,6056242.23154667,3748682.96101881
"21264",6056011.291439,3749082.96101881,6056242.23154667,3748882.96101881
"21267",6056011.291439,3748482.96101881,6056242.23154667,3748282.96101881
"21266",6056011.291439,3748682.96101881,6056242.23154667,3748482.96101881
"21269",6056011.291439,3748082.96101881,6056242.23154667,3747882.96101881
"21268",6056011.291439,3748282.96101881,6056242.23154667,3748082.96101881
"21271",6056011.291439,3747682.96101881,6056242.23154667,3747482.96101881
"21270",6056011.291439,3747882.96101881,6056242.23154667,3747682.96101881
"21273",6056011.291439,3747282.96101881,6056242.23154667,3747082.96101881
"21272",6056011.291439,3747482.96101881,6056242.23154667,3747282.96101881
"21275",6056011.291439,3746882.96101881,6056242.23154667,3746682.96101881
"21274",6056011.291439,3747082.96101881,6056242.23154667,3746882.96101881
"21277",6056011.291439,3746482.96101881,6056242.23154667,3746282.96101881
"21276",6056011.291439,3746682.96101881,6056242.23154667,3746482.96101881
"21279",6056011.291439,3746082.96101881,6056242.23154667,3745882.96101881
"21278",6056011.291439,3746282.96101881,6056242.23154667,3746082.96101881
"21281",6056011.291439,3745682.96101881,6056242.23154667,3745482.96101881
"21280",6056011.291439,3745882.96101881,6056242.23154667,3745682.96101881
"21283",6056011.291439,3745282.96101881,6056242.23154667,3745082.96101881
"21282",6056011.291439,3745482.96101881,6056242.23154667,3745282.96101881
"21285",6056011.291439,3744882.96101881,6056242.23154667,3744682.96101881
"21284",6056011.291439,3745082.96101881,6056242.23154667,3744882.96101881
"21287",6056011.291439,3744482.96101881,6056242.23154667,3744282.96101881
"21286",6056011.291439,3744682.96101881,6056242.23154667,3744482.96101881
"21289",6056011.291439,3744082.96101881,6056242.23154667,3743882.96101881
"21288",6056011.291439,3744282.96101881,6056242.23154667,3744082.96101881
"21291",6056011.291439,3743682.96101881,6056242.23154667,3743482.96101881
"21290",6056011.291439,3743882.96101881,6056242.23154667,3743682.96101881
"21293",6056011.291439,3743282.96101881,6056242.23154667,3743082.96101881
"21292",6056011.291439,3743482.96101881,6056242.23154667,3743282.96101881
"21295",6056011.291439,3742882.96101881,6056242.23154667,3742682.96101881
"21294",6056011.291439,3743082.96101881,6056242.23154667,3742882.96101881
"21297",6056011.291439,3742482.96101881,6056242.23154667,3742282.96101881
"21296",6056011.291439,3742682.96101881,6056242.23154667,3742482.96101881
"21299",6056011.291439,3742082.96101881,6056242.23154667,3741882.96101881
"21298",6056011.291439,3742282.96101881,6056242.23154667,3742082.96101881
"21301",6056011.291439,3741682.96101881,6056242.23154667,3741482.96101881
"21300",6056011.291439,3741882.96101881,6056242.23154667,3741682.96101881
"21303",6056011.291439,3741282.96101881,6056242.23154667,3741082.96101881
"21302",6056011.291439,3741482.96101881,6056242.23154667,3741282.96101881
"21305",6056011.291439,3740882.96101881,6056242.23154667,3740682.96101881
"21304",6056011.291439,3741082.96101881,6056242.23154667,3740882.96101881
"21307",6056011.291439,3740482.96101881,6056242.23154667,3740282.96101881
"21306",6056011.291439,3740682.96101881,6056242.23154667,3740482.96101881
"21309",6056011.291439,3740082.96101881,6056242.23154667,3739882.96101881
"21308",6056011.291439,3740282.96101881,6056242.23154667,3740082.96101881
"21311",6056011.291439,3739682.96101881,6056242.23154667,3739482.96101881
"21310",6056011.291439,3739882.96101881,6056242.23154667,3739682.96101881
"21313",6056011.291439,3739282.96101881,6056242.23154667,3739082.96101881
"21312",6056011.291439,3739482.96101881,6056242.23154667,3739282.96101881
"21315",6056011.291439,3738882.96101881,6056242.23154667,3738682.96101881
"21314",6056011.291439,3739082.96101881,6056242.23154667,3738882.96101881
"21317",6056011.291439,3738482.96101881,6056242.23154667,3738282.96101881
"21316",6056011.291439,3738682.96101881,6056242.23154667,3738482.96101881
"21319",6056011.291439,3738082.96101881,6056242.23154667,3737882.96101881
"21318",6056011.291439,3738282.96101881,6056242.23154667,3738082.96101881
"21321",6056011.291439,3737682.96101881,6056242.23154667,3737482.96101881
"21320",6056011.291439,3737882.96101881,6056242.23154667,3737682.96101881
"21323",6056011.291439,3737282.96101881,6056242.23154667,3737082.96101881
"21322",6056011.291439,3737482.96101881,6056242.23154667,3737282.96101881
"21325",6056011.291439,3736882.96101881,6056242.23154667,3736682.96101881
"21324",6056011.291439,3737082.96101881,6056242.23154667,3736882.96101881
"21327",6056011.291439,3736482.96101881,6056242.23154667,3736282.96101881
"21326",6056011.291439,3736682.96101881,6056242.23154667,3736482.96101881
"21329",6056011.291439,3736082.96101881,6056242.23154667,3735882.96101881
"21328",6056011.291439,3736282.96101881,6056242.23154667,3736082.96101881
"21331",6056011.291439,3735682.96101881,6056242.23154667,3735482.96101881
"21330",6056011.291439,3735882.96101881,6056242.23154667,3735682.96101881
"21333",6056011.291439,3735282.96101881,6056242.23154667,3735082.96101881
"21332",6056011.291439,3735482.96101881,6056242.23154667,3735282.96101881
"21335",6056011.291439,3734882.96101881,6056242.23154667,3734682.96101881
"21334",6056011.291439,3735082.96101881,6056242.23154667,3734882.96101881
"21337",6056011.291439,3734482.96101881,6056242.23154667,3734282.96101881
"21336",6056011.291439,3734682.96101881,6056242.23154667,3734482.96101881
"21339",6056011.291439,3734082.96101881,6056242.23154667,3733882.96101881
"21338",6056011.291439,3734282.96101881,6056242.23154667,3734082.96101881
"21341",6056011.291439,3733682.96101881,6056242.23154667,3733482.96101881
"21340",6056011.291439,3733882.96101881,6056242.23154667,3733682.96101881
"21343",6056011.291439,3733282.96101881,6056242.23154667,3733082.96101881
"21342",6056011.291439,3733482.96101881,6056242.23154667,3733282.96101881
"21345",6056011.291439,3732882.96101881,6056242.23154667,3732682.96101881
"21344",6056011.291439,3733082.96101881,6056242.23154667,3732882.96101881
"13179",6047004.62723964,3743682.96101881,6047235.56734732,3743482.96101881
"13178",6047004.62723964,3743882.96101881,6047235.56734732,3743682.96101881
"13181",6047004.62723964,3743282.96101881,6047235.56734732,3743082.96101881
"13180",6047004.62723964,3743482.96101881,6047235.56734732,3743282.96101881
"13183",6047004.62723964,3742882.96101881,6047235.56734732,3742682.96101881
"13182",6047004.62723964,3743082.96101881,6047235.56734732,3742882.96101881
"13185",6047004.62723964,3742482.96101881,6047235.56734732,3742282.96101881
"13184",6047004.62723964,3742682.96101881,6047235.56734732,3742482.96101881
"13187",6047004.62723964,3742082.96101881,6047235.56734732,3741882.96101881
"13186",6047004.62723964,3742282.96101881,6047235.56734732,3742082.96101881
"13189",6047004.62723964,3741682.96101881,6047235.56734732,3741482.96101881
"13188",6047004.62723964,3741882.96101881,6047235.56734732,3741682.96101881
"13191",6047004.62723964,3741282.96101881,6047235.56734732,3741082.96101881
"13190",6047004.62723964,3741482.96101881,6047235.56734732,3741282.96101881
"13193",6047004.62723964,3740882.96101881,6047235.56734732,3740682.96101881
"13192",6047004.62723964,3741082.96101881,6047235.56734732,3740882.96101881
"21385",6056184.49651975,3755982.96101881,6056415.43662743,3755782.96101881
"21387",6056184.49651975,3755582.96101881,6056415.43662743,3755382.96101881
"21386",6056184.49651975,3755782.96101881,6056415.43662743,3755582.96101881
"21389",6056184.49651975,3755182.96101881,6056415.43662743,3754982.96101881
"21388",6056184.49651975,3755382.96101881,6056415.43662743,3755182.96101881
"21391",6056184.49651975,3754782.96101881,6056415.43662743,3754582.96101881
"21390",6056184.49651975,3754982.96101881,6056415.43662743,3754782.96101881
"21393",6056184.49651975,3754382.96101881,6056415.43662743,3754182.96101881
"21392",6056184.49651975,3754582.96101881,6056415.43662743,3754382.96101881
"21395",6056184.49651975,3753982.96101881,6056415.43662743,3753782.96101881
"21394",6056184.49651975,3754182.96101881,6056415.43662743,3753982.96101881
"21397",6056184.49651975,3753582.96101881,6056415.43662743,3753382.96101881
"21396",6056184.49651975,3753782.96101881,6056415.43662743,3753582.96101881
"21399",6056184.49651975,3753182.96101881,6056415.43662743,3752982.96101881
"21398",6056184.49651975,3753382.96101881,6056415.43662743,3753182.96101881
"21401",6056184.49651975,3752782.96101881,6056415.43662743,3752582.96101881
"21400",6056184.49651975,3752982.96101881,6056415.43662743,3752782.96101881
"21403",6056184.49651975,3752382.96101881,6056415.43662743,3752182.96101881
"21402",6056184.49651975,3752582.96101881,6056415.43662743,3752382.96101881
"21405",6056184.49651975,3751982.96101881,6056415.43662743,3751782.96101881
"21404",6056184.49651975,3752182.96101881,6056415.43662743,3751982.96101881
"21407",6056184.49651975,3751582.96101881,6056415.43662743,3751382.96101881
"21406",6056184.49651975,3751782.96101881,6056415.43662743,3751582.96101881
"21409",6056184.49651975,3751182.96101881,6056415.43662743,3750982.96101881
"21408",6056184.49651975,3751382.96101881,6056415.43662743,3751182.96101881
"21411",6056184.49651975,3750782.96101881,6056415.43662743,3750582.96101881
"21410",6056184.49651975,3750982.96101881,6056415.43662743,3750782.96101881
"21413",6056184.49651975,3750382.96101881,6056415.43662743,3750182.96101881
"21412",6056184.49651975,3750582.96101881,6056415.43662743,3750382.96101881
"21415",6056184.49651975,3749982.96101881,6056415.43662743,3749782.96101881
"21414",6056184.49651975,3750182.96101881,6056415.43662743,3749982.96101881
"21417",6056184.49651975,3749582.96101881,6056415.43662743,3749382.96101881
"21416",6056184.49651975,3749782.96101881,6056415.43662743,3749582.96101881
"21419",6056184.49651975,3749182.96101881,6056415.43662743,3748982.96101881
"21418",6056184.49651975,3749382.96101881,6056415.43662743,3749182.96101881
"21421",6056184.49651975,3748782.96101881,6056415.43662743,3748582.96101881
"21420",6056184.49651975,3748982.96101881,6056415.43662743,3748782.96101881
"21423",6056184.49651975,3748382.96101881,6056415.43662743,3748182.96101881
"21422",6056184.49651975,3748582.96101881,6056415.43662743,3748382.96101881
"21425",6056184.49651975,3747982.96101881,6056415.43662743,3747782.96101881
"21424",6056184.49651975,3748182.96101881,6056415.43662743,3747982.96101881
"21427",6056184.49651975,3747582.96101881,6056415.43662743,3747382.96101881
"21426",6056184.49651975,3747782.96101881,6056415.43662743,3747582.96101881
"21429",6056184.49651975,3747182.96101881,6056415.43662743,3746982.96101881
"21428",6056184.49651975,3747382.96101881,6056415.43662743,3747182.96101881
"21431",6056184.49651975,3746782.96101881,6056415.43662743,3746582.96101881
"21430",6056184.49651975,3746982.96101881,6056415.43662743,3746782.96101881
"21433",6056184.49651975,3746382.96101881,6056415.43662743,3746182.96101881
"21432",6056184.49651975,3746582.96101881,6056415.43662743,3746382.96101881
"21435",6056184.49651975,3745982.96101881,6056415.43662743,3745782.96101881
"21434",6056184.49651975,3746182.96101881,6056415.43662743,3745982.96101881
"21437",6056184.49651975,3745582.96101881,6056415.43662743,3745382.96101881
"21436",6056184.49651975,3745782.96101881,6056415.43662743,3745582.96101881
"21439",6056184.49651975,3745182.96101881,6056415.43662743,3744982.96101881
"21438",6056184.49651975,3745382.96101881,6056415.43662743,3745182.96101881
"21441",6056184.49651975,3744782.96101881,6056415.43662743,3744582.96101881
"21440",6056184.49651975,3744982.96101881,6056415.43662743,3744782.96101881
"21443",6056184.49651975,3744382.96101881,6056415.43662743,3744182.96101881
"21442",6056184.49651975,3744582.96101881,6056415.43662743,3744382.96101881
"21445",6056184.49651975,3743982.96101881,6056415.43662743,3743782.96101881
"21444",6056184.49651975,3744182.96101881,6056415.43662743,3743982.96101881
"21447",6056184.49651975,3743582.96101881,6056415.43662743,3743382.96101881
"21446",6056184.49651975,3743782.96101881,6056415.43662743,3743582.96101881
"21449",6056184.49651975,3743182.96101881,6056415.43662743,3742982.96101881
"21448",6056184.49651975,3743382.96101881,6056415.43662743,3743182.96101881
"21451",6056184.49651975,3742782.96101881,6056415.43662743,3742582.96101881
"21450",6056184.49651975,3742982.96101881,6056415.43662743,3742782.96101881
"21453",6056184.49651975,3742382.96101881,6056415.43662743,3742182.96101881
"21452",6056184.49651975,3742582.96101881,6056415.43662743,3742382.96101881
"21455",6056184.49651975,3741982.96101881,6056415.43662743,3741782.96101881
"21454",6056184.49651975,3742182.96101881,6056415.43662743,3741982.96101881
"21457",6056184.49651975,3741582.96101881,6056415.43662743,3741382.96101881
"21456",6056184.49651975,3741782.96101881,6056415.43662743,3741582.96101881
"21459",6056184.49651975,3741182.96101881,6056415.43662743,3740982.96101881
"21458",6056184.49651975,3741382.96101881,6056415.43662743,3741182.96101881
"21461",6056184.49651975,3740782.96101881,6056415.43662743,3740582.96101881
"21460",6056184.49651975,3740982.96101881,6056415.43662743,3740782.96101881
"21463",6056184.49651975,3740382.96101881,6056415.43662743,3740182.96101881
"21462",6056184.49651975,3740582.96101881,6056415.43662743,3740382.96101881
"21465",6056184.49651975,3739982.96101881,6056415.43662743,3739782.96101881
"21464",6056184.49651975,3740182.96101881,6056415.43662743,3739982.96101881
"21467",6056184.49651975,3739582.96101881,6056415.43662743,3739382.96101881
"21466",6056184.49651975,3739782.96101881,6056415.43662743,3739582.96101881
"21469",6056184.49651975,3739182.96101881,6056415.43662743,3738982.96101881
"21468",6056184.49651975,3739382.96101881,6056415.43662743,3739182.96101881
"21471",6056184.49651975,3738782.96101881,6056415.43662743,3738582.96101881
"21470",6056184.49651975,3738982.96101881,6056415.43662743,3738782.96101881
"21473",6056184.49651975,3738382.96101881,6056415.43662743,3738182.96101881
"21472",6056184.49651975,3738582.96101881,6056415.43662743,3738382.96101881
"21475",6056184.49651975,3737982.96101881,6056415.43662743,3737782.96101881
"21474",6056184.49651975,3738182.96101881,6056415.43662743,3737982.96101881
"21477",6056184.49651975,3737582.96101881,6056415.43662743,3737382.96101881
"21476",6056184.49651975,3737782.96101881,6056415.43662743,3737582.96101881
"21479",6056184.49651975,3737182.96101881,6056415.43662743,3736982.96101881
"21478",6056184.49651975,3737382.96101881,6056415.43662743,3737182.96101881
"21481",6056184.49651975,3736782.96101881,6056415.43662743,3736582.96101881
"21480",6056184.49651975,3736982.96101881,6056415.43662743,3736782.96101881
"21483",6056184.49651975,3736382.96101881,6056415.43662743,3736182.96101881
"21482",6056184.49651975,3736582.96101881,6056415.43662743,3736382.96101881
"21485",6056184.49651975,3735982.96101881,6056415.43662743,3735782.96101881
"21484",6056184.49651975,3736182.96101881,6056415.43662743,3735982.96101881
"21487",6056184.49651975,3735582.96101881,6056415.43662743,3735382.96101881
"21486",6056184.49651975,3735782.96101881,6056415.43662743,3735582.96101881
"21489",6056184.49651975,3735182.96101881,6056415.43662743,3734982.96101881
"21488",6056184.49651975,3735382.96101881,6056415.43662743,3735182.96101881
"21491",6056184.49651975,3734782.96101881,6056415.43662743,3734582.96101881
"21490",6056184.49651975,3734982.96101881,6056415.43662743,3734782.96101881
"21493",6056184.49651975,3734382.96101881,6056415.43662743,3734182.96101881
"21492",6056184.49651975,3734582.96101881,6056415.43662743,3734382.96101881
"21495",6056184.49651975,3733982.96101881,6056415.43662743,3733782.96101881
"21494",6056184.49651975,3734182.96101881,6056415.43662743,3733982.96101881
"21497",6056184.49651975,3733582.96101881,6056415.43662743,3733382.96101881
"21496",6056184.49651975,3733782.96101881,6056415.43662743,3733582.96101881
"21499",6056184.49651975,3733182.96101881,6056415.43662743,3732982.96101881
"21498",6056184.49651975,3733382.96101881,6056415.43662743,3733182.96101881
"21501",6056184.49651975,3732782.96101881,6056415.43662743,3732582.96101881
"21500",6056184.49651975,3732982.96101881,6056415.43662743,3732782.96101881
"20993",6055664.88127748,3740882.96101881,6055895.82138516,3740682.96101881
"20992",6055664.88127748,3741082.96101881,6055895.82138516,3740882.96101881
"20995",6055664.88127748,3740482.96101881,6055895.82138516,3740282.96101881
"20994",6055664.88127748,3740682.96101881,6055895.82138516,3740482.96101881
"20997",6055664.88127748,3740082.96101881,6055895.82138516,3739882.96101881
"20996",6055664.88127748,3740282.96101881,6055895.82138516,3740082.96101881
"20999",6055664.88127748,3739682.96101881,6055895.82138516,3739482.96101881
"20998",6055664.88127748,3739882.96101881,6055895.82138516,3739682.96101881
"21001",6055664.88127748,3739282.96101881,6055895.82138516,3739082.96101881
"21000",6055664.88127748,3739482.96101881,6055895.82138516,3739282.96101881
"21003",6055664.88127748,3738882.96101881,6055895.82138516,3738682.96101881
"21002",6055664.88127748,3739082.96101881,6055895.82138516,3738882.96101881
"21005",6055664.88127748,3738482.96101881,6055895.82138516,3738282.96101881
"21004",6055664.88127748,3738682.96101881,6055895.82138516,3738482.96101881
"21007",6055664.88127748,3738082.96101881,6055895.82138516,3737882.96101881
"21006",6055664.88127748,3738282.96101881,6055895.82138516,3738082.96101881
"21009",6055664.88127748,3737682.96101881,6055895.82138516,3737482.96101881
"21008",6055664.88127748,3737882.96101881,6055895.82138516,3737682.96101881
"21011",6055664.88127748,3737282.96101881,6055895.82138516,3737082.96101881
"21010",6055664.88127748,3737482.96101881,6055895.82138516,3737282.96101881
"21013",6055664.88127748,3736882.96101881,6055895.82138516,3736682.96101881
"21012",6055664.88127748,3737082.96101881,6055895.82138516,3736882.96101881
"21015",6055664.88127748,3736482.96101881,6055895.82138516,3736282.96101881
"21014",6055664.88127748,3736682.96101881,6055895.82138516,3736482.96101881
"21017",6055664.88127748,3736082.96101881,6055895.82138516,3735882.96101881
"21016",6055664.88127748,3736282.96101881,6055895.82138516,3736082.96101881
"21019",6055664.88127748,3735682.96101881,6055895.82138516,3735482.96101881
"21018",6055664.88127748,3735882.96101881,6055895.82138516,3735682.96101881
"21021",6055664.88127748,3735282.96101881,6055895.82138516,3735082.96101881
"21020",6055664.88127748,3735482.96101881,6055895.82138516,3735282.96101881
"21023",6055664.88127748,3734882.96101881,6055895.82138516,3734682.96101881
"21022",6055664.88127748,3735082.96101881,6055895.82138516,3734882.96101881
"21025",6055664.88127748,3734482.96101881,6055895.82138516,3734282.96101881
"21024",6055664.88127748,3734682.96101881,6055895.82138516,3734482.96101881
"21027",6055664.88127748,3734082.96101881,6055895.82138516,3733882.96101881
"21026",6055664.88127748,3734282.96101881,6055895.82138516,3734082.96101881
"21029",6055664.88127748,3733682.96101881,6055895.82138516,3733482.96101881
"21028",6055664.88127748,3733882.96101881,6055895.82138516,3733682.96101881
"21031",6055664.88127748,3733282.96101881,6055895.82138516,3733082.96101881
"21030",6055664.88127748,3733482.96101881,6055895.82138516,3733282.96101881
"12869",6046658.21707813,3743282.96101881,6046889.1571858,3743082.96101881
"12871",6046658.21707813,3742882.96101881,6046889.1571858,3742682.96101881
"12870",6046658.21707813,3743082.96101881,6046889.1571858,3742882.96101881
"12873",6046658.21707813,3742482.96101881,6046889.1571858,3742282.96101881
"12872",6046658.21707813,3742682.96101881,6046889.1571858,3742482.96101881
"12875",6046658.21707813,3742082.96101881,6046889.1571858,3741882.96101881
"12874",6046658.21707813,3742282.96101881,6046889.1571858,3742082.96101881
"12877",6046658.21707813,3741682.96101881,6046889.1571858,3741482.96101881
"12876",6046658.21707813,3741882.96101881,6046889.1571858,3741682.96101881
"12879",6046658.21707813,3741282.96101881,6046889.1571858,3741082.96101881
"12878",6046658.21707813,3741482.96101881,6046889.1571858,3741282.96101881
"12880",6046658.21707813,3741082.96101881,6046889.1571858,3740882.96101881
"21075",6055838.08635824,3755582.96101881,6056069.02646592,3755382.96101881
"21077",6055838.08635824,3755182.96101881,6056069.02646592,3754982.96101881
"21076",6055838.08635824,3755382.96101881,6056069.02646592,3755182.96101881
"21079",6055838.08635824,3754782.96101881,6056069.02646592,3754582.96101881
"21078",6055838.08635824,3754982.96101881,6056069.02646592,3754782.96101881
"21081",6055838.08635824,3754382.96101881,6056069.02646592,3754182.96101881
"21080",6055838.08635824,3754582.96101881,6056069.02646592,3754382.96101881
"21083",6055838.08635824,3753982.96101881,6056069.02646592,3753782.96101881
"21082",6055838.08635824,3754182.96101881,6056069.02646592,3753982.96101881
"21085",6055838.08635824,3753582.96101881,6056069.02646592,3753382.96101881
"21084",6055838.08635824,3753782.96101881,6056069.02646592,3753582.96101881
"21087",6055838.08635824,3753182.96101881,6056069.02646592,3752982.96101881
"21086",6055838.08635824,3753382.96101881,6056069.02646592,3753182.96101881
"21089",6055838.08635824,3752782.96101881,6056069.02646592,3752582.96101881
"21088",6055838.08635824,3752982.96101881,6056069.02646592,3752782.96101881
"21091",6055838.08635824,3752382.96101881,6056069.02646592,3752182.96101881
"21090",6055838.08635824,3752582.96101881,6056069.02646592,3752382.96101881
"21093",6055838.08635824,3751982.96101881,6056069.02646592,3751782.96101881
"21092",6055838.08635824,3752182.96101881,6056069.02646592,3751982.96101881
"21095",6055838.08635824,3751582.96101881,6056069.02646592,3751382.96101881
"21094",6055838.08635824,3751782.96101881,6056069.02646592,3751582.96101881
"21097",6055838.08635824,3751182.96101881,6056069.02646592,3750982.96101881
"21096",6055838.08635824,3751382.96101881,6056069.02646592,3751182.96101881
"21099",6055838.08635824,3750782.96101881,6056069.02646592,3750582.96101881
"21098",6055838.08635824,3750982.96101881,6056069.02646592,3750782.96101881
"21101",6055838.08635824,3750382.96101881,6056069.02646592,3750182.96101881
"21100",6055838.08635824,3750582.96101881,6056069.02646592,3750382.96101881
"21103",6055838.08635824,3749982.96101881,6056069.02646592,3749782.96101881
"21102",6055838.08635824,3750182.96101881,6056069.02646592,3749982.96101881
"21105",6055838.08635824,3749582.96101881,6056069.02646592,3749382.96101881
"21104",6055838.08635824,3749782.96101881,6056069.02646592,3749582.96101881
"21107",6055838.08635824,3749182.96101881,6056069.02646592,3748982.96101881
"21106",6055838.08635824,3749382.96101881,6056069.02646592,3749182.96101881
"21109",6055838.08635824,3748782.96101881,6056069.02646592,3748582.96101881
"21108",6055838.08635824,3748982.96101881,6056069.02646592,3748782.96101881
"21111",6055838.08635824,3748382.96101881,6056069.02646592,3748182.96101881
"21110",6055838.08635824,3748582.96101881,6056069.02646592,3748382.96101881
"21113",6055838.08635824,3747982.96101881,6056069.02646592,3747782.96101881
"21112",6055838.08635824,3748182.96101881,6056069.02646592,3747982.96101881
"21115",6055838.08635824,3747582.96101881,6056069.02646592,3747382.96101881
"21114",6055838.08635824,3747782.96101881,6056069.02646592,3747582.96101881
"21117",6055838.08635824,3747182.96101881,6056069.02646592,3746982.96101881
"21116",6055838.08635824,3747382.96101881,6056069.02646592,3747182.96101881
"21119",6055838.08635824,3746782.96101881,6056069.02646592,3746582.96101881
"21118",6055838.08635824,3746982.96101881,6056069.02646592,3746782.96101881
"21121",6055838.08635824,3746382.96101881,6056069.02646592,3746182.96101881
"21120",6055838.08635824,3746582.96101881,6056069.02646592,3746382.96101881
"21123",6055838.08635824,3745982.96101881,6056069.02646592,3745782.96101881
"21122",6055838.08635824,3746182.96101881,6056069.02646592,3745982.96101881
"21125",6055838.08635824,3745582.96101881,6056069.02646592,3745382.96101881
"21124",6055838.08635824,3745782.96101881,6056069.02646592,3745582.96101881
"21127",6055838.08635824,3745182.96101881,6056069.02646592,3744982.96101881
"21126",6055838.08635824,3745382.96101881,6056069.02646592,3745182.96101881
"21129",6055838.08635824,3744782.96101881,6056069.02646592,3744582.96101881
"21128",6055838.08635824,3744982.96101881,6056069.02646592,3744782.96101881
"21131",6055838.08635824,3744382.96101881,6056069.02646592,3744182.96101881
"21130",6055838.08635824,3744582.96101881,6056069.02646592,3744382.96101881
"21133",6055838.08635824,3743982.96101881,6056069.02646592,3743782.96101881
"21132",6055838.08635824,3744182.96101881,6056069.02646592,3743982.96101881
"21135",6055838.08635824,3743582.96101881,6056069.02646592,3743382.96101881
"21134",6055838.08635824,3743782.96101881,6056069.02646592,3743582.96101881
"21137",6055838.08635824,3743182.96101881,6056069.02646592,3742982.96101881
"21136",6055838.08635824,3743382.96101881,6056069.02646592,3743182.96101881
"21139",6055838.08635824,3742782.96101881,6056069.02646592,3742582.96101881
"21138",6055838.08635824,3742982.96101881,6056069.02646592,3742782.96101881
"21141",6055838.08635824,3742382.96101881,6056069.02646592,3742182.96101881
"21140",6055838.08635824,3742582.96101881,6056069.02646592,3742382.96101881
"21143",6055838.08635824,3741982.96101881,6056069.02646592,3741782.96101881
"21142",6055838.08635824,3742182.96101881,6056069.02646592,3741982.96101881
"21145",6055838.08635824,3741582.96101881,6056069.02646592,3741382.96101881
"21144",6055838.08635824,3741782.96101881,6056069.02646592,3741582.96101881
"21147",6055838.08635824,3741182.96101881,6056069.02646592,3740982.96101881
"21146",6055838.08635824,3741382.96101881,6056069.02646592,3741182.96101881
"21149",6055838.08635824,3740782.96101881,6056069.02646592,3740582.96101881
"21148",6055838.08635824,3740982.96101881,6056069.02646592,3740782.96101881
"21151",6055838.08635824,3740382.96101881,6056069.02646592,3740182.96101881
"21150",6055838.08635824,3740582.96101881,6056069.02646592,3740382.96101881
"21153",6055838.08635824,3739982.96101881,6056069.02646592,3739782.96101881
"21152",6055838.08635824,3740182.96101881,6056069.02646592,3739982.96101881
"21155",6055838.08635824,3739582.96101881,6056069.02646592,3739382.96101881
"21154",6055838.08635824,3739782.96101881,6056069.02646592,3739582.96101881
"21157",6055838.08635824,3739182.96101881,6056069.02646592,3738982.96101881
"21156",6055838.08635824,3739382.96101881,6056069.02646592,3739182.96101881
"21159",6055838.08635824,3738782.96101881,6056069.02646592,3738582.96101881
"21158",6055838.08635824,3738982.96101881,6056069.02646592,3738782.96101881
"21161",6055838.08635824,3738382.96101881,6056069.02646592,3738182.96101881
"21160",6055838.08635824,3738582.96101881,6056069.02646592,3738382.96101881
"21163",6055838.08635824,3737982.96101881,6056069.02646592,3737782.96101881
"21162",6055838.08635824,3738182.96101881,6056069.02646592,3737982.96101881
"21165",6055838.08635824,3737582.96101881,6056069.02646592,3737382.96101881
"21164",6055838.08635824,3737782.96101881,6056069.02646592,3737582.96101881
"21167",6055838.08635824,3737182.96101881,6056069.02646592,3736982.96101881
"21166",6055838.08635824,3737382.96101881,6056069.02646592,3737182.96101881
"21169",6055838.08635824,3736782.96101881,6056069.02646592,3736582.96101881
"21168",6055838.08635824,3736982.96101881,6056069.02646592,3736782.96101881
"21171",6055838.08635824,3736382.96101881,6056069.02646592,3736182.96101881
"21170",6055838.08635824,3736582.96101881,6056069.02646592,3736382.96101881
"21173",6055838.08635824,3735982.96101881,6056069.02646592,3735782.96101881
"21172",6055838.08635824,3736182.96101881,6056069.02646592,3735982.96101881
"21175",6055838.08635824,3735582.96101881,6056069.02646592,3735382.96101881
"21174",6055838.08635824,3735782.96101881,6056069.02646592,3735582.96101881
"21177",6055838.08635824,3735182.96101881,6056069.02646592,3734982.96101881
"21176",6055838.08635824,3735382.96101881,6056069.02646592,3735182.96101881
"21179",6055838.08635824,3734782.96101881,6056069.02646592,3734582.96101881
"21178",6055838.08635824,3734982.96101881,6056069.02646592,3734782.96101881
"21181",6055838.08635824,3734382.96101881,6056069.02646592,3734182.96101881
"21180",6055838.08635824,3734582.96101881,6056069.02646592,3734382.96101881
"21183",6055838.08635824,3733982.96101881,6056069.02646592,3733782.96101881
"21182",6055838.08635824,3734182.96101881,6056069.02646592,3733982.96101881
"21185",6055838.08635824,3733582.96101881,6056069.02646592,3733382.96101881
"21184",6055838.08635824,3733782.96101881,6056069.02646592,3733582.96101881
"21187",6055838.08635824,3733182.96101881,6056069.02646592,3732982.96101881
"21186",6055838.08635824,3733382.96101881,6056069.02646592,3733182.96101881
"13023",6046831.42215888,3743582.96101881,6047062.36226656,3743382.96101881
"13025",6046831.42215888,3743182.96101881,6047062.36226656,3742982.96101881
"13024",6046831.42215888,3743382.96101881,6047062.36226656,3743182.96101881
"13027",6046831.42215888,3742782.96101881,6047062.36226656,3742582.96101881
"13026",6046831.42215888,3742982.96101881,6047062.36226656,3742782.96101881
"13029",6046831.42215888,3742382.96101881,6047062.36226656,3742182.96101881
"13028",6046831.42215888,3742582.96101881,6047062.36226656,3742382.96101881
"13031",6046831.42215888,3741982.96101881,6047062.36226656,3741782.96101881
"13030",6046831.42215888,3742182.96101881,6047062.36226656,3741982.96101881
"13033",6046831.42215888,3741582.96101881,6047062.36226656,3741382.96101881
"13032",6046831.42215888,3741782.96101881,6047062.36226656,3741582.96101881
"13035",6046831.42215888,3741182.96101881,6047062.36226656,3740982.96101881
"13034",6046831.42215888,3741382.96101881,6047062.36226656,3741182.96101881
"13036",6046831.42215888,3740982.96101881,6047062.36226656,3740782.96101881
"21231",6056011.291439,3755682.96101881,6056242.23154667,3755482.96101881
"21230",6056011.291439,3755882.96101881,6056242.23154667,3755682.96101881
"21233",6056011.291439,3755282.96101881,6056242.23154667,3755082.96101881
"21232",6056011.291439,3755482.96101881,6056242.23154667,3755282.96101881
"21235",6056011.291439,3754882.96101881,6056242.23154667,3754682.96101881
"21234",6056011.291439,3755082.96101881,6056242.23154667,3754882.96101881
"21237",6056011.291439,3754482.96101881,6056242.23154667,3754282.96101881
"21236",6056011.291439,3754682.96101881,6056242.23154667,3754482.96101881
"21239",6056011.291439,3754082.96101881,6056242.23154667,3753882.96101881
"21238",6056011.291439,3754282.96101881,6056242.23154667,3754082.96101881
"21241",6056011.291439,3753682.96101881,6056242.23154667,3753482.96101881
"21240",6056011.291439,3753882.96101881,6056242.23154667,3753682.96101881
"21243",6056011.291439,3753282.96101881,6056242.23154667,3753082.96101881
"21242",6056011.291439,3753482.96101881,6056242.23154667,3753282.96101881
"21245",6056011.291439,3752882.96101881,6056242.23154667,3752682.96101881
"21244",6056011.291439,3753082.96101881,6056242.23154667,3752882.96101881
"12559",6046311.80691661,3742882.96101881,6046542.74702429,3742682.96101881
"21247",6056011.291439,3752482.96101881,6056242.23154667,3752282.96101881
"21246",6056011.291439,3752682.96101881,6056242.23154667,3752482.96101881
"12561",6046311.80691661,3742482.96101881,6046542.74702429,3742282.96101881
"12560",6046311.80691661,3742682.96101881,6046542.74702429,3742482.96101881
"12563",6046311.80691661,3742082.96101881,6046542.74702429,3741882.96101881
"12562",6046311.80691661,3742282.96101881,6046542.74702429,3742082.96101881
"12565",6046311.80691661,3741682.96101881,6046542.74702429,3741482.96101881
"12564",6046311.80691661,3741882.96101881,6046542.74702429,3741682.96101881
"12566",6046311.80691661,3741482.96101881,6046542.74702429,3741282.96101881
"20765",6055491.67619673,3755182.96101881,6055722.6163044,3754982.96101881
"20767",6055491.67619673,3754782.96101881,6055722.6163044,3754582.96101881
"20766",6055491.67619673,3754982.96101881,6055722.6163044,3754782.96101881
"20769",6055491.67619673,3754382.96101881,6055722.6163044,3754182.96101881
"20768",6055491.67619673,3754582.96101881,6055722.6163044,3754382.96101881
"20771",6055491.67619673,3753982.96101881,6055722.6163044,3753782.96101881
"20770",6055491.67619673,3754182.96101881,6055722.6163044,3753982.96101881
"20773",6055491.67619673,3753582.96101881,6055722.6163044,3753382.96101881
"20772",6055491.67619673,3753782.96101881,6055722.6163044,3753582.96101881
"20775",6055491.67619673,3753182.96101881,6055722.6163044,3752982.96101881
"20774",6055491.67619673,3753382.96101881,6055722.6163044,3753182.96101881
"20777",6055491.67619673,3752782.96101881,6055722.6163044,3752582.96101881
"20776",6055491.67619673,3752982.96101881,6055722.6163044,3752782.96101881
"20779",6055491.67619673,3752382.96101881,6055722.6163044,3752182.96101881
"20778",6055491.67619673,3752582.96101881,6055722.6163044,3752382.96101881
"20781",6055491.67619673,3751982.96101881,6055722.6163044,3751782.96101881
"20780",6055491.67619673,3752182.96101881,6055722.6163044,3751982.96101881
"20783",6055491.67619673,3751582.96101881,6055722.6163044,3751382.96101881
"20782",6055491.67619673,3751782.96101881,6055722.6163044,3751582.96101881
"20785",6055491.67619673,3751182.96101881,6055722.6163044,3750982.96101881
"20784",6055491.67619673,3751382.96101881,6055722.6163044,3751182.96101881
"20787",6055491.67619673,3750782.96101881,6055722.6163044,3750582.96101881
"20786",6055491.67619673,3750982.96101881,6055722.6163044,3750782.96101881
"20789",6055491.67619673,3750382.96101881,6055722.6163044,3750182.96101881
"20788",6055491.67619673,3750582.96101881,6055722.6163044,3750382.96101881
"20791",6055491.67619673,3749982.96101881,6055722.6163044,3749782.96101881
"20790",6055491.67619673,3750182.96101881,6055722.6163044,3749982.96101881
"20793",6055491.67619673,3749582.96101881,6055722.6163044,3749382.96101881
"20792",6055491.67619673,3749782.96101881,6055722.6163044,3749582.96101881
"20795",6055491.67619673,3749182.96101881,6055722.6163044,3748982.96101881
"20794",6055491.67619673,3749382.96101881,6055722.6163044,3749182.96101881
"20797",6055491.67619673,3748782.96101881,6055722.6163044,3748582.96101881
"20796",6055491.67619673,3748982.96101881,6055722.6163044,3748782.96101881
"20799",6055491.67619673,3748382.96101881,6055722.6163044,3748182.96101881
"20798",6055491.67619673,3748582.96101881,6055722.6163044,3748382.96101881
"20801",6055491.67619673,3747982.96101881,6055722.6163044,3747782.96101881
"20800",6055491.67619673,3748182.96101881,6055722.6163044,3747982.96101881
"20803",6055491.67619673,3747582.96101881,6055722.6163044,3747382.96101881
"20802",6055491.67619673,3747782.96101881,6055722.6163044,3747582.96101881
"20805",6055491.67619673,3747182.96101881,6055722.6163044,3746982.96101881
"20804",6055491.67619673,3747382.96101881,6055722.6163044,3747182.96101881
"20807",6055491.67619673,3746782.96101881,6055722.6163044,3746582.96101881
"20806",6055491.67619673,3746982.96101881,6055722.6163044,3746782.96101881
"20809",6055491.67619673,3746382.96101881,6055722.6163044,3746182.96101881
"20808",6055491.67619673,3746582.96101881,6055722.6163044,3746382.96101881
"20811",6055491.67619673,3745982.96101881,6055722.6163044,3745782.96101881
"20810",6055491.67619673,3746182.96101881,6055722.6163044,3745982.96101881
"20813",6055491.67619673,3745582.96101881,6055722.6163044,3745382.96101881
"20812",6055491.67619673,3745782.96101881,6055722.6163044,3745582.96101881
"20815",6055491.67619673,3745182.96101881,6055722.6163044,3744982.96101881
"20814",6055491.67619673,3745382.96101881,6055722.6163044,3745182.96101881
"20817",6055491.67619673,3744782.96101881,6055722.6163044,3744582.96101881
"20816",6055491.67619673,3744982.96101881,6055722.6163044,3744782.96101881
"20819",6055491.67619673,3744382.96101881,6055722.6163044,3744182.96101881
"20818",6055491.67619673,3744582.96101881,6055722.6163044,3744382.96101881
"20821",6055491.67619673,3743982.96101881,6055722.6163044,3743782.96101881
"20820",6055491.67619673,3744182.96101881,6055722.6163044,3743982.96101881
"20823",6055491.67619673,3743582.96101881,6055722.6163044,3743382.96101881
"20822",6055491.67619673,3743782.96101881,6055722.6163044,3743582.96101881
"20825",6055491.67619673,3743182.96101881,6055722.6163044,3742982.96101881
"20824",6055491.67619673,3743382.96101881,6055722.6163044,3743182.96101881
"20827",6055491.67619673,3742782.96101881,6055722.6163044,3742582.96101881
"20826",6055491.67619673,3742982.96101881,6055722.6163044,3742782.96101881
"20829",6055491.67619673,3742382.96101881,6055722.6163044,3742182.96101881
"20828",6055491.67619673,3742582.96101881,6055722.6163044,3742382.96101881
"20831",6055491.67619673,3741982.96101881,6055722.6163044,3741782.96101881
"20830",6055491.67619673,3742182.96101881,6055722.6163044,3741982.96101881
"20833",6055491.67619673,3741582.96101881,6055722.6163044,3741382.96101881
"20832",6055491.67619673,3741782.96101881,6055722.6163044,3741582.96101881
"20835",6055491.67619673,3741182.96101881,6055722.6163044,3740982.96101881
"20834",6055491.67619673,3741382.96101881,6055722.6163044,3741182.96101881
"20837",6055491.67619673,3740782.96101881,6055722.6163044,3740582.96101881
"20836",6055491.67619673,3740982.96101881,6055722.6163044,3740782.96101881
"20839",6055491.67619673,3740382.96101881,6055722.6163044,3740182.96101881
"20838",6055491.67619673,3740582.96101881,6055722.6163044,3740382.96101881
"20841",6055491.67619673,3739982.96101881,6055722.6163044,3739782.96101881
"20840",6055491.67619673,3740182.96101881,6055722.6163044,3739982.96101881
"20843",6055491.67619673,3739582.96101881,6055722.6163044,3739382.96101881
"20842",6055491.67619673,3739782.96101881,6055722.6163044,3739582.96101881
"20845",6055491.67619673,3739182.96101881,6055722.6163044,3738982.96101881
"20844",6055491.67619673,3739382.96101881,6055722.6163044,3739182.96101881
"20847",6055491.67619673,3738782.96101881,6055722.6163044,3738582.96101881
"20846",6055491.67619673,3738982.96101881,6055722.6163044,3738782.96101881
"20849",6055491.67619673,3738382.96101881,6055722.6163044,3738182.96101881
"20848",6055491.67619673,3738582.96101881,6055722.6163044,3738382.96101881
"20851",6055491.67619673,3737982.96101881,6055722.6163044,3737782.96101881
"20850",6055491.67619673,3738182.96101881,6055722.6163044,3737982.96101881
"20853",6055491.67619673,3737582.96101881,6055722.6163044,3737382.96101881
"20852",6055491.67619673,3737782.96101881,6055722.6163044,3737582.96101881
"20855",6055491.67619673,3737182.96101881,6055722.6163044,3736982.96101881
"20854",6055491.67619673,3737382.96101881,6055722.6163044,3737182.96101881
"20857",6055491.67619673,3736782.96101881,6055722.6163044,3736582.96101881
"20856",6055491.67619673,3736982.96101881,6055722.6163044,3736782.96101881
"20859",6055491.67619673,3736382.96101881,6055722.6163044,3736182.96101881
"20858",6055491.67619673,3736582.96101881,6055722.6163044,3736382.96101881
"20861",6055491.67619673,3735982.96101881,6055722.6163044,3735782.96101881
"20860",6055491.67619673,3736182.96101881,6055722.6163044,3735982.96101881
"20863",6055491.67619673,3735582.96101881,6055722.6163044,3735382.96101881
"20862",6055491.67619673,3735782.96101881,6055722.6163044,3735582.96101881
"20865",6055491.67619673,3735182.96101881,6055722.6163044,3734982.96101881
"20864",6055491.67619673,3735382.96101881,6055722.6163044,3735182.96101881
"20867",6055491.67619673,3734782.96101881,6055722.6163044,3734582.96101881
"20866",6055491.67619673,3734982.96101881,6055722.6163044,3734782.96101881
"20869",6055491.67619673,3734382.96101881,6055722.6163044,3734182.96101881
"20868",6055491.67619673,3734582.96101881,6055722.6163044,3734382.96101881
"20871",6055491.67619673,3733982.96101881,6055722.6163044,3733782.96101881
"20870",6055491.67619673,3734182.96101881,6055722.6163044,3733982.96101881
"20873",6055491.67619673,3733582.96101881,6055722.6163044,3733382.96101881
"20872",6055491.67619673,3733782.96101881,6055722.6163044,3733582.96101881
"20874",6055491.67619673,3733382.96101881,6055722.6163044,3733182.96101881
"12713",6046485.01199737,3743182.96101881,6046715.95210504,3742982.96101881
"12715",6046485.01199737,3742782.96101881,6046715.95210504,3742582.96101881
"12714",6046485.01199737,3742982.96101881,6046715.95210504,3742782.96101881
"12717",6046485.01199737,3742382.96101881,6046715.95210504,3742182.96101881
"12716",6046485.01199737,3742582.96101881,6046715.95210504,3742382.96101881
"12719",6046485.01199737,3741982.96101881,6046715.95210504,3741782.96101881
"12718",6046485.01199737,3742182.96101881,6046715.95210504,3741982.96101881
"12721",6046485.01199737,3741582.96101881,6046715.95210504,3741382.96101881
"12720",6046485.01199737,3741782.96101881,6046715.95210504,3741582.96101881
"12722",6046485.01199737,3741382.96101881,6046715.95210504,3741182.96101881
"20921",6055664.88127748,3755282.96101881,6055895.82138516,3755082.96101881
"20923",6055664.88127748,3754882.96101881,6055895.82138516,3754682.96101881
"20922",6055664.88127748,3755082.96101881,6055895.82138516,3754882.96101881
"20925",6055664.88127748,3754482.96101881,6055895.82138516,3754282.96101881
"20924",6055664.88127748,3754682.96101881,6055895.82138516,3754482.96101881
"20927",6055664.88127748,3754082.96101881,6055895.82138516,3753882.96101881
"20926",6055664.88127748,3754282.96101881,6055895.82138516,3754082.96101881
"20929",6055664.88127748,3753682.96101881,6055895.82138516,3753482.96101881
"20928",6055664.88127748,3753882.96101881,6055895.82138516,3753682.96101881
"20931",6055664.88127748,3753282.96101881,6055895.82138516,3753082.96101881
"20930",6055664.88127748,3753482.96101881,6055895.82138516,3753282.96101881
"20933",6055664.88127748,3752882.96101881,6055895.82138516,3752682.96101881
"20932",6055664.88127748,3753082.96101881,6055895.82138516,3752882.96101881
"20935",6055664.88127748,3752482.96101881,6055895.82138516,3752282.96101881
"20934",6055664.88127748,3752682.96101881,6055895.82138516,3752482.96101881
"20937",6055664.88127748,3752082.96101881,6055895.82138516,3751882.96101881
"20936",6055664.88127748,3752282.96101881,6055895.82138516,3752082.96101881
"20939",6055664.88127748,3751682.96101881,6055895.82138516,3751482.96101881
"20938",6055664.88127748,3751882.96101881,6055895.82138516,3751682.96101881
"20941",6055664.88127748,3751282.96101881,6055895.82138516,3751082.96101881
"20940",6055664.88127748,3751482.96101881,6055895.82138516,3751282.96101881
"20943",6055664.88127748,3750882.96101881,6055895.82138516,3750682.96101881
"20942",6055664.88127748,3751082.96101881,6055895.82138516,3750882.96101881
"20945",6055664.88127748,3750482.96101881,6055895.82138516,3750282.96101881
"20944",6055664.88127748,3750682.96101881,6055895.82138516,3750482.96101881
"20947",6055664.88127748,3750082.96101881,6055895.82138516,3749882.96101881
"20946",6055664.88127748,3750282.96101881,6055895.82138516,3750082.96101881
"20949",6055664.88127748,3749682.96101881,6055895.82138516,3749482.96101881
"20948",6055664.88127748,3749882.96101881,6055895.82138516,3749682.96101881
"20951",6055664.88127748,3749282.96101881,6055895.82138516,3749082.96101881
"20950",6055664.88127748,3749482.96101881,6055895.82138516,3749282.96101881
"20953",6055664.88127748,3748882.96101881,6055895.82138516,3748682.96101881
"20952",6055664.88127748,3749082.96101881,6055895.82138516,3748882.96101881
"20955",6055664.88127748,3748482.96101881,6055895.82138516,3748282.96101881
"20954",6055664.88127748,3748682.96101881,6055895.82138516,3748482.96101881
"20957",6055664.88127748,3748082.96101881,6055895.82138516,3747882.96101881
"20956",6055664.88127748,3748282.96101881,6055895.82138516,3748082.96101881
"20959",6055664.88127748,3747682.96101881,6055895.82138516,3747482.96101881
"20958",6055664.88127748,3747882.96101881,6055895.82138516,3747682.96101881
"20961",6055664.88127748,3747282.96101881,6055895.82138516,3747082.96101881
"20960",6055664.88127748,3747482.96101881,6055895.82138516,3747282.96101881
"20963",6055664.88127748,3746882.96101881,6055895.82138516,3746682.96101881
"20962",6055664.88127748,3747082.96101881,6055895.82138516,3746882.96101881
"20965",6055664.88127748,3746482.96101881,6055895.82138516,3746282.96101881
"20964",6055664.88127748,3746682.96101881,6055895.82138516,3746482.96101881
"20967",6055664.88127748,3746082.96101881,6055895.82138516,3745882.96101881
"20966",6055664.88127748,3746282.96101881,6055895.82138516,3746082.96101881
"20969",6055664.88127748,3745682.96101881,6055895.82138516,3745482.96101881
"20968",6055664.88127748,3745882.96101881,6055895.82138516,3745682.96101881
"20971",6055664.88127748,3745282.96101881,6055895.82138516,3745082.96101881
"20970",6055664.88127748,3745482.96101881,6055895.82138516,3745282.96101881
"20973",6055664.88127748,3744882.96101881,6055895.82138516,3744682.96101881
"20972",6055664.88127748,3745082.96101881,6055895.82138516,3744882.96101881
"20975",6055664.88127748,3744482.96101881,6055895.82138516,3744282.96101881
"20974",6055664.88127748,3744682.96101881,6055895.82138516,3744482.96101881
"20977",6055664.88127748,3744082.96101881,6055895.82138516,3743882.96101881
"20976",6055664.88127748,3744282.96101881,6055895.82138516,3744082.96101881
"20979",6055664.88127748,3743682.96101881,6055895.82138516,3743482.96101881
"20978",6055664.88127748,3743882.96101881,6055895.82138516,3743682.96101881
"20981",6055664.88127748,3743282.96101881,6055895.82138516,3743082.96101881
"20980",6055664.88127748,3743482.96101881,6055895.82138516,3743282.96101881
"20983",6055664.88127748,3742882.96101881,6055895.82138516,3742682.96101881
"20982",6055664.88127748,3743082.96101881,6055895.82138516,3742882.96101881
"20985",6055664.88127748,3742482.96101881,6055895.82138516,3742282.96101881
"20984",6055664.88127748,3742682.96101881,6055895.82138516,3742482.96101881
"20987",6055664.88127748,3742082.96101881,6055895.82138516,3741882.96101881
"20986",6055664.88127748,3742282.96101881,6055895.82138516,3742082.96101881
"20989",6055664.88127748,3741682.96101881,6055895.82138516,3741482.96101881
"20988",6055664.88127748,3741882.96101881,6055895.82138516,3741682.96101881
"20991",6055664.88127748,3741282.96101881,6055895.82138516,3741082.96101881
"20990",6055664.88127748,3741482.96101881,6055895.82138516,3741282.96101881
"20481",6055145.26603521,3749582.96101881,6055376.20614289,3749382.96101881
"20480",6055145.26603521,3749782.96101881,6055376.20614289,3749582.96101881
"20483",6055145.26603521,3749182.96101881,6055376.20614289,3748982.96101881
"20482",6055145.26603521,3749382.96101881,6055376.20614289,3749182.96101881
"20485",6055145.26603521,3748782.96101881,6055376.20614289,3748582.96101881
"20484",6055145.26603521,3748982.96101881,6055376.20614289,3748782.96101881
"20487",6055145.26603521,3748382.96101881,6055376.20614289,3748182.96101881
"20486",6055145.26603521,3748582.96101881,6055376.20614289,3748382.96101881
"20489",6055145.26603521,3747982.96101881,6055376.20614289,3747782.96101881
"20488",6055145.26603521,3748182.96101881,6055376.20614289,3747982.96101881
"20491",6055145.26603521,3747582.96101881,6055376.20614289,3747382.96101881
"20490",6055145.26603521,3747782.96101881,6055376.20614289,3747582.96101881
"20493",6055145.26603521,3747182.96101881,6055376.20614289,3746982.96101881
"20492",6055145.26603521,3747382.96101881,6055376.20614289,3747182.96101881
"20495",6055145.26603521,3746782.96101881,6055376.20614289,3746582.96101881
"20494",6055145.26603521,3746982.96101881,6055376.20614289,3746782.96101881
"20497",6055145.26603521,3746382.96101881,6055376.20614289,3746182.96101881
"20496",6055145.26603521,3746582.96101881,6055376.20614289,3746382.96101881
"20499",6055145.26603521,3745982.96101881,6055376.20614289,3745782.96101881
"20498",6055145.26603521,3746182.96101881,6055376.20614289,3745982.96101881
"20501",6055145.26603521,3745582.96101881,6055376.20614289,3745382.96101881
"20500",6055145.26603521,3745782.96101881,6055376.20614289,3745582.96101881
"20503",6055145.26603521,3745182.96101881,6055376.20614289,3744982.96101881
"20502",6055145.26603521,3745382.96101881,6055376.20614289,3745182.96101881
"20505",6055145.26603521,3744782.96101881,6055376.20614289,3744582.96101881
"20504",6055145.26603521,3744982.96101881,6055376.20614289,3744782.96101881
"20507",6055145.26603521,3744382.96101881,6055376.20614289,3744182.96101881
"20506",6055145.26603521,3744582.96101881,6055376.20614289,3744382.96101881
"20509",6055145.26603521,3743982.96101881,6055376.20614289,3743782.96101881
"20508",6055145.26603521,3744182.96101881,6055376.20614289,3743982.96101881
"20511",6055145.26603521,3743582.96101881,6055376.20614289,3743382.96101881
"20510",6055145.26603521,3743782.96101881,6055376.20614289,3743582.96101881
"20513",6055145.26603521,3743182.96101881,6055376.20614289,3742982.96101881
"20512",6055145.26603521,3743382.96101881,6055376.20614289,3743182.96101881
"20515",6055145.26603521,3742782.96101881,6055376.20614289,3742582.96101881
"20514",6055145.26603521,3742982.96101881,6055376.20614289,3742782.96101881
"20517",6055145.26603521,3742382.96101881,6055376.20614289,3742182.96101881
"20516",6055145.26603521,3742582.96101881,6055376.20614289,3742382.96101881
"20519",6055145.26603521,3741982.96101881,6055376.20614289,3741782.96101881
"20518",6055145.26603521,3742182.96101881,6055376.20614289,3741982.96101881
"20521",6055145.26603521,3741582.96101881,6055376.20614289,3741382.96101881
"20520",6055145.26603521,3741782.96101881,6055376.20614289,3741582.96101881
"20523",6055145.26603521,3741182.96101881,6055376.20614289,3740982.96101881
"20522",6055145.26603521,3741382.96101881,6055376.20614289,3741182.96101881
"20525",6055145.26603521,3740782.96101881,6055376.20614289,3740582.96101881
"20524",6055145.26603521,3740982.96101881,6055376.20614289,3740782.96101881
"20527",6055145.26603521,3740382.96101881,6055376.20614289,3740182.96101881
"20526",6055145.26603521,3740582.96101881,6055376.20614289,3740382.96101881
"20529",6055145.26603521,3739982.96101881,6055376.20614289,3739782.96101881
"20528",6055145.26603521,3740182.96101881,6055376.20614289,3739982.96101881
"20531",6055145.26603521,3739582.96101881,6055376.20614289,3739382.96101881
"20530",6055145.26603521,3739782.96101881,6055376.20614289,3739582.96101881
"20533",6055145.26603521,3739182.96101881,6055376.20614289,3738982.96101881
"20532",6055145.26603521,3739382.96101881,6055376.20614289,3739182.96101881
"20535",6055145.26603521,3738782.96101881,6055376.20614289,3738582.96101881
"20534",6055145.26603521,3738982.96101881,6055376.20614289,3738782.96101881
"20537",6055145.26603521,3738382.96101881,6055376.20614289,3738182.96101881
"20536",6055145.26603521,3738582.96101881,6055376.20614289,3738382.96101881
"20539",6055145.26603521,3737982.96101881,6055376.20614289,3737782.96101881
"20538",6055145.26603521,3738182.96101881,6055376.20614289,3737982.96101881
"20541",6055145.26603521,3737582.96101881,6055376.20614289,3737382.96101881
"20540",6055145.26603521,3737782.96101881,6055376.20614289,3737582.96101881
"20543",6055145.26603521,3737182.96101881,6055376.20614289,3736982.96101881
"20542",6055145.26603521,3737382.96101881,6055376.20614289,3737182.96101881
"20545",6055145.26603521,3736782.96101881,6055376.20614289,3736582.96101881
"20544",6055145.26603521,3736982.96101881,6055376.20614289,3736782.96101881
"20547",6055145.26603521,3736382.96101881,6055376.20614289,3736182.96101881
"20546",6055145.26603521,3736582.96101881,6055376.20614289,3736382.96101881
"20549",6055145.26603521,3735982.96101881,6055376.20614289,3735782.96101881
"20548",6055145.26603521,3736182.96101881,6055376.20614289,3735982.96101881
"20551",6055145.26603521,3735582.96101881,6055376.20614289,3735382.96101881
"20550",6055145.26603521,3735782.96101881,6055376.20614289,3735582.96101881
"20553",6055145.26603521,3735182.96101881,6055376.20614289,3734982.96101881
"20552",6055145.26603521,3735382.96101881,6055376.20614289,3735182.96101881
"20555",6055145.26603521,3734782.96101881,6055376.20614289,3734582.96101881
"20554",6055145.26603521,3734982.96101881,6055376.20614289,3734782.96101881
"20557",6055145.26603521,3734382.96101881,6055376.20614289,3734182.96101881
"20556",6055145.26603521,3734582.96101881,6055376.20614289,3734382.96101881
"20559",6055145.26603521,3733982.96101881,6055376.20614289,3733782.96101881
"20558",6055145.26603521,3734182.96101881,6055376.20614289,3733982.96101881
"20560",6055145.26603521,3733782.96101881,6055376.20614289,3733582.96101881
"12403",6046138.60183585,3742782.96101881,6046369.54194353,3742582.96101881
"12405",6046138.60183585,3742382.96101881,6046369.54194353,3742182.96101881
"12404",6046138.60183585,3742582.96101881,6046369.54194353,3742382.96101881
"12407",6046138.60183585,3741982.96101881,6046369.54194353,3741782.96101881
"12406",6046138.60183585,3742182.96101881,6046369.54194353,3741982.96101881
"12409",6046138.60183585,3741582.96101881,6046369.54194353,3741382.96101881
"12408",6046138.60183585,3741782.96101881,6046369.54194353,3741582.96101881
"20611",6055318.47111597,3754882.96101881,6055549.41122365,3754682.96101881
"20613",6055318.47111597,3754482.96101881,6055549.41122365,3754282.96101881
"20612",6055318.47111597,3754682.96101881,6055549.41122365,3754482.96101881
"20615",6055318.47111597,3754082.96101881,6055549.41122365,3753882.96101881
"20614",6055318.47111597,3754282.96101881,6055549.41122365,3754082.96101881
"20617",6055318.47111597,3753682.96101881,6055549.41122365,3753482.96101881
"20616",6055318.47111597,3753882.96101881,6055549.41122365,3753682.96101881
"20619",6055318.47111597,3753282.96101881,6055549.41122365,3753082.96101881
"20618",6055318.47111597,3753482.96101881,6055549.41122365,3753282.96101881
"20621",6055318.47111597,3752882.96101881,6055549.41122365,3752682.96101881
"20620",6055318.47111597,3753082.96101881,6055549.41122365,3752882.96101881
"20623",6055318.47111597,3752482.96101881,6055549.41122365,3752282.96101881
"20622",6055318.47111597,3752682.96101881,6055549.41122365,3752482.96101881
"20625",6055318.47111597,3752082.96101881,6055549.41122365,3751882.96101881
"20624",6055318.47111597,3752282.96101881,6055549.41122365,3752082.96101881
"20627",6055318.47111597,3751682.96101881,6055549.41122365,3751482.96101881
"20626",6055318.47111597,3751882.96101881,6055549.41122365,3751682.96101881
"20629",6055318.47111597,3751282.96101881,6055549.41122365,3751082.96101881
"20628",6055318.47111597,3751482.96101881,6055549.41122365,3751282.96101881
"20631",6055318.47111597,3750882.96101881,6055549.41122365,3750682.96101881
"20630",6055318.47111597,3751082.96101881,6055549.41122365,3750882.96101881
"20633",6055318.47111597,3750482.96101881,6055549.41122365,3750282.96101881
"20632",6055318.47111597,3750682.96101881,6055549.41122365,3750482.96101881
"20635",6055318.47111597,3750082.96101881,6055549.41122365,3749882.96101881
"20634",6055318.47111597,3750282.96101881,6055549.41122365,3750082.96101881
"20637",6055318.47111597,3749682.96101881,6055549.41122365,3749482.96101881
"20636",6055318.47111597,3749882.96101881,6055549.41122365,3749682.96101881
"20639",6055318.47111597,3749282.96101881,6055549.41122365,3749082.96101881
"20638",6055318.47111597,3749482.96101881,6055549.41122365,3749282.96101881
"20641",6055318.47111597,3748882.96101881,6055549.41122365,3748682.96101881
"20640",6055318.47111597,3749082.96101881,6055549.41122365,3748882.96101881
"20643",6055318.47111597,3748482.96101881,6055549.41122365,3748282.96101881
"20642",6055318.47111597,3748682.96101881,6055549.41122365,3748482.96101881
"20645",6055318.47111597,3748082.96101881,6055549.41122365,3747882.96101881
"20644",6055318.47111597,3748282.96101881,6055549.41122365,3748082.96101881
"20647",6055318.47111597,3747682.96101881,6055549.41122365,3747482.96101881
"20646",6055318.47111597,3747882.96101881,6055549.41122365,3747682.96101881
"20649",6055318.47111597,3747282.96101881,6055549.41122365,3747082.96101881
"20648",6055318.47111597,3747482.96101881,6055549.41122365,3747282.96101881
"20651",6055318.47111597,3746882.96101881,6055549.41122365,3746682.96101881
"20650",6055318.47111597,3747082.96101881,6055549.41122365,3746882.96101881
"20653",6055318.47111597,3746482.96101881,6055549.41122365,3746282.96101881
"20652",6055318.47111597,3746682.96101881,6055549.41122365,3746482.96101881
"20655",6055318.47111597,3746082.96101881,6055549.41122365,3745882.96101881
"20654",6055318.47111597,3746282.96101881,6055549.41122365,3746082.96101881
"20657",6055318.47111597,3745682.96101881,6055549.41122365,3745482.96101881
"20656",6055318.47111597,3745882.96101881,6055549.41122365,3745682.96101881
"20659",6055318.47111597,3745282.96101881,6055549.41122365,3745082.96101881
"20658",6055318.47111597,3745482.96101881,6055549.41122365,3745282.96101881
"20661",6055318.47111597,3744882.96101881,6055549.41122365,3744682.96101881
"20660",6055318.47111597,3745082.96101881,6055549.41122365,3744882.96101881
"20663",6055318.47111597,3744482.96101881,6055549.41122365,3744282.96101881
"20662",6055318.47111597,3744682.96101881,6055549.41122365,3744482.96101881
"20665",6055318.47111597,3744082.96101881,6055549.41122365,3743882.96101881
"20664",6055318.47111597,3744282.96101881,6055549.41122365,3744082.96101881
"20667",6055318.47111597,3743682.96101881,6055549.41122365,3743482.96101881
"20666",6055318.47111597,3743882.96101881,6055549.41122365,3743682.96101881
"20669",6055318.47111597,3743282.96101881,6055549.41122365,3743082.96101881
"20668",6055318.47111597,3743482.96101881,6055549.41122365,3743282.96101881
"20671",6055318.47111597,3742882.96101881,6055549.41122365,3742682.96101881
"20670",6055318.47111597,3743082.96101881,6055549.41122365,3742882.96101881
"20673",6055318.47111597,3742482.96101881,6055549.41122365,3742282.96101881
"20672",6055318.47111597,3742682.96101881,6055549.41122365,3742482.96101881
"20675",6055318.47111597,3742082.96101881,6055549.41122365,3741882.96101881
"20674",6055318.47111597,3742282.96101881,6055549.41122365,3742082.96101881
"20677",6055318.47111597,3741682.96101881,6055549.41122365,3741482.96101881
"20676",6055318.47111597,3741882.96101881,6055549.41122365,3741682.96101881
"20679",6055318.47111597,3741282.96101881,6055549.41122365,3741082.96101881
"20678",6055318.47111597,3741482.96101881,6055549.41122365,3741282.96101881
"20681",6055318.47111597,3740882.96101881,6055549.41122365,3740682.96101881
"20680",6055318.47111597,3741082.96101881,6055549.41122365,3740882.96101881
"20683",6055318.47111597,3740482.96101881,6055549.41122365,3740282.96101881
"20682",6055318.47111597,3740682.96101881,6055549.41122365,3740482.96101881
"20685",6055318.47111597,3740082.96101881,6055549.41122365,3739882.96101881
"20684",6055318.47111597,3740282.96101881,6055549.41122365,3740082.96101881
"20687",6055318.47111597,3739682.96101881,6055549.41122365,3739482.96101881
"20686",6055318.47111597,3739882.96101881,6055549.41122365,3739682.96101881
"20689",6055318.47111597,3739282.96101881,6055549.41122365,3739082.96101881
"20688",6055318.47111597,3739482.96101881,6055549.41122365,3739282.96101881
"20691",6055318.47111597,3738882.96101881,6055549.41122365,3738682.96101881
"20690",6055318.47111597,3739082.96101881,6055549.41122365,3738882.96101881
"20693",6055318.47111597,3738482.96101881,6055549.41122365,3738282.96101881
"20692",6055318.47111597,3738682.96101881,6055549.41122365,3738482.96101881
"20695",6055318.47111597,3738082.96101881,6055549.41122365,3737882.96101881
"20694",6055318.47111597,3738282.96101881,6055549.41122365,3738082.96101881
"20697",6055318.47111597,3737682.96101881,6055549.41122365,3737482.96101881
"20696",6055318.47111597,3737882.96101881,6055549.41122365,3737682.96101881
"20699",6055318.47111597,3737282.96101881,6055549.41122365,3737082.96101881
"20698",6055318.47111597,3737482.96101881,6055549.41122365,3737282.96101881
"20701",6055318.47111597,3736882.96101881,6055549.41122365,3736682.96101881
"20700",6055318.47111597,3737082.96101881,6055549.41122365,3736882.96101881
"20703",6055318.47111597,3736482.96101881,6055549.41122365,3736282.96101881
"20702",6055318.47111597,3736682.96101881,6055549.41122365,3736482.96101881
"20705",6055318.47111597,3736082.96101881,6055549.41122365,3735882.96101881
"20704",6055318.47111597,3736282.96101881,6055549.41122365,3736082.96101881
"20707",6055318.47111597,3735682.96101881,6055549.41122365,3735482.96101881
"20706",6055318.47111597,3735882.96101881,6055549.41122365,3735682.96101881
"20709",6055318.47111597,3735282.96101881,6055549.41122365,3735082.96101881
"20708",6055318.47111597,3735482.96101881,6055549.41122365,3735282.96101881
"20711",6055318.47111597,3734882.96101881,6055549.41122365,3734682.96101881
"20710",6055318.47111597,3735082.96101881,6055549.41122365,3734882.96101881
"20713",6055318.47111597,3734482.96101881,6055549.41122365,3734282.96101881
"20712",6055318.47111597,3734682.96101881,6055549.41122365,3734482.96101881
"20715",6055318.47111597,3734082.96101881,6055549.41122365,3733882.96101881
"20714",6055318.47111597,3734282.96101881,6055549.41122365,3734082.96101881
"20717",6055318.47111597,3733682.96101881,6055549.41122365,3733482.96101881
"20716",6055318.47111597,3733882.96101881,6055549.41122365,3733682.96101881
"20718",6055318.47111597,3733482.96101881,6055549.41122365,3733282.96101881
"20225",6054798.8558737,3738382.96101881,6055029.79598138,3738182.96101881
"20224",6054798.8558737,3738582.96101881,6055029.79598138,3738382.96101881
"20227",6054798.8558737,3737982.96101881,6055029.79598138,3737782.96101881
"20226",6054798.8558737,3738182.96101881,6055029.79598138,3737982.96101881
"20229",6054798.8558737,3737582.96101881,6055029.79598138,3737382.96101881
"20228",6054798.8558737,3737782.96101881,6055029.79598138,3737582.96101881
"20231",6054798.8558737,3737182.96101881,6055029.79598138,3736982.96101881
"20230",6054798.8558737,3737382.96101881,6055029.79598138,3737182.96101881
"20233",6054798.8558737,3736782.96101881,6055029.79598138,3736582.96101881
"20232",6054798.8558737,3736982.96101881,6055029.79598138,3736782.96101881
"20235",6054798.8558737,3736382.96101881,6055029.79598138,3736182.96101881
"20234",6054798.8558737,3736582.96101881,6055029.79598138,3736382.96101881
"20237",6054798.8558737,3735982.96101881,6055029.79598138,3735782.96101881
"20236",6054798.8558737,3736182.96101881,6055029.79598138,3735982.96101881
"20239",6054798.8558737,3735582.96101881,6055029.79598138,3735382.96101881
"20238",6054798.8558737,3735782.96101881,6055029.79598138,3735582.96101881
"20241",6054798.8558737,3735182.96101881,6055029.79598138,3734982.96101881
"20240",6054798.8558737,3735382.96101881,6055029.79598138,3735182.96101881
"20243",6054798.8558737,3734782.96101881,6055029.79598138,3734582.96101881
"20242",6054798.8558737,3734982.96101881,6055029.79598138,3734782.96101881
"20245",6054798.8558737,3734382.96101881,6055029.79598138,3734182.96101881
"20244",6054798.8558737,3734582.96101881,6055029.79598138,3734382.96101881
"20247",6054798.8558737,3733982.96101881,6055029.79598138,3733782.96101881
"20246",6054798.8558737,3734182.96101881,6055029.79598138,3733982.96101881
"12095",6045792.19167434,3741982.96101881,6046023.13178202,3741782.96101881
"12094",6045792.19167434,3742182.96101881,6046023.13178202,3741982.96101881
"20301",6054972.06095446,3754482.96101881,6055203.00106213,3754282.96101881
"20303",6054972.06095446,3754082.96101881,6055203.00106213,3753882.96101881
"20302",6054972.06095446,3754282.96101881,6055203.00106213,3754082.96101881
"20305",6054972.06095446,3753682.96101881,6055203.00106213,3753482.96101881
"20304",6054972.06095446,3753882.96101881,6055203.00106213,3753682.96101881
"20307",6054972.06095446,3753282.96101881,6055203.00106213,3753082.96101881
"20306",6054972.06095446,3753482.96101881,6055203.00106213,3753282.96101881
"20309",6054972.06095446,3752882.96101881,6055203.00106213,3752682.96101881
"20308",6054972.06095446,3753082.96101881,6055203.00106213,3752882.96101881
"20311",6054972.06095446,3752482.96101881,6055203.00106213,3752282.96101881
"20310",6054972.06095446,3752682.96101881,6055203.00106213,3752482.96101881
"20313",6054972.06095446,3752082.96101881,6055203.00106213,3751882.96101881
"20312",6054972.06095446,3752282.96101881,6055203.00106213,3752082.96101881
"20315",6054972.06095446,3751682.96101881,6055203.00106213,3751482.96101881
"20314",6054972.06095446,3751882.96101881,6055203.00106213,3751682.96101881
"20317",6054972.06095446,3751282.96101881,6055203.00106213,3751082.96101881
"20316",6054972.06095446,3751482.96101881,6055203.00106213,3751282.96101881
"20319",6054972.06095446,3750882.96101881,6055203.00106213,3750682.96101881
"20318",6054972.06095446,3751082.96101881,6055203.00106213,3750882.96101881
"20321",6054972.06095446,3750482.96101881,6055203.00106213,3750282.96101881
"20320",6054972.06095446,3750682.96101881,6055203.00106213,3750482.96101881
"20323",6054972.06095446,3750082.96101881,6055203.00106213,3749882.96101881
"20322",6054972.06095446,3750282.96101881,6055203.00106213,3750082.96101881
"20325",6054972.06095446,3749682.96101881,6055203.00106213,3749482.96101881
"20324",6054972.06095446,3749882.96101881,6055203.00106213,3749682.96101881
"20327",6054972.06095446,3749282.96101881,6055203.00106213,3749082.96101881
"20326",6054972.06095446,3749482.96101881,6055203.00106213,3749282.96101881
"20329",6054972.06095446,3748882.96101881,6055203.00106213,3748682.96101881
"20328",6054972.06095446,3749082.96101881,6055203.00106213,3748882.96101881
"20331",6054972.06095446,3748482.96101881,6055203.00106213,3748282.96101881
"20330",6054972.06095446,3748682.96101881,6055203.00106213,3748482.96101881
"20333",6054972.06095446,3748082.96101881,6055203.00106213,3747882.96101881
"20332",6054972.06095446,3748282.96101881,6055203.00106213,3748082.96101881
"20335",6054972.06095446,3747682.96101881,6055203.00106213,3747482.96101881
"20334",6054972.06095446,3747882.96101881,6055203.00106213,3747682.96101881
"20337",6054972.06095446,3747282.96101881,6055203.00106213,3747082.96101881
"20336",6054972.06095446,3747482.96101881,6055203.00106213,3747282.96101881
"20339",6054972.06095446,3746882.96101881,6055203.00106213,3746682.96101881
"20338",6054972.06095446,3747082.96101881,6055203.00106213,3746882.96101881
"20341",6054972.06095446,3746482.96101881,6055203.00106213,3746282.96101881
"20340",6054972.06095446,3746682.96101881,6055203.00106213,3746482.96101881
"20343",6054972.06095446,3746082.96101881,6055203.00106213,3745882.96101881
"20342",6054972.06095446,3746282.96101881,6055203.00106213,3746082.96101881
"20345",6054972.06095446,3745682.96101881,6055203.00106213,3745482.96101881
"20344",6054972.06095446,3745882.96101881,6055203.00106213,3745682.96101881
"20347",6054972.06095446,3745282.96101881,6055203.00106213,3745082.96101881
"20346",6054972.06095446,3745482.96101881,6055203.00106213,3745282.96101881
"20349",6054972.06095446,3744882.96101881,6055203.00106213,3744682.96101881
"20348",6054972.06095446,3745082.96101881,6055203.00106213,3744882.96101881
"20351",6054972.06095446,3744482.96101881,6055203.00106213,3744282.96101881
"20350",6054972.06095446,3744682.96101881,6055203.00106213,3744482.96101881
"20353",6054972.06095446,3744082.96101881,6055203.00106213,3743882.96101881
"20352",6054972.06095446,3744282.96101881,6055203.00106213,3744082.96101881
"20355",6054972.06095446,3743682.96101881,6055203.00106213,3743482.96101881
"20354",6054972.06095446,3743882.96101881,6055203.00106213,3743682.96101881
"20357",6054972.06095446,3743282.96101881,6055203.00106213,3743082.96101881
"20356",6054972.06095446,3743482.96101881,6055203.00106213,3743282.96101881
"20359",6054972.06095446,3742882.96101881,6055203.00106213,3742682.96101881
"20358",6054972.06095446,3743082.96101881,6055203.00106213,3742882.96101881
"20361",6054972.06095446,3742482.96101881,6055203.00106213,3742282.96101881
"20360",6054972.06095446,3742682.96101881,6055203.00106213,3742482.96101881
"20363",6054972.06095446,3742082.96101881,6055203.00106213,3741882.96101881
"20362",6054972.06095446,3742282.96101881,6055203.00106213,3742082.96101881
"20365",6054972.06095446,3741682.96101881,6055203.00106213,3741482.96101881
"20364",6054972.06095446,3741882.96101881,6055203.00106213,3741682.96101881
"20367",6054972.06095446,3741282.96101881,6055203.00106213,3741082.96101881
"20366",6054972.06095446,3741482.96101881,6055203.00106213,3741282.96101881
"20369",6054972.06095446,3740882.96101881,6055203.00106213,3740682.96101881
"20368",6054972.06095446,3741082.96101881,6055203.00106213,3740882.96101881
"20371",6054972.06095446,3740482.96101881,6055203.00106213,3740282.96101881
"20370",6054972.06095446,3740682.96101881,6055203.00106213,3740482.96101881
"20373",6054972.06095446,3740082.96101881,6055203.00106213,3739882.96101881
"20372",6054972.06095446,3740282.96101881,6055203.00106213,3740082.96101881
"20375",6054972.06095446,3739682.96101881,6055203.00106213,3739482.96101881
"20374",6054972.06095446,3739882.96101881,6055203.00106213,3739682.96101881
"20377",6054972.06095446,3739282.96101881,6055203.00106213,3739082.96101881
"20376",6054972.06095446,3739482.96101881,6055203.00106213,3739282.96101881
"20379",6054972.06095446,3738882.96101881,6055203.00106213,3738682.96101881
"20378",6054972.06095446,3739082.96101881,6055203.00106213,3738882.96101881
"20381",6054972.06095446,3738482.96101881,6055203.00106213,3738282.96101881
"20380",6054972.06095446,3738682.96101881,6055203.00106213,3738482.96101881
"20383",6054972.06095446,3738082.96101881,6055203.00106213,3737882.96101881
"20382",6054972.06095446,3738282.96101881,6055203.00106213,3738082.96101881
"20385",6054972.06095446,3737682.96101881,6055203.00106213,3737482.96101881
"20384",6054972.06095446,3737882.96101881,6055203.00106213,3737682.96101881
"20387",6054972.06095446,3737282.96101881,6055203.00106213,3737082.96101881
"20386",6054972.06095446,3737482.96101881,6055203.00106213,3737282.96101881
"20389",6054972.06095446,3736882.96101881,6055203.00106213,3736682.96101881
"20388",6054972.06095446,3737082.96101881,6055203.00106213,3736882.96101881
"20391",6054972.06095446,3736482.96101881,6055203.00106213,3736282.96101881
"20390",6054972.06095446,3736682.96101881,6055203.00106213,3736482.96101881
"20393",6054972.06095446,3736082.96101881,6055203.00106213,3735882.96101881
"20392",6054972.06095446,3736282.96101881,6055203.00106213,3736082.96101881
"20395",6054972.06095446,3735682.96101881,6055203.00106213,3735482.96101881
"20394",6054972.06095446,3735882.96101881,6055203.00106213,3735682.96101881
"20397",6054972.06095446,3735282.96101881,6055203.00106213,3735082.96101881
"20396",6054972.06095446,3735482.96101881,6055203.00106213,3735282.96101881
"20399",6054972.06095446,3734882.96101881,6055203.00106213,3734682.96101881
"20398",6054972.06095446,3735082.96101881,6055203.00106213,3734882.96101881
"20401",6054972.06095446,3734482.96101881,6055203.00106213,3734282.96101881
"20400",6054972.06095446,3734682.96101881,6055203.00106213,3734482.96101881
"20403",6054972.06095446,3734082.96101881,6055203.00106213,3733882.96101881
"20402",6054972.06095446,3734282.96101881,6055203.00106213,3734082.96101881
"20404",6054972.06095446,3733882.96101881,6055203.00106213,3733682.96101881
"12249",6045965.3967551,3742482.96101881,6046196.33686277,3742282.96101881
"12251",6045965.3967551,3742082.96101881,6046196.33686277,3741882.96101881
"12250",6045965.3967551,3742282.96101881,6046196.33686277,3742082.96101881
"12253",6045965.3967551,3741682.96101881,6046196.33686277,3741482.96101881
"12252",6045965.3967551,3741882.96101881,6046196.33686277,3741682.96101881
"20457",6055145.26603521,3754382.96101881,6055376.20614289,3754182.96101881
"20456",6055145.26603521,3754582.96101881,6055376.20614289,3754382.96101881
"20459",6055145.26603521,3753982.96101881,6055376.20614289,3753782.96101881
"20458",6055145.26603521,3754182.96101881,6055376.20614289,3753982.96101881
"20461",6055145.26603521,3753582.96101881,6055376.20614289,3753382.96101881
"20460",6055145.26603521,3753782.96101881,6055376.20614289,3753582.96101881
"20463",6055145.26603521,3753182.96101881,6055376.20614289,3752982.96101881
"20462",6055145.26603521,3753382.96101881,6055376.20614289,3753182.96101881
"20465",6055145.26603521,3752782.96101881,6055376.20614289,3752582.96101881
"20464",6055145.26603521,3752982.96101881,6055376.20614289,3752782.96101881
"20467",6055145.26603521,3752382.96101881,6055376.20614289,3752182.96101881
"20466",6055145.26603521,3752582.96101881,6055376.20614289,3752382.96101881
"20469",6055145.26603521,3751982.96101881,6055376.20614289,3751782.96101881
"20468",6055145.26603521,3752182.96101881,6055376.20614289,3751982.96101881
"20471",6055145.26603521,3751582.96101881,6055376.20614289,3751382.96101881
"20470",6055145.26603521,3751782.96101881,6055376.20614289,3751582.96101881
"20473",6055145.26603521,3751182.96101881,6055376.20614289,3750982.96101881
"20472",6055145.26603521,3751382.96101881,6055376.20614289,3751182.96101881
"20475",6055145.26603521,3750782.96101881,6055376.20614289,3750582.96101881
"20474",6055145.26603521,3750982.96101881,6055376.20614289,3750782.96101881
"20477",6055145.26603521,3750382.96101881,6055376.20614289,3750182.96101881
"20476",6055145.26603521,3750582.96101881,6055376.20614289,3750382.96101881
"20479",6055145.26603521,3749982.96101881,6055376.20614289,3749782.96101881
"20478",6055145.26603521,3750182.96101881,6055376.20614289,3749982.96101881
"19991",6054625.65079294,3754082.96101881,6054856.59090062,3753882.96101881
"19993",6054625.65079294,3753682.96101881,6054856.59090062,3753482.96101881
"19992",6054625.65079294,3753882.96101881,6054856.59090062,3753682.96101881
"19995",6054625.65079294,3753282.96101881,6054856.59090062,3753082.96101881
"19994",6054625.65079294,3753482.96101881,6054856.59090062,3753282.96101881
"19997",6054625.65079294,3752882.96101881,6054856.59090062,3752682.96101881
"19996",6054625.65079294,3753082.96101881,6054856.59090062,3752882.96101881
"19999",6054625.65079294,3752482.96101881,6054856.59090062,3752282.96101881
"19998",6054625.65079294,3752682.96101881,6054856.59090062,3752482.96101881
"20001",6054625.65079294,3752082.96101881,6054856.59090062,3751882.96101881
"20000",6054625.65079294,3752282.96101881,6054856.59090062,3752082.96101881
"20003",6054625.65079294,3751682.96101881,6054856.59090062,3751482.96101881
"20002",6054625.65079294,3751882.96101881,6054856.59090062,3751682.96101881
"20005",6054625.65079294,3751282.96101881,6054856.59090062,3751082.96101881
"20004",6054625.65079294,3751482.96101881,6054856.59090062,3751282.96101881
"20007",6054625.65079294,3750882.96101881,6054856.59090062,3750682.96101881
"20006",6054625.65079294,3751082.96101881,6054856.59090062,3750882.96101881
"20009",6054625.65079294,3750482.96101881,6054856.59090062,3750282.96101881
"20008",6054625.65079294,3750682.96101881,6054856.59090062,3750482.96101881
"20011",6054625.65079294,3750082.96101881,6054856.59090062,3749882.96101881
"20010",6054625.65079294,3750282.96101881,6054856.59090062,3750082.96101881
"20013",6054625.65079294,3749682.96101881,6054856.59090062,3749482.96101881
"20012",6054625.65079294,3749882.96101881,6054856.59090062,3749682.96101881
"20015",6054625.65079294,3749282.96101881,6054856.59090062,3749082.96101881
"20014",6054625.65079294,3749482.96101881,6054856.59090062,3749282.96101881
"20017",6054625.65079294,3748882.96101881,6054856.59090062,3748682.96101881
"20016",6054625.65079294,3749082.96101881,6054856.59090062,3748882.96101881
"20019",6054625.65079294,3748482.96101881,6054856.59090062,3748282.96101881
"20018",6054625.65079294,3748682.96101881,6054856.59090062,3748482.96101881
"20021",6054625.65079294,3748082.96101881,6054856.59090062,3747882.96101881
"20020",6054625.65079294,3748282.96101881,6054856.59090062,3748082.96101881
"20023",6054625.65079294,3747682.96101881,6054856.59090062,3747482.96101881
"20022",6054625.65079294,3747882.96101881,6054856.59090062,3747682.96101881
"20025",6054625.65079294,3747282.96101881,6054856.59090062,3747082.96101881
"20024",6054625.65079294,3747482.96101881,6054856.59090062,3747282.96101881
"20027",6054625.65079294,3746882.96101881,6054856.59090062,3746682.96101881
"20026",6054625.65079294,3747082.96101881,6054856.59090062,3746882.96101881
"20029",6054625.65079294,3746482.96101881,6054856.59090062,3746282.96101881
"20028",6054625.65079294,3746682.96101881,6054856.59090062,3746482.96101881
"20031",6054625.65079294,3746082.96101881,6054856.59090062,3745882.96101881
"20030",6054625.65079294,3746282.96101881,6054856.59090062,3746082.96101881
"20033",6054625.65079294,3745682.96101881,6054856.59090062,3745482.96101881
"20032",6054625.65079294,3745882.96101881,6054856.59090062,3745682.96101881
"20035",6054625.65079294,3745282.96101881,6054856.59090062,3745082.96101881
"20034",6054625.65079294,3745482.96101881,6054856.59090062,3745282.96101881
"20037",6054625.65079294,3744882.96101881,6054856.59090062,3744682.96101881
"20036",6054625.65079294,3745082.96101881,6054856.59090062,3744882.96101881
"20039",6054625.65079294,3744482.96101881,6054856.59090062,3744282.96101881
"20038",6054625.65079294,3744682.96101881,6054856.59090062,3744482.96101881
"20041",6054625.65079294,3744082.96101881,6054856.59090062,3743882.96101881
"20040",6054625.65079294,3744282.96101881,6054856.59090062,3744082.96101881
"20043",6054625.65079294,3743682.96101881,6054856.59090062,3743482.96101881
"20042",6054625.65079294,3743882.96101881,6054856.59090062,3743682.96101881
"20045",6054625.65079294,3743282.96101881,6054856.59090062,3743082.96101881
"20044",6054625.65079294,3743482.96101881,6054856.59090062,3743282.96101881
"20047",6054625.65079294,3742882.96101881,6054856.59090062,3742682.96101881
"20046",6054625.65079294,3743082.96101881,6054856.59090062,3742882.96101881
"20049",6054625.65079294,3742482.96101881,6054856.59090062,3742282.96101881
"20048",6054625.65079294,3742682.96101881,6054856.59090062,3742482.96101881
"20051",6054625.65079294,3742082.96101881,6054856.59090062,3741882.96101881
"20050",6054625.65079294,3742282.96101881,6054856.59090062,3742082.96101881
"20053",6054625.65079294,3741682.96101881,6054856.59090062,3741482.96101881
"20052",6054625.65079294,3741882.96101881,6054856.59090062,3741682.96101881
"20055",6054625.65079294,3741282.96101881,6054856.59090062,3741082.96101881
"20054",6054625.65079294,3741482.96101881,6054856.59090062,3741282.96101881
"20057",6054625.65079294,3740882.96101881,6054856.59090062,3740682.96101881
"20056",6054625.65079294,3741082.96101881,6054856.59090062,3740882.96101881
"20059",6054625.65079294,3740482.96101881,6054856.59090062,3740282.96101881
"20058",6054625.65079294,3740682.96101881,6054856.59090062,3740482.96101881
"20061",6054625.65079294,3740082.96101881,6054856.59090062,3739882.96101881
"20060",6054625.65079294,3740282.96101881,6054856.59090062,3740082.96101881
"20063",6054625.65079294,3739682.96101881,6054856.59090062,3739482.96101881
"20062",6054625.65079294,3739882.96101881,6054856.59090062,3739682.96101881
"20065",6054625.65079294,3739282.96101881,6054856.59090062,3739082.96101881
"20064",6054625.65079294,3739482.96101881,6054856.59090062,3739282.96101881
"20067",6054625.65079294,3738882.96101881,6054856.59090062,3738682.96101881
"20066",6054625.65079294,3739082.96101881,6054856.59090062,3738882.96101881
"20069",6054625.65079294,3738482.96101881,6054856.59090062,3738282.96101881
"20068",6054625.65079294,3738682.96101881,6054856.59090062,3738482.96101881
"20071",6054625.65079294,3738082.96101881,6054856.59090062,3737882.96101881
"20070",6054625.65079294,3738282.96101881,6054856.59090062,3738082.96101881
"20073",6054625.65079294,3737682.96101881,6054856.59090062,3737482.96101881
"20072",6054625.65079294,3737882.96101881,6054856.59090062,3737682.96101881
"20075",6054625.65079294,3737282.96101881,6054856.59090062,3737082.96101881
"20074",6054625.65079294,3737482.96101881,6054856.59090062,3737282.96101881
"20077",6054625.65079294,3736882.96101881,6054856.59090062,3736682.96101881
"20076",6054625.65079294,3737082.96101881,6054856.59090062,3736882.96101881
"20079",6054625.65079294,3736482.96101881,6054856.59090062,3736282.96101881
"20078",6054625.65079294,3736682.96101881,6054856.59090062,3736482.96101881
"20081",6054625.65079294,3736082.96101881,6054856.59090062,3735882.96101881
"20080",6054625.65079294,3736282.96101881,6054856.59090062,3736082.96101881
"20083",6054625.65079294,3735682.96101881,6054856.59090062,3735482.96101881
"20082",6054625.65079294,3735882.96101881,6054856.59090062,3735682.96101881
"20085",6054625.65079294,3735282.96101881,6054856.59090062,3735082.96101881
"20084",6054625.65079294,3735482.96101881,6054856.59090062,3735282.96101881
"20087",6054625.65079294,3734882.96101881,6054856.59090062,3734682.96101881
"20086",6054625.65079294,3735082.96101881,6054856.59090062,3734882.96101881
"20089",6054625.65079294,3734482.96101881,6054856.59090062,3734282.96101881
"20088",6054625.65079294,3734682.96101881,6054856.59090062,3734482.96101881
"20091",6054625.65079294,3734082.96101881,6054856.59090062,3733882.96101881
"20090",6054625.65079294,3734282.96101881,6054856.59090062,3734082.96101881
"11939",6045618.98659358,3742082.96101881,6045849.92670126,3741882.96101881
"20147",6054798.8558737,3753982.96101881,6055029.79598138,3753782.96101881
"20146",6054798.8558737,3754182.96101881,6055029.79598138,3753982.96101881
"20149",6054798.8558737,3753582.96101881,6055029.79598138,3753382.96101881
"20148",6054798.8558737,3753782.96101881,6055029.79598138,3753582.96101881
"20151",6054798.8558737,3753182.96101881,6055029.79598138,3752982.96101881
"20150",6054798.8558737,3753382.96101881,6055029.79598138,3753182.96101881
"20153",6054798.8558737,3752782.96101881,6055029.79598138,3752582.96101881
"20152",6054798.8558737,3752982.96101881,6055029.79598138,3752782.96101881
"20155",6054798.8558737,3752382.96101881,6055029.79598138,3752182.96101881
"20154",6054798.8558737,3752582.96101881,6055029.79598138,3752382.96101881
"20157",6054798.8558737,3751982.96101881,6055029.79598138,3751782.96101881
"20156",6054798.8558737,3752182.96101881,6055029.79598138,3751982.96101881
"20159",6054798.8558737,3751582.96101881,6055029.79598138,3751382.96101881
"20158",6054798.8558737,3751782.96101881,6055029.79598138,3751582.96101881
"20161",6054798.8558737,3751182.96101881,6055029.79598138,3750982.96101881
"20160",6054798.8558737,3751382.96101881,6055029.79598138,3751182.96101881
"20163",6054798.8558737,3750782.96101881,6055029.79598138,3750582.96101881
"20162",6054798.8558737,3750982.96101881,6055029.79598138,3750782.96101881
"20165",6054798.8558737,3750382.96101881,6055029.79598138,3750182.96101881
"20164",6054798.8558737,3750582.96101881,6055029.79598138,3750382.96101881
"20167",6054798.8558737,3749982.96101881,6055029.79598138,3749782.96101881
"20166",6054798.8558737,3750182.96101881,6055029.79598138,3749982.96101881
"20169",6054798.8558737,3749582.96101881,6055029.79598138,3749382.96101881
"20168",6054798.8558737,3749782.96101881,6055029.79598138,3749582.96101881
"20171",6054798.8558737,3749182.96101881,6055029.79598138,3748982.96101881
"20170",6054798.8558737,3749382.96101881,6055029.79598138,3749182.96101881
"20173",6054798.8558737,3748782.96101881,6055029.79598138,3748582.96101881
"20172",6054798.8558737,3748982.96101881,6055029.79598138,3748782.96101881
"20175",6054798.8558737,3748382.96101881,6055029.79598138,3748182.96101881
"20174",6054798.8558737,3748582.96101881,6055029.79598138,3748382.96101881
"20177",6054798.8558737,3747982.96101881,6055029.79598138,3747782.96101881
"20176",6054798.8558737,3748182.96101881,6055029.79598138,3747982.96101881
"20179",6054798.8558737,3747582.96101881,6055029.79598138,3747382.96101881
"20178",6054798.8558737,3747782.96101881,6055029.79598138,3747582.96101881
"20181",6054798.8558737,3747182.96101881,6055029.79598138,3746982.96101881
"20180",6054798.8558737,3747382.96101881,6055029.79598138,3747182.96101881
"20183",6054798.8558737,3746782.96101881,6055029.79598138,3746582.96101881
"20182",6054798.8558737,3746982.96101881,6055029.79598138,3746782.96101881
"20185",6054798.8558737,3746382.96101881,6055029.79598138,3746182.96101881
"20184",6054798.8558737,3746582.96101881,6055029.79598138,3746382.96101881
"20187",6054798.8558737,3745982.96101881,6055029.79598138,3745782.96101881
"20186",6054798.8558737,3746182.96101881,6055029.79598138,3745982.96101881
"20189",6054798.8558737,3745582.96101881,6055029.79598138,3745382.96101881
"20188",6054798.8558737,3745782.96101881,6055029.79598138,3745582.96101881
"20191",6054798.8558737,3745182.96101881,6055029.79598138,3744982.96101881
"20190",6054798.8558737,3745382.96101881,6055029.79598138,3745182.96101881
"20193",6054798.8558737,3744782.96101881,6055029.79598138,3744582.96101881
"20192",6054798.8558737,3744982.96101881,6055029.79598138,3744782.96101881
"20195",6054798.8558737,3744382.96101881,6055029.79598138,3744182.96101881
"20194",6054798.8558737,3744582.96101881,6055029.79598138,3744382.96101881
"20197",6054798.8558737,3743982.96101881,6055029.79598138,3743782.96101881
"20196",6054798.8558737,3744182.96101881,6055029.79598138,3743982.96101881
"20199",6054798.8558737,3743582.96101881,6055029.79598138,3743382.96101881
"20198",6054798.8558737,3743782.96101881,6055029.79598138,3743582.96101881
"20201",6054798.8558737,3743182.96101881,6055029.79598138,3742982.96101881
"20200",6054798.8558737,3743382.96101881,6055029.79598138,3743182.96101881
"20203",6054798.8558737,3742782.96101881,6055029.79598138,3742582.96101881
"20202",6054798.8558737,3742982.96101881,6055029.79598138,3742782.96101881
"20205",6054798.8558737,3742382.96101881,6055029.79598138,3742182.96101881
"20204",6054798.8558737,3742582.96101881,6055029.79598138,3742382.96101881
"20207",6054798.8558737,3741982.96101881,6055029.79598138,3741782.96101881
"20206",6054798.8558737,3742182.96101881,6055029.79598138,3741982.96101881
"20209",6054798.8558737,3741582.96101881,6055029.79598138,3741382.96101881
"20208",6054798.8558737,3741782.96101881,6055029.79598138,3741582.96101881
"20211",6054798.8558737,3741182.96101881,6055029.79598138,3740982.96101881
"20210",6054798.8558737,3741382.96101881,6055029.79598138,3741182.96101881
"20213",6054798.8558737,3740782.96101881,6055029.79598138,3740582.96101881
"20212",6054798.8558737,3740982.96101881,6055029.79598138,3740782.96101881
"20215",6054798.8558737,3740382.96101881,6055029.79598138,3740182.96101881
"20214",6054798.8558737,3740582.96101881,6055029.79598138,3740382.96101881
"20217",6054798.8558737,3739982.96101881,6055029.79598138,3739782.96101881
"20216",6054798.8558737,3740182.96101881,6055029.79598138,3739982.96101881
"20219",6054798.8558737,3739582.96101881,6055029.79598138,3739382.96101881
"20218",6054798.8558737,3739782.96101881,6055029.79598138,3739582.96101881
"20221",6054798.8558737,3739182.96101881,6055029.79598138,3738982.96101881
"20220",6054798.8558737,3739382.96101881,6055029.79598138,3739182.96101881
"20223",6054798.8558737,3738782.96101881,6055029.79598138,3738582.96101881
"20222",6054798.8558737,3738982.96101881,6055029.79598138,3738782.96101881
"19713",6054279.24063143,3747282.96101881,6054510.1807391,3747082.96101881
"19712",6054279.24063143,3747482.96101881,6054510.1807391,3747282.96101881
"19715",6054279.24063143,3746882.96101881,6054510.1807391,3746682.96101881
"19714",6054279.24063143,3747082.96101881,6054510.1807391,3746882.96101881
"19717",6054279.24063143,3746482.96101881,6054510.1807391,3746282.96101881
"19716",6054279.24063143,3746682.96101881,6054510.1807391,3746482.96101881
"19719",6054279.24063143,3746082.96101881,6054510.1807391,3745882.96101881
"19718",6054279.24063143,3746282.96101881,6054510.1807391,3746082.96101881
"19721",6054279.24063143,3745682.96101881,6054510.1807391,3745482.96101881
"19720",6054279.24063143,3745882.96101881,6054510.1807391,3745682.96101881
"19723",6054279.24063143,3745282.96101881,6054510.1807391,3745082.96101881
"19722",6054279.24063143,3745482.96101881,6054510.1807391,3745282.96101881
"19725",6054279.24063143,3744882.96101881,6054510.1807391,3744682.96101881
"19724",6054279.24063143,3745082.96101881,6054510.1807391,3744882.96101881
"19727",6054279.24063143,3744482.96101881,6054510.1807391,3744282.96101881
"19726",6054279.24063143,3744682.96101881,6054510.1807391,3744482.96101881
"19729",6054279.24063143,3744082.96101881,6054510.1807391,3743882.96101881
"19728",6054279.24063143,3744282.96101881,6054510.1807391,3744082.96101881
"19731",6054279.24063143,3743682.96101881,6054510.1807391,3743482.96101881
"19730",6054279.24063143,3743882.96101881,6054510.1807391,3743682.96101881
"19733",6054279.24063143,3743282.96101881,6054510.1807391,3743082.96101881
"19732",6054279.24063143,3743482.96101881,6054510.1807391,3743282.96101881
"19735",6054279.24063143,3742882.96101881,6054510.1807391,3742682.96101881
"19734",6054279.24063143,3743082.96101881,6054510.1807391,3742882.96101881
"19737",6054279.24063143,3742482.96101881,6054510.1807391,3742282.96101881
"19736",6054279.24063143,3742682.96101881,6054510.1807391,3742482.96101881
"19739",6054279.24063143,3742082.96101881,6054510.1807391,3741882.96101881
"19738",6054279.24063143,3742282.96101881,6054510.1807391,3742082.96101881
"19741",6054279.24063143,3741682.96101881,6054510.1807391,3741482.96101881
"19740",6054279.24063143,3741882.96101881,6054510.1807391,3741682.96101881
"19743",6054279.24063143,3741282.96101881,6054510.1807391,3741082.96101881
"19742",6054279.24063143,3741482.96101881,6054510.1807391,3741282.96101881
"19745",6054279.24063143,3740882.96101881,6054510.1807391,3740682.96101881
"19744",6054279.24063143,3741082.96101881,6054510.1807391,3740882.96101881
"19747",6054279.24063143,3740482.96101881,6054510.1807391,3740282.96101881
"19746",6054279.24063143,3740682.96101881,6054510.1807391,3740482.96101881
"19749",6054279.24063143,3740082.96101881,6054510.1807391,3739882.96101881
"19748",6054279.24063143,3740282.96101881,6054510.1807391,3740082.96101881
"19751",6054279.24063143,3739682.96101881,6054510.1807391,3739482.96101881
"19750",6054279.24063143,3739882.96101881,6054510.1807391,3739682.96101881
"19753",6054279.24063143,3739282.96101881,6054510.1807391,3739082.96101881
"19752",6054279.24063143,3739482.96101881,6054510.1807391,3739282.96101881
"19755",6054279.24063143,3738882.96101881,6054510.1807391,3738682.96101881
"19754",6054279.24063143,3739082.96101881,6054510.1807391,3738882.96101881
"19757",6054279.24063143,3738482.96101881,6054510.1807391,3738282.96101881
"19756",6054279.24063143,3738682.96101881,6054510.1807391,3738482.96101881
"19759",6054279.24063143,3738082.96101881,6054510.1807391,3737882.96101881
"19758",6054279.24063143,3738282.96101881,6054510.1807391,3738082.96101881
"19761",6054279.24063143,3737682.96101881,6054510.1807391,3737482.96101881
"19760",6054279.24063143,3737882.96101881,6054510.1807391,3737682.96101881
"19763",6054279.24063143,3737282.96101881,6054510.1807391,3737082.96101881
"19762",6054279.24063143,3737482.96101881,6054510.1807391,3737282.96101881
"19765",6054279.24063143,3736882.96101881,6054510.1807391,3736682.96101881
"19764",6054279.24063143,3737082.96101881,6054510.1807391,3736882.96101881
"19767",6054279.24063143,3736482.96101881,6054510.1807391,3736282.96101881
"19766",6054279.24063143,3736682.96101881,6054510.1807391,3736482.96101881
"19769",6054279.24063143,3736082.96101881,6054510.1807391,3735882.96101881
"19768",6054279.24063143,3736282.96101881,6054510.1807391,3736082.96101881
"19771",6054279.24063143,3735682.96101881,6054510.1807391,3735482.96101881
"19770",6054279.24063143,3735882.96101881,6054510.1807391,3735682.96101881
"19773",6054279.24063143,3735282.96101881,6054510.1807391,3735082.96101881
"19772",6054279.24063143,3735482.96101881,6054510.1807391,3735282.96101881
"19775",6054279.24063143,3734882.96101881,6054510.1807391,3734682.96101881
"19774",6054279.24063143,3735082.96101881,6054510.1807391,3734882.96101881
"19777",6054279.24063143,3734482.96101881,6054510.1807391,3734282.96101881
"19776",6054279.24063143,3734682.96101881,6054510.1807391,3734482.96101881
"19837",6054452.44571219,3753582.96101881,6054683.38581986,3753382.96101881
"19836",6054452.44571219,3753782.96101881,6054683.38581986,3753582.96101881
"19839",6054452.44571219,3753182.96101881,6054683.38581986,3752982.96101881
"19838",6054452.44571219,3753382.96101881,6054683.38581986,3753182.96101881
"19841",6054452.44571219,3752782.96101881,6054683.38581986,3752582.96101881
"19840",6054452.44571219,3752982.96101881,6054683.38581986,3752782.96101881
"19843",6054452.44571219,3752382.96101881,6054683.38581986,3752182.96101881
"19842",6054452.44571219,3752582.96101881,6054683.38581986,3752382.96101881
"19845",6054452.44571219,3751982.96101881,6054683.38581986,3751782.96101881
"19844",6054452.44571219,3752182.96101881,6054683.38581986,3751982.96101881
"19847",6054452.44571219,3751582.96101881,6054683.38581986,3751382.96101881
"19846",6054452.44571219,3751782.96101881,6054683.38581986,3751582.96101881
"19849",6054452.44571219,3751182.96101881,6054683.38581986,3750982.96101881
"19848",6054452.44571219,3751382.96101881,6054683.38581986,3751182.96101881
"19851",6054452.44571219,3750782.96101881,6054683.38581986,3750582.96101881
"19850",6054452.44571219,3750982.96101881,6054683.38581986,3750782.96101881
"19853",6054452.44571219,3750382.96101881,6054683.38581986,3750182.96101881
"19852",6054452.44571219,3750582.96101881,6054683.38581986,3750382.96101881
"19855",6054452.44571219,3749982.96101881,6054683.38581986,3749782.96101881
"19854",6054452.44571219,3750182.96101881,6054683.38581986,3749982.96101881
"19857",6054452.44571219,3749582.96101881,6054683.38581986,3749382.96101881
"19856",6054452.44571219,3749782.96101881,6054683.38581986,3749582.96101881
"19859",6054452.44571219,3749182.96101881,6054683.38581986,3748982.96101881
"19858",6054452.44571219,3749382.96101881,6054683.38581986,3749182.96101881
"19861",6054452.44571219,3748782.96101881,6054683.38581986,3748582.96101881
"19860",6054452.44571219,3748982.96101881,6054683.38581986,3748782.96101881
"19863",6054452.44571219,3748382.96101881,6054683.38581986,3748182.96101881
"19862",6054452.44571219,3748582.96101881,6054683.38581986,3748382.96101881
"19865",6054452.44571219,3747982.96101881,6054683.38581986,3747782.96101881
"19864",6054452.44571219,3748182.96101881,6054683.38581986,3747982.96101881
"19867",6054452.44571219,3747582.96101881,6054683.38581986,3747382.96101881
"19866",6054452.44571219,3747782.96101881,6054683.38581986,3747582.96101881
"19869",6054452.44571219,3747182.96101881,6054683.38581986,3746982.96101881
"19868",6054452.44571219,3747382.96101881,6054683.38581986,3747182.96101881
"19871",6054452.44571219,3746782.96101881,6054683.38581986,3746582.96101881
"19870",6054452.44571219,3746982.96101881,6054683.38581986,3746782.96101881
"19873",6054452.44571219,3746382.96101881,6054683.38581986,3746182.96101881
"19872",6054452.44571219,3746582.96101881,6054683.38581986,3746382.96101881
"19875",6054452.44571219,3745982.96101881,6054683.38581986,3745782.96101881
"19874",6054452.44571219,3746182.96101881,6054683.38581986,3745982.96101881
"19877",6054452.44571219,3745582.96101881,6054683.38581986,3745382.96101881
"19876",6054452.44571219,3745782.96101881,6054683.38581986,3745582.96101881
"19879",6054452.44571219,3745182.96101881,6054683.38581986,3744982.96101881
"19878",6054452.44571219,3745382.96101881,6054683.38581986,3745182.96101881
"19881",6054452.44571219,3744782.96101881,6054683.38581986,3744582.96101881
"19880",6054452.44571219,3744982.96101881,6054683.38581986,3744782.96101881
"19883",6054452.44571219,3744382.96101881,6054683.38581986,3744182.96101881
"19882",6054452.44571219,3744582.96101881,6054683.38581986,3744382.96101881
"19885",6054452.44571219,3743982.96101881,6054683.38581986,3743782.96101881
"19884",6054452.44571219,3744182.96101881,6054683.38581986,3743982.96101881
"19887",6054452.44571219,3743582.96101881,6054683.38581986,3743382.96101881
"19886",6054452.44571219,3743782.96101881,6054683.38581986,3743582.96101881
"19889",6054452.44571219,3743182.96101881,6054683.38581986,3742982.96101881
"19888",6054452.44571219,3743382.96101881,6054683.38581986,3743182.96101881
"19891",6054452.44571219,3742782.96101881,6054683.38581986,3742582.96101881
"19890",6054452.44571219,3742982.96101881,6054683.38581986,3742782.96101881
"19893",6054452.44571219,3742382.96101881,6054683.38581986,3742182.96101881
"19892",6054452.44571219,3742582.96101881,6054683.38581986,3742382.96101881
"19895",6054452.44571219,3741982.96101881,6054683.38581986,3741782.96101881
"19894",6054452.44571219,3742182.96101881,6054683.38581986,3741982.96101881
"19897",6054452.44571219,3741582.96101881,6054683.38581986,3741382.96101881
"19896",6054452.44571219,3741782.96101881,6054683.38581986,3741582.96101881
"19899",6054452.44571219,3741182.96101881,6054683.38581986,3740982.96101881
"19898",6054452.44571219,3741382.96101881,6054683.38581986,3741182.96101881
"19901",6054452.44571219,3740782.96101881,6054683.38581986,3740582.96101881
"19900",6054452.44571219,3740982.96101881,6054683.38581986,3740782.96101881
"19903",6054452.44571219,3740382.96101881,6054683.38581986,3740182.96101881
"19902",6054452.44571219,3740582.96101881,6054683.38581986,3740382.96101881
"19905",6054452.44571219,3739982.96101881,6054683.38581986,3739782.96101881
"19904",6054452.44571219,3740182.96101881,6054683.38581986,3739982.96101881
"19907",6054452.44571219,3739582.96101881,6054683.38581986,3739382.96101881
"19906",6054452.44571219,3739782.96101881,6054683.38581986,3739582.96101881
"19909",6054452.44571219,3739182.96101881,6054683.38581986,3738982.96101881
"19908",6054452.44571219,3739382.96101881,6054683.38581986,3739182.96101881
"19911",6054452.44571219,3738782.96101881,6054683.38581986,3738582.96101881
"19910",6054452.44571219,3738982.96101881,6054683.38581986,3738782.96101881
"19913",6054452.44571219,3738382.96101881,6054683.38581986,3738182.96101881
"19912",6054452.44571219,3738582.96101881,6054683.38581986,3738382.96101881
"19915",6054452.44571219,3737982.96101881,6054683.38581986,3737782.96101881
"19914",6054452.44571219,3738182.96101881,6054683.38581986,3737982.96101881
"19917",6054452.44571219,3737582.96101881,6054683.38581986,3737382.96101881
"19916",6054452.44571219,3737782.96101881,6054683.38581986,3737582.96101881
"19919",6054452.44571219,3737182.96101881,6054683.38581986,3736982.96101881
"19918",6054452.44571219,3737382.96101881,6054683.38581986,3737182.96101881
"19921",6054452.44571219,3736782.96101881,6054683.38581986,3736582.96101881
"19920",6054452.44571219,3736982.96101881,6054683.38581986,3736782.96101881
"19923",6054452.44571219,3736382.96101881,6054683.38581986,3736182.96101881
"19922",6054452.44571219,3736582.96101881,6054683.38581986,3736382.96101881
"19925",6054452.44571219,3735982.96101881,6054683.38581986,3735782.96101881
"19924",6054452.44571219,3736182.96101881,6054683.38581986,3735982.96101881
"19927",6054452.44571219,3735582.96101881,6054683.38581986,3735382.96101881
"19926",6054452.44571219,3735782.96101881,6054683.38581986,3735582.96101881
"19929",6054452.44571219,3735182.96101881,6054683.38581986,3734982.96101881
"19928",6054452.44571219,3735382.96101881,6054683.38581986,3735182.96101881
"19931",6054452.44571219,3734782.96101881,6054683.38581986,3734582.96101881
"19930",6054452.44571219,3734982.96101881,6054683.38581986,3734782.96101881
"19933",6054452.44571219,3734382.96101881,6054683.38581986,3734182.96101881
"19932",6054452.44571219,3734582.96101881,6054683.38581986,3734382.96101881
"19457",6053932.83046991,3736082.96101881,6054163.77057759,3735882.96101881
"19456",6053932.83046991,3736282.96101881,6054163.77057759,3736082.96101881
"19459",6053932.83046991,3735682.96101881,6054163.77057759,3735482.96101881
"19458",6053932.83046991,3735882.96101881,6054163.77057759,3735682.96101881
"19461",6053932.83046991,3735282.96101881,6054163.77057759,3735082.96101881
"19460",6053932.83046991,3735482.96101881,6054163.77057759,3735282.96101881
"19463",6053932.83046991,3734882.96101881,6054163.77057759,3734682.96101881
"19462",6053932.83046991,3735082.96101881,6054163.77057759,3734882.96101881
"19464",6053932.83046991,3734682.96101881,6054163.77057759,3734482.96101881
"19527",6054106.03555067,3753182.96101881,6054336.97565835,3752982.96101881
"19526",6054106.03555067,3753382.96101881,6054336.97565835,3753182.96101881
"19529",6054106.03555067,3752782.96101881,6054336.97565835,3752582.96101881
"19528",6054106.03555067,3752982.96101881,6054336.97565835,3752782.96101881
"19531",6054106.03555067,3752382.96101881,6054336.97565835,3752182.96101881
"19530",6054106.03555067,3752582.96101881,6054336.97565835,3752382.96101881
"19533",6054106.03555067,3751982.96101881,6054336.97565835,3751782.96101881
"19532",6054106.03555067,3752182.96101881,6054336.97565835,3751982.96101881
"19535",6054106.03555067,3751582.96101881,6054336.97565835,3751382.96101881
"19534",6054106.03555067,3751782.96101881,6054336.97565835,3751582.96101881
"19537",6054106.03555067,3751182.96101881,6054336.97565835,3750982.96101881
"19536",6054106.03555067,3751382.96101881,6054336.97565835,3751182.96101881
"19539",6054106.03555067,3750782.96101881,6054336.97565835,3750582.96101881
"19538",6054106.03555067,3750982.96101881,6054336.97565835,3750782.96101881
"19541",6054106.03555067,3750382.96101881,6054336.97565835,3750182.96101881
"19540",6054106.03555067,3750582.96101881,6054336.97565835,3750382.96101881
"19543",6054106.03555067,3749982.96101881,6054336.97565835,3749782.96101881
"19542",6054106.03555067,3750182.96101881,6054336.97565835,3749982.96101881
"19545",6054106.03555067,3749582.96101881,6054336.97565835,3749382.96101881
"19544",6054106.03555067,3749782.96101881,6054336.97565835,3749582.96101881
"19547",6054106.03555067,3749182.96101881,6054336.97565835,3748982.96101881
"19546",6054106.03555067,3749382.96101881,6054336.97565835,3749182.96101881
"19549",6054106.03555067,3748782.96101881,6054336.97565835,3748582.96101881
"19548",6054106.03555067,3748982.96101881,6054336.97565835,3748782.96101881
"19551",6054106.03555067,3748382.96101881,6054336.97565835,3748182.96101881
"19550",6054106.03555067,3748582.96101881,6054336.97565835,3748382.96101881
"19553",6054106.03555067,3747982.96101881,6054336.97565835,3747782.96101881
"19552",6054106.03555067,3748182.96101881,6054336.97565835,3747982.96101881
"19555",6054106.03555067,3747582.96101881,6054336.97565835,3747382.96101881
"19554",6054106.03555067,3747782.96101881,6054336.97565835,3747582.96101881
"19557",6054106.03555067,3747182.96101881,6054336.97565835,3746982.96101881
"19556",6054106.03555067,3747382.96101881,6054336.97565835,3747182.96101881
"19559",6054106.03555067,3746782.96101881,6054336.97565835,3746582.96101881
"19558",6054106.03555067,3746982.96101881,6054336.97565835,3746782.96101881
"19561",6054106.03555067,3746382.96101881,6054336.97565835,3746182.96101881
"19560",6054106.03555067,3746582.96101881,6054336.97565835,3746382.96101881
"19563",6054106.03555067,3745982.96101881,6054336.97565835,3745782.96101881
"19562",6054106.03555067,3746182.96101881,6054336.97565835,3745982.96101881
"19565",6054106.03555067,3745582.96101881,6054336.97565835,3745382.96101881
"19564",6054106.03555067,3745782.96101881,6054336.97565835,3745582.96101881
"19567",6054106.03555067,3745182.96101881,6054336.97565835,3744982.96101881
"19566",6054106.03555067,3745382.96101881,6054336.97565835,3745182.96101881
"19569",6054106.03555067,3744782.96101881,6054336.97565835,3744582.96101881
"19568",6054106.03555067,3744982.96101881,6054336.97565835,3744782.96101881
"19571",6054106.03555067,3744382.96101881,6054336.97565835,3744182.96101881
"19570",6054106.03555067,3744582.96101881,6054336.97565835,3744382.96101881
"19573",6054106.03555067,3743982.96101881,6054336.97565835,3743782.96101881
"19572",6054106.03555067,3744182.96101881,6054336.97565835,3743982.96101881
"19575",6054106.03555067,3743582.96101881,6054336.97565835,3743382.96101881
"19574",6054106.03555067,3743782.96101881,6054336.97565835,3743582.96101881
"19577",6054106.03555067,3743182.96101881,6054336.97565835,3742982.96101881
"19576",6054106.03555067,3743382.96101881,6054336.97565835,3743182.96101881
"19579",6054106.03555067,3742782.96101881,6054336.97565835,3742582.96101881
"19578",6054106.03555067,3742982.96101881,6054336.97565835,3742782.96101881
"19581",6054106.03555067,3742382.96101881,6054336.97565835,3742182.96101881
"19580",6054106.03555067,3742582.96101881,6054336.97565835,3742382.96101881
"19583",6054106.03555067,3741982.96101881,6054336.97565835,3741782.96101881
"19582",6054106.03555067,3742182.96101881,6054336.97565835,3741982.96101881
"19585",6054106.03555067,3741582.96101881,6054336.97565835,3741382.96101881
"19584",6054106.03555067,3741782.96101881,6054336.97565835,3741582.96101881
"19587",6054106.03555067,3741182.96101881,6054336.97565835,3740982.96101881
"19586",6054106.03555067,3741382.96101881,6054336.97565835,3741182.96101881
"19589",6054106.03555067,3740782.96101881,6054336.97565835,3740582.96101881
"19588",6054106.03555067,3740982.96101881,6054336.97565835,3740782.96101881
"19591",6054106.03555067,3740382.96101881,6054336.97565835,3740182.96101881
"19590",6054106.03555067,3740582.96101881,6054336.97565835,3740382.96101881
"19593",6054106.03555067,3739982.96101881,6054336.97565835,3739782.96101881
"19592",6054106.03555067,3740182.96101881,6054336.97565835,3739982.96101881
"19595",6054106.03555067,3739582.96101881,6054336.97565835,3739382.96101881
"19594",6054106.03555067,3739782.96101881,6054336.97565835,3739582.96101881
"19597",6054106.03555067,3739182.96101881,6054336.97565835,3738982.96101881
"19596",6054106.03555067,3739382.96101881,6054336.97565835,3739182.96101881
"19599",6054106.03555067,3738782.96101881,6054336.97565835,3738582.96101881
"19598",6054106.03555067,3738982.96101881,6054336.97565835,3738782.96101881
"19601",6054106.03555067,3738382.96101881,6054336.97565835,3738182.96101881
"19600",6054106.03555067,3738582.96101881,6054336.97565835,3738382.96101881
"19603",6054106.03555067,3737982.96101881,6054336.97565835,3737782.96101881
"19602",6054106.03555067,3738182.96101881,6054336.97565835,3737982.96101881
"19605",6054106.03555067,3737582.96101881,6054336.97565835,3737382.96101881
"19604",6054106.03555067,3737782.96101881,6054336.97565835,3737582.96101881
"19607",6054106.03555067,3737182.96101881,6054336.97565835,3736982.96101881
"19606",6054106.03555067,3737382.96101881,6054336.97565835,3737182.96101881
"19609",6054106.03555067,3736782.96101881,6054336.97565835,3736582.96101881
"19608",6054106.03555067,3736982.96101881,6054336.97565835,3736782.96101881
"19611",6054106.03555067,3736382.96101881,6054336.97565835,3736182.96101881
"19610",6054106.03555067,3736582.96101881,6054336.97565835,3736382.96101881
"19613",6054106.03555067,3735982.96101881,6054336.97565835,3735782.96101881
"19612",6054106.03555067,3736182.96101881,6054336.97565835,3735982.96101881
"19615",6054106.03555067,3735582.96101881,6054336.97565835,3735382.96101881
"19614",6054106.03555067,3735782.96101881,6054336.97565835,3735582.96101881
"19617",6054106.03555067,3735182.96101881,6054336.97565835,3734982.96101881
"19616",6054106.03555067,3735382.96101881,6054336.97565835,3735182.96101881
"19619",6054106.03555067,3734782.96101881,6054336.97565835,3734582.96101881
"19618",6054106.03555067,3734982.96101881,6054336.97565835,3734782.96101881
"19620",6054106.03555067,3734582.96101881,6054336.97565835,3734382.96101881
"19683",6054279.24063143,3753282.96101881,6054510.1807391,3753082.96101881
"19682",6054279.24063143,3753482.96101881,6054510.1807391,3753282.96101881
"19685",6054279.24063143,3752882.96101881,6054510.1807391,3752682.96101881
"19684",6054279.24063143,3753082.96101881,6054510.1807391,3752882.96101881
"19687",6054279.24063143,3752482.96101881,6054510.1807391,3752282.96101881
"19686",6054279.24063143,3752682.96101881,6054510.1807391,3752482.96101881
"19689",6054279.24063143,3752082.96101881,6054510.1807391,3751882.96101881
"19688",6054279.24063143,3752282.96101881,6054510.1807391,3752082.96101881
"19691",6054279.24063143,3751682.96101881,6054510.1807391,3751482.96101881
"19690",6054279.24063143,3751882.96101881,6054510.1807391,3751682.96101881
"19693",6054279.24063143,3751282.96101881,6054510.1807391,3751082.96101881
"19692",6054279.24063143,3751482.96101881,6054510.1807391,3751282.96101881
"19695",6054279.24063143,3750882.96101881,6054510.1807391,3750682.96101881
"19694",6054279.24063143,3751082.96101881,6054510.1807391,3750882.96101881
"19697",6054279.24063143,3750482.96101881,6054510.1807391,3750282.96101881
"19696",6054279.24063143,3750682.96101881,6054510.1807391,3750482.96101881
"19699",6054279.24063143,3750082.96101881,6054510.1807391,3749882.96101881
"19698",6054279.24063143,3750282.96101881,6054510.1807391,3750082.96101881
"19701",6054279.24063143,3749682.96101881,6054510.1807391,3749482.96101881
"19700",6054279.24063143,3749882.96101881,6054510.1807391,3749682.96101881
"19703",6054279.24063143,3749282.96101881,6054510.1807391,3749082.96101881
"19702",6054279.24063143,3749482.96101881,6054510.1807391,3749282.96101881
"19705",6054279.24063143,3748882.96101881,6054510.1807391,3748682.96101881
"19704",6054279.24063143,3749082.96101881,6054510.1807391,3748882.96101881
"19707",6054279.24063143,3748482.96101881,6054510.1807391,3748282.96101881
"19706",6054279.24063143,3748682.96101881,6054510.1807391,3748482.96101881
"19709",6054279.24063143,3748082.96101881,6054510.1807391,3747882.96101881
"19708",6054279.24063143,3748282.96101881,6054510.1807391,3748082.96101881
"19711",6054279.24063143,3747682.96101881,6054510.1807391,3747482.96101881
"19710",6054279.24063143,3747882.96101881,6054510.1807391,3747682.96101881
"19217",6053759.62538916,3752782.96101881,6053990.56549683,3752582.96101881
"19219",6053759.62538916,3752382.96101881,6053990.56549683,3752182.96101881
"19218",6053759.62538916,3752582.96101881,6053990.56549683,3752382.96101881
"19221",6053759.62538916,3751982.96101881,6053990.56549683,3751782.96101881
"19220",6053759.62538916,3752182.96101881,6053990.56549683,3751982.96101881
"19223",6053759.62538916,3751582.96101881,6053990.56549683,3751382.96101881
"19222",6053759.62538916,3751782.96101881,6053990.56549683,3751582.96101881
"19225",6053759.62538916,3751182.96101881,6053990.56549683,3750982.96101881
"19224",6053759.62538916,3751382.96101881,6053990.56549683,3751182.96101881
"19227",6053759.62538916,3750782.96101881,6053990.56549683,3750582.96101881
"19226",6053759.62538916,3750982.96101881,6053990.56549683,3750782.96101881
"19229",6053759.62538916,3750382.96101881,6053990.56549683,3750182.96101881
"19228",6053759.62538916,3750582.96101881,6053990.56549683,3750382.96101881
"19231",6053759.62538916,3749982.96101881,6053990.56549683,3749782.96101881
"19230",6053759.62538916,3750182.96101881,6053990.56549683,3749982.96101881
"19233",6053759.62538916,3749582.96101881,6053990.56549683,3749382.96101881
"19232",6053759.62538916,3749782.96101881,6053990.56549683,3749582.96101881
"19235",6053759.62538916,3749182.96101881,6053990.56549683,3748982.96101881
"19234",6053759.62538916,3749382.96101881,6053990.56549683,3749182.96101881
"19237",6053759.62538916,3748782.96101881,6053990.56549683,3748582.96101881
"19236",6053759.62538916,3748982.96101881,6053990.56549683,3748782.96101881
"19239",6053759.62538916,3748382.96101881,6053990.56549683,3748182.96101881
"19238",6053759.62538916,3748582.96101881,6053990.56549683,3748382.96101881
"19241",6053759.62538916,3747982.96101881,6053990.56549683,3747782.96101881
"19240",6053759.62538916,3748182.96101881,6053990.56549683,3747982.96101881
"19243",6053759.62538916,3747582.96101881,6053990.56549683,3747382.96101881
"19242",6053759.62538916,3747782.96101881,6053990.56549683,3747582.96101881
"19245",6053759.62538916,3747182.96101881,6053990.56549683,3746982.96101881
"19244",6053759.62538916,3747382.96101881,6053990.56549683,3747182.96101881
"19247",6053759.62538916,3746782.96101881,6053990.56549683,3746582.96101881
"19246",6053759.62538916,3746982.96101881,6053990.56549683,3746782.96101881
"19249",6053759.62538916,3746382.96101881,6053990.56549683,3746182.96101881
"19248",6053759.62538916,3746582.96101881,6053990.56549683,3746382.96101881
"19251",6053759.62538916,3745982.96101881,6053990.56549683,3745782.96101881
"19250",6053759.62538916,3746182.96101881,6053990.56549683,3745982.96101881
"19253",6053759.62538916,3745582.96101881,6053990.56549683,3745382.96101881
"19252",6053759.62538916,3745782.96101881,6053990.56549683,3745582.96101881
"19255",6053759.62538916,3745182.96101881,6053990.56549683,3744982.96101881
"19254",6053759.62538916,3745382.96101881,6053990.56549683,3745182.96101881
"19257",6053759.62538916,3744782.96101881,6053990.56549683,3744582.96101881
"19256",6053759.62538916,3744982.96101881,6053990.56549683,3744782.96101881
"19259",6053759.62538916,3744382.96101881,6053990.56549683,3744182.96101881
"19258",6053759.62538916,3744582.96101881,6053990.56549683,3744382.96101881
"19261",6053759.62538916,3743982.96101881,6053990.56549683,3743782.96101881
"19260",6053759.62538916,3744182.96101881,6053990.56549683,3743982.96101881
"19263",6053759.62538916,3743582.96101881,6053990.56549683,3743382.96101881
"19262",6053759.62538916,3743782.96101881,6053990.56549683,3743582.96101881
"19265",6053759.62538916,3743182.96101881,6053990.56549683,3742982.96101881
"19264",6053759.62538916,3743382.96101881,6053990.56549683,3743182.96101881
"19267",6053759.62538916,3742782.96101881,6053990.56549683,3742582.96101881
"19266",6053759.62538916,3742982.96101881,6053990.56549683,3742782.96101881
"19269",6053759.62538916,3742382.96101881,6053990.56549683,3742182.96101881
"19268",6053759.62538916,3742582.96101881,6053990.56549683,3742382.96101881
"19271",6053759.62538916,3741982.96101881,6053990.56549683,3741782.96101881
"19270",6053759.62538916,3742182.96101881,6053990.56549683,3741982.96101881
"19273",6053759.62538916,3741582.96101881,6053990.56549683,3741382.96101881
"19272",6053759.62538916,3741782.96101881,6053990.56549683,3741582.96101881
"19275",6053759.62538916,3741182.96101881,6053990.56549683,3740982.96101881
"19274",6053759.62538916,3741382.96101881,6053990.56549683,3741182.96101881
"19277",6053759.62538916,3740782.96101881,6053990.56549683,3740582.96101881
"19276",6053759.62538916,3740982.96101881,6053990.56549683,3740782.96101881
"19279",6053759.62538916,3740382.96101881,6053990.56549683,3740182.96101881
"19278",6053759.62538916,3740582.96101881,6053990.56549683,3740382.96101881
"19281",6053759.62538916,3739982.96101881,6053990.56549683,3739782.96101881
"19280",6053759.62538916,3740182.96101881,6053990.56549683,3739982.96101881
"19283",6053759.62538916,3739582.96101881,6053990.56549683,3739382.96101881
"19282",6053759.62538916,3739782.96101881,6053990.56549683,3739582.96101881
"19285",6053759.62538916,3739182.96101881,6053990.56549683,3738982.96101881
"19284",6053759.62538916,3739382.96101881,6053990.56549683,3739182.96101881
"19287",6053759.62538916,3738782.96101881,6053990.56549683,3738582.96101881
"19286",6053759.62538916,3738982.96101881,6053990.56549683,3738782.96101881
"19289",6053759.62538916,3738382.96101881,6053990.56549683,3738182.96101881
"19288",6053759.62538916,3738582.96101881,6053990.56549683,3738382.96101881
"19291",6053759.62538916,3737982.96101881,6053990.56549683,3737782.96101881
"19290",6053759.62538916,3738182.96101881,6053990.56549683,3737982.96101881
"19293",6053759.62538916,3737582.96101881,6053990.56549683,3737382.96101881
"19292",6053759.62538916,3737782.96101881,6053990.56549683,3737582.96101881
"19295",6053759.62538916,3737182.96101881,6053990.56549683,3736982.96101881
"19294",6053759.62538916,3737382.96101881,6053990.56549683,3737182.96101881
"19297",6053759.62538916,3736782.96101881,6053990.56549683,3736582.96101881
"19296",6053759.62538916,3736982.96101881,6053990.56549683,3736782.96101881
"19299",6053759.62538916,3736382.96101881,6053990.56549683,3736182.96101881
"19298",6053759.62538916,3736582.96101881,6053990.56549683,3736382.96101881
"19301",6053759.62538916,3735982.96101881,6053990.56549683,3735782.96101881
"19300",6053759.62538916,3736182.96101881,6053990.56549683,3735982.96101881
"19303",6053759.62538916,3735582.96101881,6053990.56549683,3735382.96101881
"19302",6053759.62538916,3735782.96101881,6053990.56549683,3735582.96101881
"19305",6053759.62538916,3735182.96101881,6053990.56549683,3734982.96101881
"19304",6053759.62538916,3735382.96101881,6053990.56549683,3735182.96101881
"19306",6053759.62538916,3734982.96101881,6053990.56549683,3734782.96101881
"19373",6053932.83046991,3752882.96101881,6054163.77057759,3752682.96101881
"19372",6053932.83046991,3753082.96101881,6054163.77057759,3752882.96101881
"19375",6053932.83046991,3752482.96101881,6054163.77057759,3752282.96101881
"19374",6053932.83046991,3752682.96101881,6054163.77057759,3752482.96101881
"19377",6053932.83046991,3752082.96101881,6054163.77057759,3751882.96101881
"19376",6053932.83046991,3752282.96101881,6054163.77057759,3752082.96101881
"19379",6053932.83046991,3751682.96101881,6054163.77057759,3751482.96101881
"19378",6053932.83046991,3751882.96101881,6054163.77057759,3751682.96101881
"19381",6053932.83046991,3751282.96101881,6054163.77057759,3751082.96101881
"19380",6053932.83046991,3751482.96101881,6054163.77057759,3751282.96101881
"19383",6053932.83046991,3750882.96101881,6054163.77057759,3750682.96101881
"19382",6053932.83046991,3751082.96101881,6054163.77057759,3750882.96101881
"19385",6053932.83046991,3750482.96101881,6054163.77057759,3750282.96101881
"19384",6053932.83046991,3750682.96101881,6054163.77057759,3750482.96101881
"19387",6053932.83046991,3750082.96101881,6054163.77057759,3749882.96101881
"19386",6053932.83046991,3750282.96101881,6054163.77057759,3750082.96101881
"19389",6053932.83046991,3749682.96101881,6054163.77057759,3749482.96101881
"19388",6053932.83046991,3749882.96101881,6054163.77057759,3749682.96101881
"19391",6053932.83046991,3749282.96101881,6054163.77057759,3749082.96101881
"19390",6053932.83046991,3749482.96101881,6054163.77057759,3749282.96101881
"19393",6053932.83046991,3748882.96101881,6054163.77057759,3748682.96101881
"19392",6053932.83046991,3749082.96101881,6054163.77057759,3748882.96101881
"19395",6053932.83046991,3748482.96101881,6054163.77057759,3748282.96101881
"19394",6053932.83046991,3748682.96101881,6054163.77057759,3748482.96101881
"19397",6053932.83046991,3748082.96101881,6054163.77057759,3747882.96101881
"19396",6053932.83046991,3748282.96101881,6054163.77057759,3748082.96101881
"19399",6053932.83046991,3747682.96101881,6054163.77057759,3747482.96101881
"19398",6053932.83046991,3747882.96101881,6054163.77057759,3747682.96101881
"19401",6053932.83046991,3747282.96101881,6054163.77057759,3747082.96101881
"19400",6053932.83046991,3747482.96101881,6054163.77057759,3747282.96101881
"19403",6053932.83046991,3746882.96101881,6054163.77057759,3746682.96101881
"19402",6053932.83046991,3747082.96101881,6054163.77057759,3746882.96101881
"19405",6053932.83046991,3746482.96101881,6054163.77057759,3746282.96101881
"19404",6053932.83046991,3746682.96101881,6054163.77057759,3746482.96101881
"19407",6053932.83046991,3746082.96101881,6054163.77057759,3745882.96101881
"19406",6053932.83046991,3746282.96101881,6054163.77057759,3746082.96101881
"19409",6053932.83046991,3745682.96101881,6054163.77057759,3745482.96101881
"19408",6053932.83046991,3745882.96101881,6054163.77057759,3745682.96101881
"19411",6053932.83046991,3745282.96101881,6054163.77057759,3745082.96101881
"19410",6053932.83046991,3745482.96101881,6054163.77057759,3745282.96101881
"19413",6053932.83046991,3744882.96101881,6054163.77057759,3744682.96101881
"19412",6053932.83046991,3745082.96101881,6054163.77057759,3744882.96101881
"19415",6053932.83046991,3744482.96101881,6054163.77057759,3744282.96101881
"19414",6053932.83046991,3744682.96101881,6054163.77057759,3744482.96101881
"19417",6053932.83046991,3744082.96101881,6054163.77057759,3743882.96101881
"19416",6053932.83046991,3744282.96101881,6054163.77057759,3744082.96101881
"19419",6053932.83046991,3743682.96101881,6054163.77057759,3743482.96101881
"19418",6053932.83046991,3743882.96101881,6054163.77057759,3743682.96101881
"19421",6053932.83046991,3743282.96101881,6054163.77057759,3743082.96101881
"19420",6053932.83046991,3743482.96101881,6054163.77057759,3743282.96101881
"19423",6053932.83046991,3742882.96101881,6054163.77057759,3742682.96101881
"19422",6053932.83046991,3743082.96101881,6054163.77057759,3742882.96101881
"19425",6053932.83046991,3742482.96101881,6054163.77057759,3742282.96101881
"19424",6053932.83046991,3742682.96101881,6054163.77057759,3742482.96101881
"19427",6053932.83046991,3742082.96101881,6054163.77057759,3741882.96101881
"19426",6053932.83046991,3742282.96101881,6054163.77057759,3742082.96101881
"19429",6053932.83046991,3741682.96101881,6054163.77057759,3741482.96101881
"19428",6053932.83046991,3741882.96101881,6054163.77057759,3741682.96101881
"19431",6053932.83046991,3741282.96101881,6054163.77057759,3741082.96101881
"19430",6053932.83046991,3741482.96101881,6054163.77057759,3741282.96101881
"19433",6053932.83046991,3740882.96101881,6054163.77057759,3740682.96101881
"19432",6053932.83046991,3741082.96101881,6054163.77057759,3740882.96101881
"19435",6053932.83046991,3740482.96101881,6054163.77057759,3740282.96101881
"19434",6053932.83046991,3740682.96101881,6054163.77057759,3740482.96101881
"19437",6053932.83046991,3740082.96101881,6054163.77057759,3739882.96101881
"19436",6053932.83046991,3740282.96101881,6054163.77057759,3740082.96101881
"19439",6053932.83046991,3739682.96101881,6054163.77057759,3739482.96101881
"19438",6053932.83046991,3739882.96101881,6054163.77057759,3739682.96101881
"19441",6053932.83046991,3739282.96101881,6054163.77057759,3739082.96101881
"19440",6053932.83046991,3739482.96101881,6054163.77057759,3739282.96101881
"19443",6053932.83046991,3738882.96101881,6054163.77057759,3738682.96101881
"19442",6053932.83046991,3739082.96101881,6054163.77057759,3738882.96101881
"19445",6053932.83046991,3738482.96101881,6054163.77057759,3738282.96101881
"19444",6053932.83046991,3738682.96101881,6054163.77057759,3738482.96101881
"19447",6053932.83046991,3738082.96101881,6054163.77057759,3737882.96101881
"19446",6053932.83046991,3738282.96101881,6054163.77057759,3738082.96101881
"19449",6053932.83046991,3737682.96101881,6054163.77057759,3737482.96101881
"19448",6053932.83046991,3737882.96101881,6054163.77057759,3737682.96101881
"19451",6053932.83046991,3737282.96101881,6054163.77057759,3737082.96101881
"19450",6053932.83046991,3737482.96101881,6054163.77057759,3737282.96101881
"19453",6053932.83046991,3736882.96101881,6054163.77057759,3736682.96101881
"19452",6053932.83046991,3737082.96101881,6054163.77057759,3736882.96101881
"19455",6053932.83046991,3736482.96101881,6054163.77057759,3736282.96101881
"19454",6053932.83046991,3736682.96101881,6054163.77057759,3736482.96101881
"18945",6053413.21522764,3744782.96101881,6053644.15533532,3744582.96101881
"18944",6053413.21522764,3744982.96101881,6053644.15533532,3744782.96101881
"18947",6053413.21522764,3744382.96101881,6053644.15533532,3744182.96101881
"18946",6053413.21522764,3744582.96101881,6053644.15533532,3744382.96101881
"18949",6053413.21522764,3743982.96101881,6053644.15533532,3743782.96101881
"18948",6053413.21522764,3744182.96101881,6053644.15533532,3743982.96101881
"18951",6053413.21522764,3743582.96101881,6053644.15533532,3743382.96101881
"18950",6053413.21522764,3743782.96101881,6053644.15533532,3743582.96101881
"18953",6053413.21522764,3743182.96101881,6053644.15533532,3742982.96101881
"18952",6053413.21522764,3743382.96101881,6053644.15533532,3743182.96101881
"18955",6053413.21522764,3742782.96101881,6053644.15533532,3742582.96101881
"18954",6053413.21522764,3742982.96101881,6053644.15533532,3742782.96101881
"18957",6053413.21522764,3742382.96101881,6053644.15533532,3742182.96101881
"18956",6053413.21522764,3742582.96101881,6053644.15533532,3742382.96101881
"18959",6053413.21522764,3741982.96101881,6053644.15533532,3741782.96101881
"18958",6053413.21522764,3742182.96101881,6053644.15533532,3741982.96101881
"18961",6053413.21522764,3741582.96101881,6053644.15533532,3741382.96101881
"18960",6053413.21522764,3741782.96101881,6053644.15533532,3741582.96101881
"18963",6053413.21522764,3741182.96101881,6053644.15533532,3740982.96101881
"18962",6053413.21522764,3741382.96101881,6053644.15533532,3741182.96101881
"18965",6053413.21522764,3740782.96101881,6053644.15533532,3740582.96101881
"18964",6053413.21522764,3740982.96101881,6053644.15533532,3740782.96101881
"18967",6053413.21522764,3740382.96101881,6053644.15533532,3740182.96101881
"18966",6053413.21522764,3740582.96101881,6053644.15533532,3740382.96101881
"18969",6053413.21522764,3739982.96101881,6053644.15533532,3739782.96101881
"18968",6053413.21522764,3740182.96101881,6053644.15533532,3739982.96101881
"18971",6053413.21522764,3739582.96101881,6053644.15533532,3739382.96101881
"18970",6053413.21522764,3739782.96101881,6053644.15533532,3739582.96101881
"18973",6053413.21522764,3739182.96101881,6053644.15533532,3738982.96101881
"18972",6053413.21522764,3739382.96101881,6053644.15533532,3739182.96101881
"18975",6053413.21522764,3738782.96101881,6053644.15533532,3738582.96101881
"18974",6053413.21522764,3738982.96101881,6053644.15533532,3738782.96101881
"18977",6053413.21522764,3738382.96101881,6053644.15533532,3738182.96101881
"18976",6053413.21522764,3738582.96101881,6053644.15533532,3738382.96101881
"18979",6053413.21522764,3737982.96101881,6053644.15533532,3737782.96101881
"18978",6053413.21522764,3738182.96101881,6053644.15533532,3737982.96101881
"18981",6053413.21522764,3737582.96101881,6053644.15533532,3737382.96101881
"18980",6053413.21522764,3737782.96101881,6053644.15533532,3737582.96101881
"18983",6053413.21522764,3737182.96101881,6053644.15533532,3736982.96101881
"18982",6053413.21522764,3737382.96101881,6053644.15533532,3737182.96101881
"18985",6053413.21522764,3736782.96101881,6053644.15533532,3736582.96101881
"18984",6053413.21522764,3736982.96101881,6053644.15533532,3736782.96101881
"18987",6053413.21522764,3736382.96101881,6053644.15533532,3736182.96101881
"18986",6053413.21522764,3736582.96101881,6053644.15533532,3736382.96101881
"18989",6053413.21522764,3735982.96101881,6053644.15533532,3735782.96101881
"18988",6053413.21522764,3736182.96101881,6053644.15533532,3735982.96101881
"18991",6053413.21522764,3735582.96101881,6053644.15533532,3735382.96101881
"18990",6053413.21522764,3735782.96101881,6053644.15533532,3735582.96101881
"18993",6053413.21522764,3735182.96101881,6053644.15533532,3734982.96101881
"18992",6053413.21522764,3735382.96101881,6053644.15533532,3735182.96101881
"19063",6053586.4203084,3752482.96101881,6053817.36041608,3752282.96101881
"19062",6053586.4203084,3752682.96101881,6053817.36041608,3752482.96101881
"19065",6053586.4203084,3752082.96101881,6053817.36041608,3751882.96101881
"19064",6053586.4203084,3752282.96101881,6053817.36041608,3752082.96101881
"19067",6053586.4203084,3751682.96101881,6053817.36041608,3751482.96101881
"19066",6053586.4203084,3751882.96101881,6053817.36041608,3751682.96101881
"19069",6053586.4203084,3751282.96101881,6053817.36041608,3751082.96101881
"19068",6053586.4203084,3751482.96101881,6053817.36041608,3751282.96101881
"19071",6053586.4203084,3750882.96101881,6053817.36041608,3750682.96101881
"19070",6053586.4203084,3751082.96101881,6053817.36041608,3750882.96101881
"19073",6053586.4203084,3750482.96101881,6053817.36041608,3750282.96101881
"19072",6053586.4203084,3750682.96101881,6053817.36041608,3750482.96101881
"19075",6053586.4203084,3750082.96101881,6053817.36041608,3749882.96101881
"19074",6053586.4203084,3750282.96101881,6053817.36041608,3750082.96101881
"19077",6053586.4203084,3749682.96101881,6053817.36041608,3749482.96101881
"19076",6053586.4203084,3749882.96101881,6053817.36041608,3749682.96101881
"19079",6053586.4203084,3749282.96101881,6053817.36041608,3749082.96101881
"19078",6053586.4203084,3749482.96101881,6053817.36041608,3749282.96101881
"19081",6053586.4203084,3748882.96101881,6053817.36041608,3748682.96101881
"19080",6053586.4203084,3749082.96101881,6053817.36041608,3748882.96101881
"19083",6053586.4203084,3748482.96101881,6053817.36041608,3748282.96101881
"19082",6053586.4203084,3748682.96101881,6053817.36041608,3748482.96101881
"19085",6053586.4203084,3748082.96101881,6053817.36041608,3747882.96101881
"19084",6053586.4203084,3748282.96101881,6053817.36041608,3748082.96101881
"19087",6053586.4203084,3747682.96101881,6053817.36041608,3747482.96101881
"19086",6053586.4203084,3747882.96101881,6053817.36041608,3747682.96101881
"19089",6053586.4203084,3747282.96101881,6053817.36041608,3747082.96101881
"19088",6053586.4203084,3747482.96101881,6053817.36041608,3747282.96101881
"19091",6053586.4203084,3746882.96101881,6053817.36041608,3746682.96101881
"19090",6053586.4203084,3747082.96101881,6053817.36041608,3746882.96101881
"19093",6053586.4203084,3746482.96101881,6053817.36041608,3746282.96101881
"19092",6053586.4203084,3746682.96101881,6053817.36041608,3746482.96101881
"19095",6053586.4203084,3746082.96101881,6053817.36041608,3745882.96101881
"19094",6053586.4203084,3746282.96101881,6053817.36041608,3746082.96101881
"19097",6053586.4203084,3745682.96101881,6053817.36041608,3745482.96101881
"19096",6053586.4203084,3745882.96101881,6053817.36041608,3745682.96101881
"19099",6053586.4203084,3745282.96101881,6053817.36041608,3745082.96101881
"19098",6053586.4203084,3745482.96101881,6053817.36041608,3745282.96101881
"19101",6053586.4203084,3744882.96101881,6053817.36041608,3744682.96101881
"19100",6053586.4203084,3745082.96101881,6053817.36041608,3744882.96101881
"19103",6053586.4203084,3744482.96101881,6053817.36041608,3744282.96101881
"19102",6053586.4203084,3744682.96101881,6053817.36041608,3744482.96101881
"19105",6053586.4203084,3744082.96101881,6053817.36041608,3743882.96101881
"19104",6053586.4203084,3744282.96101881,6053817.36041608,3744082.96101881
"19107",6053586.4203084,3743682.96101881,6053817.36041608,3743482.96101881
"19106",6053586.4203084,3743882.96101881,6053817.36041608,3743682.96101881
"19109",6053586.4203084,3743282.96101881,6053817.36041608,3743082.96101881
"19108",6053586.4203084,3743482.96101881,6053817.36041608,3743282.96101881
"19111",6053586.4203084,3742882.96101881,6053817.36041608,3742682.96101881
"19110",6053586.4203084,3743082.96101881,6053817.36041608,3742882.96101881
"19113",6053586.4203084,3742482.96101881,6053817.36041608,3742282.96101881
"19112",6053586.4203084,3742682.96101881,6053817.36041608,3742482.96101881
"19115",6053586.4203084,3742082.96101881,6053817.36041608,3741882.96101881
"19114",6053586.4203084,3742282.96101881,6053817.36041608,3742082.96101881
"19117",6053586.4203084,3741682.96101881,6053817.36041608,3741482.96101881
"19116",6053586.4203084,3741882.96101881,6053817.36041608,3741682.96101881
"19119",6053586.4203084,3741282.96101881,6053817.36041608,3741082.96101881
"19118",6053586.4203084,3741482.96101881,6053817.36041608,3741282.96101881
"19121",6053586.4203084,3740882.96101881,6053817.36041608,3740682.96101881
"19120",6053586.4203084,3741082.96101881,6053817.36041608,3740882.96101881
"19123",6053586.4203084,3740482.96101881,6053817.36041608,3740282.96101881
"19122",6053586.4203084,3740682.96101881,6053817.36041608,3740482.96101881
"19125",6053586.4203084,3740082.96101881,6053817.36041608,3739882.96101881
"19124",6053586.4203084,3740282.96101881,6053817.36041608,3740082.96101881
"19127",6053586.4203084,3739682.96101881,6053817.36041608,3739482.96101881
"19126",6053586.4203084,3739882.96101881,6053817.36041608,3739682.96101881
"19129",6053586.4203084,3739282.96101881,6053817.36041608,3739082.96101881
"19128",6053586.4203084,3739482.96101881,6053817.36041608,3739282.96101881
"19131",6053586.4203084,3738882.96101881,6053817.36041608,3738682.96101881
"19130",6053586.4203084,3739082.96101881,6053817.36041608,3738882.96101881
"19133",6053586.4203084,3738482.96101881,6053817.36041608,3738282.96101881
"19132",6053586.4203084,3738682.96101881,6053817.36041608,3738482.96101881
"19135",6053586.4203084,3738082.96101881,6053817.36041608,3737882.96101881
"19134",6053586.4203084,3738282.96101881,6053817.36041608,3738082.96101881
"19137",6053586.4203084,3737682.96101881,6053817.36041608,3737482.96101881
"19136",6053586.4203084,3737882.96101881,6053817.36041608,3737682.96101881
"19139",6053586.4203084,3737282.96101881,6053817.36041608,3737082.96101881
"19138",6053586.4203084,3737482.96101881,6053817.36041608,3737282.96101881
"19141",6053586.4203084,3736882.96101881,6053817.36041608,3736682.96101881
"19140",6053586.4203084,3737082.96101881,6053817.36041608,3736882.96101881
"19143",6053586.4203084,3736482.96101881,6053817.36041608,3736282.96101881
"19142",6053586.4203084,3736682.96101881,6053817.36041608,3736482.96101881
"19145",6053586.4203084,3736082.96101881,6053817.36041608,3735882.96101881
"19144",6053586.4203084,3736282.96101881,6053817.36041608,3736082.96101881
"19147",6053586.4203084,3735682.96101881,6053817.36041608,3735482.96101881
"19146",6053586.4203084,3735882.96101881,6053817.36041608,3735682.96101881
"19149",6053586.4203084,3735282.96101881,6053817.36041608,3735082.96101881
"19148",6053586.4203084,3735482.96101881,6053817.36041608,3735282.96101881
"19150",6053586.4203084,3735082.96101881,6053817.36041608,3734882.96101881
"18753",6053240.01014689,3752082.96101881,6053470.95025456,3751882.96101881
"18755",6053240.01014689,3751682.96101881,6053470.95025456,3751482.96101881
"18754",6053240.01014689,3751882.96101881,6053470.95025456,3751682.96101881
"18757",6053240.01014689,3751282.96101881,6053470.95025456,3751082.96101881
"18756",6053240.01014689,3751482.96101881,6053470.95025456,3751282.96101881
"18759",6053240.01014689,3750882.96101881,6053470.95025456,3750682.96101881
"18758",6053240.01014689,3751082.96101881,6053470.95025456,3750882.96101881
"18761",6053240.01014689,3750482.96101881,6053470.95025456,3750282.96101881
"18760",6053240.01014689,3750682.96101881,6053470.95025456,3750482.96101881
"18763",6053240.01014689,3750082.96101881,6053470.95025456,3749882.96101881
"18762",6053240.01014689,3750282.96101881,6053470.95025456,3750082.96101881
"18765",6053240.01014689,3749682.96101881,6053470.95025456,3749482.96101881
"18764",6053240.01014689,3749882.96101881,6053470.95025456,3749682.96101881
"18767",6053240.01014689,3749282.96101881,6053470.95025456,3749082.96101881
"18766",6053240.01014689,3749482.96101881,6053470.95025456,3749282.96101881
"18769",6053240.01014689,3748882.96101881,6053470.95025456,3748682.96101881
"18768",6053240.01014689,3749082.96101881,6053470.95025456,3748882.96101881
"18771",6053240.01014689,3748482.96101881,6053470.95025456,3748282.96101881
"18770",6053240.01014689,3748682.96101881,6053470.95025456,3748482.96101881
"18773",6053240.01014689,3748082.96101881,6053470.95025456,3747882.96101881
"18772",6053240.01014689,3748282.96101881,6053470.95025456,3748082.96101881
"18775",6053240.01014689,3747682.96101881,6053470.95025456,3747482.96101881
"18774",6053240.01014689,3747882.96101881,6053470.95025456,3747682.96101881
"18777",6053240.01014689,3747282.96101881,6053470.95025456,3747082.96101881
"18776",6053240.01014689,3747482.96101881,6053470.95025456,3747282.96101881
"18779",6053240.01014689,3746882.96101881,6053470.95025456,3746682.96101881
"18778",6053240.01014689,3747082.96101881,6053470.95025456,3746882.96101881
"18781",6053240.01014689,3746482.96101881,6053470.95025456,3746282.96101881
"18780",6053240.01014689,3746682.96101881,6053470.95025456,3746482.96101881
"18783",6053240.01014689,3746082.96101881,6053470.95025456,3745882.96101881
"18782",6053240.01014689,3746282.96101881,6053470.95025456,3746082.96101881
"18785",6053240.01014689,3745682.96101881,6053470.95025456,3745482.96101881
"18784",6053240.01014689,3745882.96101881,6053470.95025456,3745682.96101881
"18787",6053240.01014689,3745282.96101881,6053470.95025456,3745082.96101881
"18786",6053240.01014689,3745482.96101881,6053470.95025456,3745282.96101881
"18789",6053240.01014689,3744882.96101881,6053470.95025456,3744682.96101881
"18788",6053240.01014689,3745082.96101881,6053470.95025456,3744882.96101881
"18791",6053240.01014689,3744482.96101881,6053470.95025456,3744282.96101881
"18790",6053240.01014689,3744682.96101881,6053470.95025456,3744482.96101881
"18793",6053240.01014689,3744082.96101881,6053470.95025456,3743882.96101881
"18792",6053240.01014689,3744282.96101881,6053470.95025456,3744082.96101881
"18795",6053240.01014689,3743682.96101881,6053470.95025456,3743482.96101881
"18794",6053240.01014689,3743882.96101881,6053470.95025456,3743682.96101881
"18797",6053240.01014689,3743282.96101881,6053470.95025456,3743082.96101881
"18796",6053240.01014689,3743482.96101881,6053470.95025456,3743282.96101881
"18799",6053240.01014689,3742882.96101881,6053470.95025456,3742682.96101881
"18798",6053240.01014689,3743082.96101881,6053470.95025456,3742882.96101881
"18801",6053240.01014689,3742482.96101881,6053470.95025456,3742282.96101881
"18800",6053240.01014689,3742682.96101881,6053470.95025456,3742482.96101881
"18803",6053240.01014689,3742082.96101881,6053470.95025456,3741882.96101881
"18802",6053240.01014689,3742282.96101881,6053470.95025456,3742082.96101881
"18805",6053240.01014689,3741682.96101881,6053470.95025456,3741482.96101881
"18804",6053240.01014689,3741882.96101881,6053470.95025456,3741682.96101881
"18807",6053240.01014689,3741282.96101881,6053470.95025456,3741082.96101881
"18806",6053240.01014689,3741482.96101881,6053470.95025456,3741282.96101881
"18809",6053240.01014689,3740882.96101881,6053470.95025456,3740682.96101881
"18808",6053240.01014689,3741082.96101881,6053470.95025456,3740882.96101881
"18811",6053240.01014689,3740482.96101881,6053470.95025456,3740282.96101881
"18810",6053240.01014689,3740682.96101881,6053470.95025456,3740482.96101881
"18813",6053240.01014689,3740082.96101881,6053470.95025456,3739882.96101881
"18812",6053240.01014689,3740282.96101881,6053470.95025456,3740082.96101881
"18815",6053240.01014689,3739682.96101881,6053470.95025456,3739482.96101881
"18814",6053240.01014689,3739882.96101881,6053470.95025456,3739682.96101881
"18817",6053240.01014689,3739282.96101881,6053470.95025456,3739082.96101881
"18816",6053240.01014689,3739482.96101881,6053470.95025456,3739282.96101881
"18819",6053240.01014689,3738882.96101881,6053470.95025456,3738682.96101881
"18818",6053240.01014689,3739082.96101881,6053470.95025456,3738882.96101881
"18821",6053240.01014689,3738482.96101881,6053470.95025456,3738282.96101881
"18820",6053240.01014689,3738682.96101881,6053470.95025456,3738482.96101881
"18823",6053240.01014689,3738082.96101881,6053470.95025456,3737882.96101881
"18822",6053240.01014689,3738282.96101881,6053470.95025456,3738082.96101881
"18825",6053240.01014689,3737682.96101881,6053470.95025456,3737482.96101881
"18824",6053240.01014689,3737882.96101881,6053470.95025456,3737682.96101881
"18827",6053240.01014689,3737282.96101881,6053470.95025456,3737082.96101881
"18826",6053240.01014689,3737482.96101881,6053470.95025456,3737282.96101881
"18829",6053240.01014689,3736882.96101881,6053470.95025456,3736682.96101881
"18828",6053240.01014689,3737082.96101881,6053470.95025456,3736882.96101881
"18831",6053240.01014689,3736482.96101881,6053470.95025456,3736282.96101881
"18830",6053240.01014689,3736682.96101881,6053470.95025456,3736482.96101881
"18833",6053240.01014689,3736082.96101881,6053470.95025456,3735882.96101881
"18832",6053240.01014689,3736282.96101881,6053470.95025456,3736082.96101881
"18835",6053240.01014689,3735682.96101881,6053470.95025456,3735482.96101881
"18834",6053240.01014689,3735882.96101881,6053470.95025456,3735682.96101881
"18837",6053240.01014689,3735282.96101881,6053470.95025456,3735082.96101881
"18836",6053240.01014689,3735482.96101881,6053470.95025456,3735282.96101881
"18907",6053413.21522764,3752382.96101881,6053644.15533532,3752182.96101881
"18909",6053413.21522764,3751982.96101881,6053644.15533532,3751782.96101881
"18908",6053413.21522764,3752182.96101881,6053644.15533532,3751982.96101881
"18911",6053413.21522764,3751582.96101881,6053644.15533532,3751382.96101881
"18910",6053413.21522764,3751782.96101881,6053644.15533532,3751582.96101881
"18913",6053413.21522764,3751182.96101881,6053644.15533532,3750982.96101881
"18912",6053413.21522764,3751382.96101881,6053644.15533532,3751182.96101881
"18915",6053413.21522764,3750782.96101881,6053644.15533532,3750582.96101881
"18914",6053413.21522764,3750982.96101881,6053644.15533532,3750782.96101881
"18917",6053413.21522764,3750382.96101881,6053644.15533532,3750182.96101881
"18916",6053413.21522764,3750582.96101881,6053644.15533532,3750382.96101881
"18919",6053413.21522764,3749982.96101881,6053644.15533532,3749782.96101881
"18918",6053413.21522764,3750182.96101881,6053644.15533532,3749982.96101881
"18921",6053413.21522764,3749582.96101881,6053644.15533532,3749382.96101881
"18920",6053413.21522764,3749782.96101881,6053644.15533532,3749582.96101881
"18923",6053413.21522764,3749182.96101881,6053644.15533532,3748982.96101881
"18922",6053413.21522764,3749382.96101881,6053644.15533532,3749182.96101881
"18925",6053413.21522764,3748782.96101881,6053644.15533532,3748582.96101881
"18924",6053413.21522764,3748982.96101881,6053644.15533532,3748782.96101881
"18927",6053413.21522764,3748382.96101881,6053644.15533532,3748182.96101881
"18926",6053413.21522764,3748582.96101881,6053644.15533532,3748382.96101881
"18929",6053413.21522764,3747982.96101881,6053644.15533532,3747782.96101881
"18928",6053413.21522764,3748182.96101881,6053644.15533532,3747982.96101881
"18931",6053413.21522764,3747582.96101881,6053644.15533532,3747382.96101881
"18930",6053413.21522764,3747782.96101881,6053644.15533532,3747582.96101881
"18933",6053413.21522764,3747182.96101881,6053644.15533532,3746982.96101881
"18932",6053413.21522764,3747382.96101881,6053644.15533532,3747182.96101881
"18935",6053413.21522764,3746782.96101881,6053644.15533532,3746582.96101881
"18934",6053413.21522764,3746982.96101881,6053644.15533532,3746782.96101881
"18937",6053413.21522764,3746382.96101881,6053644.15533532,3746182.96101881
"18936",6053413.21522764,3746582.96101881,6053644.15533532,3746382.96101881
"18939",6053413.21522764,3745982.96101881,6053644.15533532,3745782.96101881
"18938",6053413.21522764,3746182.96101881,6053644.15533532,3745982.96101881
"18941",6053413.21522764,3745582.96101881,6053644.15533532,3745382.96101881
"18940",6053413.21522764,3745782.96101881,6053644.15533532,3745582.96101881
"18943",6053413.21522764,3745182.96101881,6053644.15533532,3744982.96101881
"18942",6053413.21522764,3745382.96101881,6053644.15533532,3745182.96101881
"18443",6052893.59998537,3751682.96101881,6053124.54009305,3751482.96101881
"18445",6052893.59998537,3751282.96101881,6053124.54009305,3751082.96101881
"18444",6052893.59998537,3751482.96101881,6053124.54009305,3751282.96101881
"18447",6052893.59998537,3750882.96101881,6053124.54009305,3750682.96101881
"18446",6052893.59998537,3751082.96101881,6053124.54009305,3750882.96101881
"18449",6052893.59998537,3750482.96101881,6053124.54009305,3750282.96101881
"18448",6052893.59998537,3750682.96101881,6053124.54009305,3750482.96101881
"18451",6052893.59998537,3750082.96101881,6053124.54009305,3749882.96101881
"18450",6052893.59998537,3750282.96101881,6053124.54009305,3750082.96101881
"18453",6052893.59998537,3749682.96101881,6053124.54009305,3749482.96101881
"18452",6052893.59998537,3749882.96101881,6053124.54009305,3749682.96101881
"18455",6052893.59998537,3749282.96101881,6053124.54009305,3749082.96101881
"18454",6052893.59998537,3749482.96101881,6053124.54009305,3749282.96101881
"18457",6052893.59998537,3748882.96101881,6053124.54009305,3748682.96101881
"18456",6052893.59998537,3749082.96101881,6053124.54009305,3748882.96101881
"18459",6052893.59998537,3748482.96101881,6053124.54009305,3748282.96101881
"18458",6052893.59998537,3748682.96101881,6053124.54009305,3748482.96101881
"18461",6052893.59998537,3748082.96101881,6053124.54009305,3747882.96101881
"18460",6052893.59998537,3748282.96101881,6053124.54009305,3748082.96101881
"18463",6052893.59998537,3747682.96101881,6053124.54009305,3747482.96101881
"18462",6052893.59998537,3747882.96101881,6053124.54009305,3747682.96101881
"18465",6052893.59998537,3747282.96101881,6053124.54009305,3747082.96101881
"18464",6052893.59998537,3747482.96101881,6053124.54009305,3747282.96101881
"18467",6052893.59998537,3746882.96101881,6053124.54009305,3746682.96101881
"18466",6052893.59998537,3747082.96101881,6053124.54009305,3746882.96101881
"18469",6052893.59998537,3746482.96101881,6053124.54009305,3746282.96101881
"18468",6052893.59998537,3746682.96101881,6053124.54009305,3746482.96101881
"18471",6052893.59998537,3746082.96101881,6053124.54009305,3745882.96101881
"18470",6052893.59998537,3746282.96101881,6053124.54009305,3746082.96101881
"18473",6052893.59998537,3745682.96101881,6053124.54009305,3745482.96101881
"18472",6052893.59998537,3745882.96101881,6053124.54009305,3745682.96101881
"18475",6052893.59998537,3745282.96101881,6053124.54009305,3745082.96101881
"18474",6052893.59998537,3745482.96101881,6053124.54009305,3745282.96101881
"18477",6052893.59998537,3744882.96101881,6053124.54009305,3744682.96101881
"18476",6052893.59998537,3745082.96101881,6053124.54009305,3744882.96101881
"18479",6052893.59998537,3744482.96101881,6053124.54009305,3744282.96101881
"18478",6052893.59998537,3744682.96101881,6053124.54009305,3744482.96101881
"18481",6052893.59998537,3744082.96101881,6053124.54009305,3743882.96101881
"18480",6052893.59998537,3744282.96101881,6053124.54009305,3744082.96101881
"18483",6052893.59998537,3743682.96101881,6053124.54009305,3743482.96101881
"18482",6052893.59998537,3743882.96101881,6053124.54009305,3743682.96101881
"18485",6052893.59998537,3743282.96101881,6053124.54009305,3743082.96101881
"18484",6052893.59998537,3743482.96101881,6053124.54009305,3743282.96101881
"18487",6052893.59998537,3742882.96101881,6053124.54009305,3742682.96101881
"18486",6052893.59998537,3743082.96101881,6053124.54009305,3742882.96101881
"18489",6052893.59998537,3742482.96101881,6053124.54009305,3742282.96101881
"18488",6052893.59998537,3742682.96101881,6053124.54009305,3742482.96101881
"18491",6052893.59998537,3742082.96101881,6053124.54009305,3741882.96101881
"18490",6052893.59998537,3742282.96101881,6053124.54009305,3742082.96101881
"18493",6052893.59998537,3741682.96101881,6053124.54009305,3741482.96101881
"18492",6052893.59998537,3741882.96101881,6053124.54009305,3741682.96101881
"18495",6052893.59998537,3741282.96101881,6053124.54009305,3741082.96101881
"18494",6052893.59998537,3741482.96101881,6053124.54009305,3741282.96101881
"18497",6052893.59998537,3740882.96101881,6053124.54009305,3740682.96101881
"18496",6052893.59998537,3741082.96101881,6053124.54009305,3740882.96101881
"18499",6052893.59998537,3740482.96101881,6053124.54009305,3740282.96101881
"18498",6052893.59998537,3740682.96101881,6053124.54009305,3740482.96101881
"18501",6052893.59998537,3740082.96101881,6053124.54009305,3739882.96101881
"18500",6052893.59998537,3740282.96101881,6053124.54009305,3740082.96101881
"18503",6052893.59998537,3739682.96101881,6053124.54009305,3739482.96101881
"18502",6052893.59998537,3739882.96101881,6053124.54009305,3739682.96101881
"18505",6052893.59998537,3739282.96101881,6053124.54009305,3739082.96101881
"18504",6052893.59998537,3739482.96101881,6053124.54009305,3739282.96101881
"18507",6052893.59998537,3738882.96101881,6053124.54009305,3738682.96101881
"18506",6052893.59998537,3739082.96101881,6053124.54009305,3738882.96101881
"18509",6052893.59998537,3738482.96101881,6053124.54009305,3738282.96101881
"18508",6052893.59998537,3738682.96101881,6053124.54009305,3738482.96101881
"18511",6052893.59998537,3738082.96101881,6053124.54009305,3737882.96101881
"18510",6052893.59998537,3738282.96101881,6053124.54009305,3738082.96101881
"18513",6052893.59998537,3737682.96101881,6053124.54009305,3737482.96101881
"18512",6052893.59998537,3737882.96101881,6053124.54009305,3737682.96101881
"18515",6052893.59998537,3737282.96101881,6053124.54009305,3737082.96101881
"18514",6052893.59998537,3737482.96101881,6053124.54009305,3737282.96101881
"18517",6052893.59998537,3736882.96101881,6053124.54009305,3736682.96101881
"18516",6052893.59998537,3737082.96101881,6053124.54009305,3736882.96101881
"18519",6052893.59998537,3736482.96101881,6053124.54009305,3736282.96101881
"18518",6052893.59998537,3736682.96101881,6053124.54009305,3736482.96101881
"18521",6052893.59998537,3736082.96101881,6053124.54009305,3735882.96101881
"18520",6052893.59998537,3736282.96101881,6053124.54009305,3736082.96101881
"18523",6052893.59998537,3735682.96101881,6053124.54009305,3735482.96101881
"18522",6052893.59998537,3735882.96101881,6053124.54009305,3735682.96101881
"18597",6053066.80506613,3751982.96101881,6053297.74517381,3751782.96101881
"18599",6053066.80506613,3751582.96101881,6053297.74517381,3751382.96101881
"18598",6053066.80506613,3751782.96101881,6053297.74517381,3751582.96101881
"18601",6053066.80506613,3751182.96101881,6053297.74517381,3750982.96101881
"18600",6053066.80506613,3751382.96101881,6053297.74517381,3751182.96101881
"18603",6053066.80506613,3750782.96101881,6053297.74517381,3750582.96101881
"18602",6053066.80506613,3750982.96101881,6053297.74517381,3750782.96101881
"18605",6053066.80506613,3750382.96101881,6053297.74517381,3750182.96101881
"18604",6053066.80506613,3750582.96101881,6053297.74517381,3750382.96101881
"18607",6053066.80506613,3749982.96101881,6053297.74517381,3749782.96101881
"18606",6053066.80506613,3750182.96101881,6053297.74517381,3749982.96101881
"18609",6053066.80506613,3749582.96101881,6053297.74517381,3749382.96101881
"18608",6053066.80506613,3749782.96101881,6053297.74517381,3749582.96101881
"18611",6053066.80506613,3749182.96101881,6053297.74517381,3748982.96101881
"18610",6053066.80506613,3749382.96101881,6053297.74517381,3749182.96101881
"18613",6053066.80506613,3748782.96101881,6053297.74517381,3748582.96101881
"18612",6053066.80506613,3748982.96101881,6053297.74517381,3748782.96101881
"18615",6053066.80506613,3748382.96101881,6053297.74517381,3748182.96101881
"18614",6053066.80506613,3748582.96101881,6053297.74517381,3748382.96101881
"18617",6053066.80506613,3747982.96101881,6053297.74517381,3747782.96101881
"18616",6053066.80506613,3748182.96101881,6053297.74517381,3747982.96101881
"18619",6053066.80506613,3747582.96101881,6053297.74517381,3747382.96101881
"18618",6053066.80506613,3747782.96101881,6053297.74517381,3747582.96101881
"18621",6053066.80506613,3747182.96101881,6053297.74517381,3746982.96101881
"18620",6053066.80506613,3747382.96101881,6053297.74517381,3747182.96101881
"18623",6053066.80506613,3746782.96101881,6053297.74517381,3746582.96101881
"18622",6053066.80506613,3746982.96101881,6053297.74517381,3746782.96101881
"18625",6053066.80506613,3746382.96101881,6053297.74517381,3746182.96101881
"18624",6053066.80506613,3746582.96101881,6053297.74517381,3746382.96101881
"18627",6053066.80506613,3745982.96101881,6053297.74517381,3745782.96101881
"18626",6053066.80506613,3746182.96101881,6053297.74517381,3745982.96101881
"18629",6053066.80506613,3745582.96101881,6053297.74517381,3745382.96101881
"18628",6053066.80506613,3745782.96101881,6053297.74517381,3745582.96101881
"18631",6053066.80506613,3745182.96101881,6053297.74517381,3744982.96101881
"18630",6053066.80506613,3745382.96101881,6053297.74517381,3745182.96101881
"18633",6053066.80506613,3744782.96101881,6053297.74517381,3744582.96101881
"18632",6053066.80506613,3744982.96101881,6053297.74517381,3744782.96101881
"18635",6053066.80506613,3744382.96101881,6053297.74517381,3744182.96101881
"18634",6053066.80506613,3744582.96101881,6053297.74517381,3744382.96101881
"18637",6053066.80506613,3743982.96101881,6053297.74517381,3743782.96101881
"18636",6053066.80506613,3744182.96101881,6053297.74517381,3743982.96101881
"18639",6053066.80506613,3743582.96101881,6053297.74517381,3743382.96101881
"18638",6053066.80506613,3743782.96101881,6053297.74517381,3743582.96101881
"18641",6053066.80506613,3743182.96101881,6053297.74517381,3742982.96101881
"18640",6053066.80506613,3743382.96101881,6053297.74517381,3743182.96101881
"18643",6053066.80506613,3742782.96101881,6053297.74517381,3742582.96101881
"18642",6053066.80506613,3742982.96101881,6053297.74517381,3742782.96101881
"18645",6053066.80506613,3742382.96101881,6053297.74517381,3742182.96101881
"18644",6053066.80506613,3742582.96101881,6053297.74517381,3742382.96101881
"18647",6053066.80506613,3741982.96101881,6053297.74517381,3741782.96101881
"18646",6053066.80506613,3742182.96101881,6053297.74517381,3741982.96101881
"18649",6053066.80506613,3741582.96101881,6053297.74517381,3741382.96101881
"18648",6053066.80506613,3741782.96101881,6053297.74517381,3741582.96101881
"18651",6053066.80506613,3741182.96101881,6053297.74517381,3740982.96101881
"18650",6053066.80506613,3741382.96101881,6053297.74517381,3741182.96101881
"18653",6053066.80506613,3740782.96101881,6053297.74517381,3740582.96101881
"18652",6053066.80506613,3740982.96101881,6053297.74517381,3740782.96101881
"18655",6053066.80506613,3740382.96101881,6053297.74517381,3740182.96101881
"18654",6053066.80506613,3740582.96101881,6053297.74517381,3740382.96101881
"18657",6053066.80506613,3739982.96101881,6053297.74517381,3739782.96101881
"18656",6053066.80506613,3740182.96101881,6053297.74517381,3739982.96101881
"18659",6053066.80506613,3739582.96101881,6053297.74517381,3739382.96101881
"18658",6053066.80506613,3739782.96101881,6053297.74517381,3739582.96101881
"18661",6053066.80506613,3739182.96101881,6053297.74517381,3738982.96101881
"18660",6053066.80506613,3739382.96101881,6053297.74517381,3739182.96101881
"18663",6053066.80506613,3738782.96101881,6053297.74517381,3738582.96101881
"18662",6053066.80506613,3738982.96101881,6053297.74517381,3738782.96101881
"18665",6053066.80506613,3738382.96101881,6053297.74517381,3738182.96101881
"18664",6053066.80506613,3738582.96101881,6053297.74517381,3738382.96101881
"18667",6053066.80506613,3737982.96101881,6053297.74517381,3737782.96101881
"18666",6053066.80506613,3738182.96101881,6053297.74517381,3737982.96101881
"18669",6053066.80506613,3737582.96101881,6053297.74517381,3737382.96101881
"18668",6053066.80506613,3737782.96101881,6053297.74517381,3737582.96101881
"18671",6053066.80506613,3737182.96101881,6053297.74517381,3736982.96101881
"18670",6053066.80506613,3737382.96101881,6053297.74517381,3737182.96101881
"18673",6053066.80506613,3736782.96101881,6053297.74517381,3736582.96101881
"18672",6053066.80506613,3736982.96101881,6053297.74517381,3736782.96101881
"18675",6053066.80506613,3736382.96101881,6053297.74517381,3736182.96101881
"18674",6053066.80506613,3736582.96101881,6053297.74517381,3736382.96101881
"18677",6053066.80506613,3735982.96101881,6053297.74517381,3735782.96101881
"18676",6053066.80506613,3736182.96101881,6053297.74517381,3735982.96101881
"18679",6053066.80506613,3735582.96101881,6053297.74517381,3735382.96101881
"18678",6053066.80506613,3735782.96101881,6053297.74517381,3735582.96101881
"18177",6052547.18982386,3742482.96101881,6052778.12993154,3742282.96101881
"18176",6052547.18982386,3742682.96101881,6052778.12993154,3742482.96101881
"18179",6052547.18982386,3742082.96101881,6052778.12993154,3741882.96101881
"18178",6052547.18982386,3742282.96101881,6052778.12993154,3742082.96101881
"18181",6052547.18982386,3741682.96101881,6052778.12993154,3741482.96101881
"18180",6052547.18982386,3741882.96101881,6052778.12993154,3741682.96101881
"18183",6052547.18982386,3741282.96101881,6052778.12993154,3741082.96101881
"18182",6052547.18982386,3741482.96101881,6052778.12993154,3741282.96101881
"18185",6052547.18982386,3740882.96101881,6052778.12993154,3740682.96101881
"18184",6052547.18982386,3741082.96101881,6052778.12993154,3740882.96101881
"18187",6052547.18982386,3740482.96101881,6052778.12993154,3740282.96101881
"18186",6052547.18982386,3740682.96101881,6052778.12993154,3740482.96101881
"18189",6052547.18982386,3740082.96101881,6052778.12993154,3739882.96101881
"18188",6052547.18982386,3740282.96101881,6052778.12993154,3740082.96101881
"18191",6052547.18982386,3739682.96101881,6052778.12993154,3739482.96101881
"18190",6052547.18982386,3739882.96101881,6052778.12993154,3739682.96101881
"18193",6052547.18982386,3739282.96101881,6052778.12993154,3739082.96101881
"18192",6052547.18982386,3739482.96101881,6052778.12993154,3739282.96101881
"18195",6052547.18982386,3738882.96101881,6052778.12993154,3738682.96101881
"18194",6052547.18982386,3739082.96101881,6052778.12993154,3738882.96101881
"18197",6052547.18982386,3738482.96101881,6052778.12993154,3738282.96101881
"18196",6052547.18982386,3738682.96101881,6052778.12993154,3738482.96101881
"18199",6052547.18982386,3738082.96101881,6052778.12993154,3737882.96101881
"18198",6052547.18982386,3738282.96101881,6052778.12993154,3738082.96101881
"18201",6052547.18982386,3737682.96101881,6052778.12993154,3737482.96101881
"18200",6052547.18982386,3737882.96101881,6052778.12993154,3737682.96101881
"18203",6052547.18982386,3737282.96101881,6052778.12993154,3737082.96101881
"18202",6052547.18982386,3737482.96101881,6052778.12993154,3737282.96101881
"18205",6052547.18982386,3736882.96101881,6052778.12993154,3736682.96101881
"18204",6052547.18982386,3737082.96101881,6052778.12993154,3736882.96101881
"18207",6052547.18982386,3736482.96101881,6052778.12993154,3736282.96101881
"18206",6052547.18982386,3736682.96101881,6052778.12993154,3736482.96101881
"18209",6052547.18982386,3736082.96101881,6052778.12993154,3735882.96101881
"18208",6052547.18982386,3736282.96101881,6052778.12993154,3736082.96101881
"18210",6052547.18982386,3735882.96101881,6052778.12993154,3735682.96101881
"18289",6052720.39490462,3751182.96101881,6052951.33501229,3750982.96101881
"18288",6052720.39490462,3751382.96101881,6052951.33501229,3751182.96101881
"18291",6052720.39490462,3750782.96101881,6052951.33501229,3750582.96101881
"18290",6052720.39490462,3750982.96101881,6052951.33501229,3750782.96101881
"18293",6052720.39490462,3750382.96101881,6052951.33501229,3750182.96101881
"18292",6052720.39490462,3750582.96101881,6052951.33501229,3750382.96101881
"18295",6052720.39490462,3749982.96101881,6052951.33501229,3749782.96101881
"18294",6052720.39490462,3750182.96101881,6052951.33501229,3749982.96101881
"18297",6052720.39490462,3749582.96101881,6052951.33501229,3749382.96101881
"18296",6052720.39490462,3749782.96101881,6052951.33501229,3749582.96101881
"18299",6052720.39490462,3749182.96101881,6052951.33501229,3748982.96101881
"18298",6052720.39490462,3749382.96101881,6052951.33501229,3749182.96101881
"18301",6052720.39490462,3748782.96101881,6052951.33501229,3748582.96101881
"18300",6052720.39490462,3748982.96101881,6052951.33501229,3748782.96101881
"18303",6052720.39490462,3748382.96101881,6052951.33501229,3748182.96101881
"18302",6052720.39490462,3748582.96101881,6052951.33501229,3748382.96101881
"18305",6052720.39490462,3747982.96101881,6052951.33501229,3747782.96101881
"18304",6052720.39490462,3748182.96101881,6052951.33501229,3747982.96101881
"18307",6052720.39490462,3747582.96101881,6052951.33501229,3747382.96101881
"18306",6052720.39490462,3747782.96101881,6052951.33501229,3747582.96101881
"18309",6052720.39490462,3747182.96101881,6052951.33501229,3746982.96101881
"18308",6052720.39490462,3747382.96101881,6052951.33501229,3747182.96101881
"18311",6052720.39490462,3746782.96101881,6052951.33501229,3746582.96101881
"18310",6052720.39490462,3746982.96101881,6052951.33501229,3746782.96101881
"18313",6052720.39490462,3746382.96101881,6052951.33501229,3746182.96101881
"18312",6052720.39490462,3746582.96101881,6052951.33501229,3746382.96101881
"18315",6052720.39490462,3745982.96101881,6052951.33501229,3745782.96101881
"18314",6052720.39490462,3746182.96101881,6052951.33501229,3745982.96101881
"18317",6052720.39490462,3745582.96101881,6052951.33501229,3745382.96101881
"18316",6052720.39490462,3745782.96101881,6052951.33501229,3745582.96101881
"18319",6052720.39490462,3745182.96101881,6052951.33501229,3744982.96101881
"18318",6052720.39490462,3745382.96101881,6052951.33501229,3745182.96101881
"18321",6052720.39490462,3744782.96101881,6052951.33501229,3744582.96101881
"18320",6052720.39490462,3744982.96101881,6052951.33501229,3744782.96101881
"18323",6052720.39490462,3744382.96101881,6052951.33501229,3744182.96101881
"18322",6052720.39490462,3744582.96101881,6052951.33501229,3744382.96101881
"18325",6052720.39490462,3743982.96101881,6052951.33501229,3743782.96101881
"18324",6052720.39490462,3744182.96101881,6052951.33501229,3743982.96101881
"18327",6052720.39490462,3743582.96101881,6052951.33501229,3743382.96101881
"18326",6052720.39490462,3743782.96101881,6052951.33501229,3743582.96101881
"18329",6052720.39490462,3743182.96101881,6052951.33501229,3742982.96101881
"18328",6052720.39490462,3743382.96101881,6052951.33501229,3743182.96101881
"18331",6052720.39490462,3742782.96101881,6052951.33501229,3742582.96101881
"18330",6052720.39490462,3742982.96101881,6052951.33501229,3742782.96101881
"18333",6052720.39490462,3742382.96101881,6052951.33501229,3742182.96101881
"18332",6052720.39490462,3742582.96101881,6052951.33501229,3742382.96101881
"18335",6052720.39490462,3741982.96101881,6052951.33501229,3741782.96101881
"18334",6052720.39490462,3742182.96101881,6052951.33501229,3741982.96101881
"18337",6052720.39490462,3741582.96101881,6052951.33501229,3741382.96101881
"18336",6052720.39490462,3741782.96101881,6052951.33501229,3741582.96101881
"18339",6052720.39490462,3741182.96101881,6052951.33501229,3740982.96101881
"18338",6052720.39490462,3741382.96101881,6052951.33501229,3741182.96101881
"18341",6052720.39490462,3740782.96101881,6052951.33501229,3740582.96101881
"18340",6052720.39490462,3740982.96101881,6052951.33501229,3740782.96101881
"18343",6052720.39490462,3740382.96101881,6052951.33501229,3740182.96101881
"18342",6052720.39490462,3740582.96101881,6052951.33501229,3740382.96101881
"18345",6052720.39490462,3739982.96101881,6052951.33501229,3739782.96101881
"18344",6052720.39490462,3740182.96101881,6052951.33501229,3739982.96101881
"18347",6052720.39490462,3739582.96101881,6052951.33501229,3739382.96101881
"18346",6052720.39490462,3739782.96101881,6052951.33501229,3739582.96101881
"18349",6052720.39490462,3739182.96101881,6052951.33501229,3738982.96101881
"18348",6052720.39490462,3739382.96101881,6052951.33501229,3739182.96101881
"18351",6052720.39490462,3738782.96101881,6052951.33501229,3738582.96101881
"18350",6052720.39490462,3738982.96101881,6052951.33501229,3738782.96101881
"18353",6052720.39490462,3738382.96101881,6052951.33501229,3738182.96101881
"18352",6052720.39490462,3738582.96101881,6052951.33501229,3738382.96101881
"18355",6052720.39490462,3737982.96101881,6052951.33501229,3737782.96101881
"18354",6052720.39490462,3738182.96101881,6052951.33501229,3737982.96101881
"18357",6052720.39490462,3737582.96101881,6052951.33501229,3737382.96101881
"18356",6052720.39490462,3737782.96101881,6052951.33501229,3737582.96101881
"18359",6052720.39490462,3737182.96101881,6052951.33501229,3736982.96101881
"18358",6052720.39490462,3737382.96101881,6052951.33501229,3737182.96101881
"18361",6052720.39490462,3736782.96101881,6052951.33501229,3736582.96101881
"18360",6052720.39490462,3736982.96101881,6052951.33501229,3736782.96101881
"18363",6052720.39490462,3736382.96101881,6052951.33501229,3736182.96101881
"18362",6052720.39490462,3736582.96101881,6052951.33501229,3736382.96101881
"18365",6052720.39490462,3735982.96101881,6052951.33501229,3735782.96101881
"18364",6052720.39490462,3736182.96101881,6052951.33501229,3735982.96101881
"18366",6052720.39490462,3735782.96101881,6052951.33501229,3735582.96101881
"17979",6052373.9847431,3750782.96101881,6052604.92485078,3750582.96101881
"17978",6052373.9847431,3750982.96101881,6052604.92485078,3750782.96101881
"17981",6052373.9847431,3750382.96101881,6052604.92485078,3750182.96101881
"17980",6052373.9847431,3750582.96101881,6052604.92485078,3750382.96101881
"17983",6052373.9847431,3749982.96101881,6052604.92485078,3749782.96101881
"17982",6052373.9847431,3750182.96101881,6052604.92485078,3749982.96101881
"17985",6052373.9847431,3749582.96101881,6052604.92485078,3749382.96101881
"17984",6052373.9847431,3749782.96101881,6052604.92485078,3749582.96101881
"17987",6052373.9847431,3749182.96101881,6052604.92485078,3748982.96101881
"17986",6052373.9847431,3749382.96101881,6052604.92485078,3749182.96101881
"17989",6052373.9847431,3748782.96101881,6052604.92485078,3748582.96101881
"17988",6052373.9847431,3748982.96101881,6052604.92485078,3748782.96101881
"17991",6052373.9847431,3748382.96101881,6052604.92485078,3748182.96101881
"17990",6052373.9847431,3748582.96101881,6052604.92485078,3748382.96101881
"17993",6052373.9847431,3747982.96101881,6052604.92485078,3747782.96101881
"17992",6052373.9847431,3748182.96101881,6052604.92485078,3747982.96101881
"17995",6052373.9847431,3747582.96101881,6052604.92485078,3747382.96101881
"17994",6052373.9847431,3747782.96101881,6052604.92485078,3747582.96101881
"17997",6052373.9847431,3747182.96101881,6052604.92485078,3746982.96101881
"17996",6052373.9847431,3747382.96101881,6052604.92485078,3747182.96101881
"17999",6052373.9847431,3746782.96101881,6052604.92485078,3746582.96101881
"17998",6052373.9847431,3746982.96101881,6052604.92485078,3746782.96101881
"18001",6052373.9847431,3746382.96101881,6052604.92485078,3746182.96101881
"18000",6052373.9847431,3746582.96101881,6052604.92485078,3746382.96101881
"18003",6052373.9847431,3745982.96101881,6052604.92485078,3745782.96101881
"18002",6052373.9847431,3746182.96101881,6052604.92485078,3745982.96101881
"18005",6052373.9847431,3745582.96101881,6052604.92485078,3745382.96101881
"18004",6052373.9847431,3745782.96101881,6052604.92485078,3745582.96101881
"18007",6052373.9847431,3745182.96101881,6052604.92485078,3744982.96101881
"18006",6052373.9847431,3745382.96101881,6052604.92485078,3745182.96101881
"18009",6052373.9847431,3744782.96101881,6052604.92485078,3744582.96101881
"18008",6052373.9847431,3744982.96101881,6052604.92485078,3744782.96101881
"18011",6052373.9847431,3744382.96101881,6052604.92485078,3744182.96101881
"18010",6052373.9847431,3744582.96101881,6052604.92485078,3744382.96101881
"18013",6052373.9847431,3743982.96101881,6052604.92485078,3743782.96101881
"18012",6052373.9847431,3744182.96101881,6052604.92485078,3743982.96101881
"18015",6052373.9847431,3743582.96101881,6052604.92485078,3743382.96101881
"18014",6052373.9847431,3743782.96101881,6052604.92485078,3743582.96101881
"18017",6052373.9847431,3743182.96101881,6052604.92485078,3742982.96101881
"18016",6052373.9847431,3743382.96101881,6052604.92485078,3743182.96101881
"18019",6052373.9847431,3742782.96101881,6052604.92485078,3742582.96101881
"18018",6052373.9847431,3742982.96101881,6052604.92485078,3742782.96101881
"18021",6052373.9847431,3742382.96101881,6052604.92485078,3742182.96101881
"18020",6052373.9847431,3742582.96101881,6052604.92485078,3742382.96101881
"18023",6052373.9847431,3741982.96101881,6052604.92485078,3741782.96101881
"18022",6052373.9847431,3742182.96101881,6052604.92485078,3741982.96101881
"18025",6052373.9847431,3741582.96101881,6052604.92485078,3741382.96101881
"18024",6052373.9847431,3741782.96101881,6052604.92485078,3741582.96101881
"18027",6052373.9847431,3741182.96101881,6052604.92485078,3740982.96101881
"18026",6052373.9847431,3741382.96101881,6052604.92485078,3741182.96101881
"18029",6052373.9847431,3740782.96101881,6052604.92485078,3740582.96101881
"18028",6052373.9847431,3740982.96101881,6052604.92485078,3740782.96101881
"18031",6052373.9847431,3740382.96101881,6052604.92485078,3740182.96101881
"18030",6052373.9847431,3740582.96101881,6052604.92485078,3740382.96101881
"18033",6052373.9847431,3739982.96101881,6052604.92485078,3739782.96101881
"18032",6052373.9847431,3740182.96101881,6052604.92485078,3739982.96101881
"18035",6052373.9847431,3739582.96101881,6052604.92485078,3739382.96101881
"18034",6052373.9847431,3739782.96101881,6052604.92485078,3739582.96101881
"18037",6052373.9847431,3739182.96101881,6052604.92485078,3738982.96101881
"18036",6052373.9847431,3739382.96101881,6052604.92485078,3739182.96101881
"18039",6052373.9847431,3738782.96101881,6052604.92485078,3738582.96101881
"18038",6052373.9847431,3738982.96101881,6052604.92485078,3738782.96101881
"18041",6052373.9847431,3738382.96101881,6052604.92485078,3738182.96101881
"18040",6052373.9847431,3738582.96101881,6052604.92485078,3738382.96101881
"18043",6052373.9847431,3737982.96101881,6052604.92485078,3737782.96101881
"18042",6052373.9847431,3738182.96101881,6052604.92485078,3737982.96101881
"18045",6052373.9847431,3737582.96101881,6052604.92485078,3737382.96101881
"18044",6052373.9847431,3737782.96101881,6052604.92485078,3737582.96101881
"18047",6052373.9847431,3737182.96101881,6052604.92485078,3736982.96101881
"18046",6052373.9847431,3737382.96101881,6052604.92485078,3737182.96101881
"18049",6052373.9847431,3736782.96101881,6052604.92485078,3736582.96101881
"18048",6052373.9847431,3736982.96101881,6052604.92485078,3736782.96101881
"18051",6052373.9847431,3736382.96101881,6052604.92485078,3736182.96101881
"18050",6052373.9847431,3736582.96101881,6052604.92485078,3736382.96101881
"18052",6052373.9847431,3736182.96101881,6052604.92485078,3735982.96101881
"18133",6052547.18982386,3751282.96101881,6052778.12993154,3751082.96101881
"18135",6052547.18982386,3750882.96101881,6052778.12993154,3750682.96101881
"18134",6052547.18982386,3751082.96101881,6052778.12993154,3750882.96101881
"18137",6052547.18982386,3750482.96101881,6052778.12993154,3750282.96101881
"18136",6052547.18982386,3750682.96101881,6052778.12993154,3750482.96101881
"18139",6052547.18982386,3750082.96101881,6052778.12993154,3749882.96101881
"18138",6052547.18982386,3750282.96101881,6052778.12993154,3750082.96101881
"18141",6052547.18982386,3749682.96101881,6052778.12993154,3749482.96101881
"18140",6052547.18982386,3749882.96101881,6052778.12993154,3749682.96101881
"18143",6052547.18982386,3749282.96101881,6052778.12993154,3749082.96101881
"18142",6052547.18982386,3749482.96101881,6052778.12993154,3749282.96101881
"18145",6052547.18982386,3748882.96101881,6052778.12993154,3748682.96101881
"18144",6052547.18982386,3749082.96101881,6052778.12993154,3748882.96101881
"18147",6052547.18982386,3748482.96101881,6052778.12993154,3748282.96101881
"18146",6052547.18982386,3748682.96101881,6052778.12993154,3748482.96101881
"18149",6052547.18982386,3748082.96101881,6052778.12993154,3747882.96101881
"18148",6052547.18982386,3748282.96101881,6052778.12993154,3748082.96101881
"18151",6052547.18982386,3747682.96101881,6052778.12993154,3747482.96101881
"18150",6052547.18982386,3747882.96101881,6052778.12993154,3747682.96101881
"18153",6052547.18982386,3747282.96101881,6052778.12993154,3747082.96101881
"18152",6052547.18982386,3747482.96101881,6052778.12993154,3747282.96101881
"18155",6052547.18982386,3746882.96101881,6052778.12993154,3746682.96101881
"18154",6052547.18982386,3747082.96101881,6052778.12993154,3746882.96101881
"18157",6052547.18982386,3746482.96101881,6052778.12993154,3746282.96101881
"18156",6052547.18982386,3746682.96101881,6052778.12993154,3746482.96101881
"18159",6052547.18982386,3746082.96101881,6052778.12993154,3745882.96101881
"18158",6052547.18982386,3746282.96101881,6052778.12993154,3746082.96101881
"18161",6052547.18982386,3745682.96101881,6052778.12993154,3745482.96101881
"18160",6052547.18982386,3745882.96101881,6052778.12993154,3745682.96101881
"18163",6052547.18982386,3745282.96101881,6052778.12993154,3745082.96101881
"18162",6052547.18982386,3745482.96101881,6052778.12993154,3745282.96101881
"18165",6052547.18982386,3744882.96101881,6052778.12993154,3744682.96101881
"18164",6052547.18982386,3745082.96101881,6052778.12993154,3744882.96101881
"18167",6052547.18982386,3744482.96101881,6052778.12993154,3744282.96101881
"18166",6052547.18982386,3744682.96101881,6052778.12993154,3744482.96101881
"18169",6052547.18982386,3744082.96101881,6052778.12993154,3743882.96101881
"18168",6052547.18982386,3744282.96101881,6052778.12993154,3744082.96101881
"18171",6052547.18982386,3743682.96101881,6052778.12993154,3743482.96101881
"18170",6052547.18982386,3743882.96101881,6052778.12993154,3743682.96101881
"18173",6052547.18982386,3743282.96101881,6052778.12993154,3743082.96101881
"18172",6052547.18982386,3743482.96101881,6052778.12993154,3743282.96101881
"18175",6052547.18982386,3742882.96101881,6052778.12993154,3742682.96101881
"18174",6052547.18982386,3743082.96101881,6052778.12993154,3742882.96101881
"17669",6052027.57458159,3750382.96101881,6052258.51468926,3750182.96101881
"17668",6052027.57458159,3750582.96101881,6052258.51468926,3750382.96101881
"17671",6052027.57458159,3749982.96101881,6052258.51468926,3749782.96101881
"17670",6052027.57458159,3750182.96101881,6052258.51468926,3749982.96101881
"17673",6052027.57458159,3749582.96101881,6052258.51468926,3749382.96101881
"17672",6052027.57458159,3749782.96101881,6052258.51468926,3749582.96101881
"17675",6052027.57458159,3749182.96101881,6052258.51468926,3748982.96101881
"17674",6052027.57458159,3749382.96101881,6052258.51468926,3749182.96101881
"17677",6052027.57458159,3748782.96101881,6052258.51468926,3748582.96101881
"17676",6052027.57458159,3748982.96101881,6052258.51468926,3748782.96101881
"17679",6052027.57458159,3748382.96101881,6052258.51468926,3748182.96101881
"17678",6052027.57458159,3748582.96101881,6052258.51468926,3748382.96101881
"17681",6052027.57458159,3747982.96101881,6052258.51468926,3747782.96101881
"17680",6052027.57458159,3748182.96101881,6052258.51468926,3747982.96101881
"17683",6052027.57458159,3747582.96101881,6052258.51468926,3747382.96101881
"17682",6052027.57458159,3747782.96101881,6052258.51468926,3747582.96101881
"17685",6052027.57458159,3747182.96101881,6052258.51468926,3746982.96101881
"17684",6052027.57458159,3747382.96101881,6052258.51468926,3747182.96101881
"17687",6052027.57458159,3746782.96101881,6052258.51468926,3746582.96101881
"17686",6052027.57458159,3746982.96101881,6052258.51468926,3746782.96101881
"17689",6052027.57458159,3746382.96101881,6052258.51468926,3746182.96101881
"17688",6052027.57458159,3746582.96101881,6052258.51468926,3746382.96101881
"17691",6052027.57458159,3745982.96101881,6052258.51468926,3745782.96101881
"17690",6052027.57458159,3746182.96101881,6052258.51468926,3745982.96101881
"17693",6052027.57458159,3745582.96101881,6052258.51468926,3745382.96101881
"17692",6052027.57458159,3745782.96101881,6052258.51468926,3745582.96101881
"17695",6052027.57458159,3745182.96101881,6052258.51468926,3744982.96101881
"17694",6052027.57458159,3745382.96101881,6052258.51468926,3745182.96101881
"17697",6052027.57458159,3744782.96101881,6052258.51468926,3744582.96101881
"17696",6052027.57458159,3744982.96101881,6052258.51468926,3744782.96101881
"17699",6052027.57458159,3744382.96101881,6052258.51468926,3744182.96101881
"17698",6052027.57458159,3744582.96101881,6052258.51468926,3744382.96101881
"17701",6052027.57458159,3743982.96101881,6052258.51468926,3743782.96101881
"17700",6052027.57458159,3744182.96101881,6052258.51468926,3743982.96101881
"17703",6052027.57458159,3743582.96101881,6052258.51468926,3743382.96101881
"17702",6052027.57458159,3743782.96101881,6052258.51468926,3743582.96101881
"17705",6052027.57458159,3743182.96101881,6052258.51468926,3742982.96101881
"17704",6052027.57458159,3743382.96101881,6052258.51468926,3743182.96101881
"17707",6052027.57458159,3742782.96101881,6052258.51468926,3742582.96101881
"17706",6052027.57458159,3742982.96101881,6052258.51468926,3742782.96101881
"17709",6052027.57458159,3742382.96101881,6052258.51468926,3742182.96101881
"17708",6052027.57458159,3742582.96101881,6052258.51468926,3742382.96101881
"17711",6052027.57458159,3741982.96101881,6052258.51468926,3741782.96101881
"17710",6052027.57458159,3742182.96101881,6052258.51468926,3741982.96101881
"17713",6052027.57458159,3741582.96101881,6052258.51468926,3741382.96101881
"17712",6052027.57458159,3741782.96101881,6052258.51468926,3741582.96101881
"17715",6052027.57458159,3741182.96101881,6052258.51468926,3740982.96101881
"17714",6052027.57458159,3741382.96101881,6052258.51468926,3741182.96101881
"17717",6052027.57458159,3740782.96101881,6052258.51468926,3740582.96101881
"17716",6052027.57458159,3740982.96101881,6052258.51468926,3740782.96101881
"17719",6052027.57458159,3740382.96101881,6052258.51468926,3740182.96101881
"17718",6052027.57458159,3740582.96101881,6052258.51468926,3740382.96101881
"17721",6052027.57458159,3739982.96101881,6052258.51468926,3739782.96101881
"17720",6052027.57458159,3740182.96101881,6052258.51468926,3739982.96101881
"17723",6052027.57458159,3739582.96101881,6052258.51468926,3739382.96101881
"17722",6052027.57458159,3739782.96101881,6052258.51468926,3739582.96101881
"17725",6052027.57458159,3739182.96101881,6052258.51468926,3738982.96101881
"17724",6052027.57458159,3739382.96101881,6052258.51468926,3739182.96101881
"17727",6052027.57458159,3738782.96101881,6052258.51468926,3738582.96101881
"17726",6052027.57458159,3738982.96101881,6052258.51468926,3738782.96101881
"17729",6052027.57458159,3738382.96101881,6052258.51468926,3738182.96101881
"17728",6052027.57458159,3738582.96101881,6052258.51468926,3738382.96101881
"17731",6052027.57458159,3737982.96101881,6052258.51468926,3737782.96101881
"17730",6052027.57458159,3738182.96101881,6052258.51468926,3737982.96101881
"17733",6052027.57458159,3737582.96101881,6052258.51468926,3737382.96101881
"17732",6052027.57458159,3737782.96101881,6052258.51468926,3737582.96101881
"17735",6052027.57458159,3737182.96101881,6052258.51468926,3736982.96101881
"17734",6052027.57458159,3737382.96101881,6052258.51468926,3737182.96101881
"17737",6052027.57458159,3736782.96101881,6052258.51468926,3736582.96101881
"17736",6052027.57458159,3736982.96101881,6052258.51468926,3736782.96101881
"17739",6052027.57458159,3736382.96101881,6052258.51468926,3736182.96101881
"17738",6052027.57458159,3736582.96101881,6052258.51468926,3736382.96101881
"17825",6052200.77966235,3750482.96101881,6052431.71977002,3750282.96101881
"17824",6052200.77966235,3750682.96101881,6052431.71977002,3750482.96101881
"17827",6052200.77966235,3750082.96101881,6052431.71977002,3749882.96101881
"17826",6052200.77966235,3750282.96101881,6052431.71977002,3750082.96101881
"17829",6052200.77966235,3749682.96101881,6052431.71977002,3749482.96101881
"17828",6052200.77966235,3749882.96101881,6052431.71977002,3749682.96101881
"17831",6052200.77966235,3749282.96101881,6052431.71977002,3749082.96101881
"17830",6052200.77966235,3749482.96101881,6052431.71977002,3749282.96101881
"17833",6052200.77966235,3748882.96101881,6052431.71977002,3748682.96101881
"17832",6052200.77966235,3749082.96101881,6052431.71977002,3748882.96101881
"17835",6052200.77966235,3748482.96101881,6052431.71977002,3748282.96101881
"17834",6052200.77966235,3748682.96101881,6052431.71977002,3748482.96101881
"17837",6052200.77966235,3748082.96101881,6052431.71977002,3747882.96101881
"17836",6052200.77966235,3748282.96101881,6052431.71977002,3748082.96101881
"17839",6052200.77966235,3747682.96101881,6052431.71977002,3747482.96101881
"17838",6052200.77966235,3747882.96101881,6052431.71977002,3747682.96101881
"17841",6052200.77966235,3747282.96101881,6052431.71977002,3747082.96101881
"17840",6052200.77966235,3747482.96101881,6052431.71977002,3747282.96101881
"17843",6052200.77966235,3746882.96101881,6052431.71977002,3746682.96101881
"17842",6052200.77966235,3747082.96101881,6052431.71977002,3746882.96101881
"17845",6052200.77966235,3746482.96101881,6052431.71977002,3746282.96101881
"17844",6052200.77966235,3746682.96101881,6052431.71977002,3746482.96101881
"17847",6052200.77966235,3746082.96101881,6052431.71977002,3745882.96101881
"17846",6052200.77966235,3746282.96101881,6052431.71977002,3746082.96101881
"17849",6052200.77966235,3745682.96101881,6052431.71977002,3745482.96101881
"17848",6052200.77966235,3745882.96101881,6052431.71977002,3745682.96101881
"17851",6052200.77966235,3745282.96101881,6052431.71977002,3745082.96101881
"17850",6052200.77966235,3745482.96101881,6052431.71977002,3745282.96101881
"17853",6052200.77966235,3744882.96101881,6052431.71977002,3744682.96101881
"17852",6052200.77966235,3745082.96101881,6052431.71977002,3744882.96101881
"17855",6052200.77966235,3744482.96101881,6052431.71977002,3744282.96101881
"17854",6052200.77966235,3744682.96101881,6052431.71977002,3744482.96101881
"17857",6052200.77966235,3744082.96101881,6052431.71977002,3743882.96101881
"17856",6052200.77966235,3744282.96101881,6052431.71977002,3744082.96101881
"17859",6052200.77966235,3743682.96101881,6052431.71977002,3743482.96101881
"17858",6052200.77966235,3743882.96101881,6052431.71977002,3743682.96101881
"17861",6052200.77966235,3743282.96101881,6052431.71977002,3743082.96101881
"17860",6052200.77966235,3743482.96101881,6052431.71977002,3743282.96101881
"17863",6052200.77966235,3742882.96101881,6052431.71977002,3742682.96101881
"17862",6052200.77966235,3743082.96101881,6052431.71977002,3742882.96101881
"17865",6052200.77966235,3742482.96101881,6052431.71977002,3742282.96101881
"17864",6052200.77966235,3742682.96101881,6052431.71977002,3742482.96101881
"17867",6052200.77966235,3742082.96101881,6052431.71977002,3741882.96101881
"17866",6052200.77966235,3742282.96101881,6052431.71977002,3742082.96101881
"17869",6052200.77966235,3741682.96101881,6052431.71977002,3741482.96101881
"17868",6052200.77966235,3741882.96101881,6052431.71977002,3741682.96101881
"17871",6052200.77966235,3741282.96101881,6052431.71977002,3741082.96101881
"17870",6052200.77966235,3741482.96101881,6052431.71977002,3741282.96101881
"17873",6052200.77966235,3740882.96101881,6052431.71977002,3740682.96101881
"17872",6052200.77966235,3741082.96101881,6052431.71977002,3740882.96101881
"17875",6052200.77966235,3740482.96101881,6052431.71977002,3740282.96101881
"17874",6052200.77966235,3740682.96101881,6052431.71977002,3740482.96101881
"17877",6052200.77966235,3740082.96101881,6052431.71977002,3739882.96101881
"17876",6052200.77966235,3740282.96101881,6052431.71977002,3740082.96101881
"17879",6052200.77966235,3739682.96101881,6052431.71977002,3739482.96101881
"17878",6052200.77966235,3739882.96101881,6052431.71977002,3739682.96101881
"17881",6052200.77966235,3739282.96101881,6052431.71977002,3739082.96101881
"17880",6052200.77966235,3739482.96101881,6052431.71977002,3739282.96101881
"17883",6052200.77966235,3738882.96101881,6052431.71977002,3738682.96101881
"17882",6052200.77966235,3739082.96101881,6052431.71977002,3738882.96101881
"17885",6052200.77966235,3738482.96101881,6052431.71977002,3738282.96101881
"17884",6052200.77966235,3738682.96101881,6052431.71977002,3738482.96101881
"17887",6052200.77966235,3738082.96101881,6052431.71977002,3737882.96101881
"17886",6052200.77966235,3738282.96101881,6052431.71977002,3738082.96101881
"17889",6052200.77966235,3737682.96101881,6052431.71977002,3737482.96101881
"17888",6052200.77966235,3737882.96101881,6052431.71977002,3737682.96101881
"17891",6052200.77966235,3737282.96101881,6052431.71977002,3737082.96101881
"17890",6052200.77966235,3737482.96101881,6052431.71977002,3737282.96101881
"17893",6052200.77966235,3736882.96101881,6052431.71977002,3736682.96101881
"17892",6052200.77966235,3737082.96101881,6052431.71977002,3736882.96101881
"17895",6052200.77966235,3736482.96101881,6052431.71977002,3736282.96101881
"17894",6052200.77966235,3736682.96101881,6052431.71977002,3736482.96101881
"17896",6052200.77966235,3736282.96101881,6052431.71977002,3736082.96101881
"17409",6051681.16442007,3739982.96101881,6051912.10452775,3739782.96101881
"17408",6051681.16442007,3740182.96101881,6051912.10452775,3739982.96101881
"17411",6051681.16442007,3739582.96101881,6051912.10452775,3739382.96101881
"17410",6051681.16442007,3739782.96101881,6051912.10452775,3739582.96101881
"17413",6051681.16442007,3739182.96101881,6051912.10452775,3738982.96101881
"17412",6051681.16442007,3739382.96101881,6051912.10452775,3739182.96101881
"17415",6051681.16442007,3738782.96101881,6051912.10452775,3738582.96101881
"17414",6051681.16442007,3738982.96101881,6051912.10452775,3738782.96101881
"17417",6051681.16442007,3738382.96101881,6051912.10452775,3738182.96101881
"17416",6051681.16442007,3738582.96101881,6051912.10452775,3738382.96101881
"17419",6051681.16442007,3737982.96101881,6051912.10452775,3737782.96101881
"17418",6051681.16442007,3738182.96101881,6051912.10452775,3737982.96101881
"17421",6051681.16442007,3737582.96101881,6051912.10452775,3737382.96101881
"17420",6051681.16442007,3737782.96101881,6051912.10452775,3737582.96101881
"17423",6051681.16442007,3737182.96101881,6051912.10452775,3736982.96101881
"17422",6051681.16442007,3737382.96101881,6051912.10452775,3737182.96101881
"17425",6051681.16442007,3736782.96101881,6051912.10452775,3736582.96101881
"17424",6051681.16442007,3736982.96101881,6051912.10452775,3736782.96101881
"17515",6051854.36950083,3750082.96101881,6052085.30960851,3749882.96101881
"17514",6051854.36950083,3750282.96101881,6052085.30960851,3750082.96101881
"17517",6051854.36950083,3749682.96101881,6052085.30960851,3749482.96101881
"17516",6051854.36950083,3749882.96101881,6052085.30960851,3749682.96101881
"17519",6051854.36950083,3749282.96101881,6052085.30960851,3749082.96101881
"17518",6051854.36950083,3749482.96101881,6052085.30960851,3749282.96101881
"17521",6051854.36950083,3748882.96101881,6052085.30960851,3748682.96101881
"17520",6051854.36950083,3749082.96101881,6052085.30960851,3748882.96101881
"17523",6051854.36950083,3748482.96101881,6052085.30960851,3748282.96101881
"17522",6051854.36950083,3748682.96101881,6052085.30960851,3748482.96101881
"17525",6051854.36950083,3748082.96101881,6052085.30960851,3747882.96101881
"17524",6051854.36950083,3748282.96101881,6052085.30960851,3748082.96101881
"17527",6051854.36950083,3747682.96101881,6052085.30960851,3747482.96101881
"17526",6051854.36950083,3747882.96101881,6052085.30960851,3747682.96101881
"17529",6051854.36950083,3747282.96101881,6052085.30960851,3747082.96101881
"17528",6051854.36950083,3747482.96101881,6052085.30960851,3747282.96101881
"17531",6051854.36950083,3746882.96101881,6052085.30960851,3746682.96101881
"17530",6051854.36950083,3747082.96101881,6052085.30960851,3746882.96101881
"17533",6051854.36950083,3746482.96101881,6052085.30960851,3746282.96101881
"17532",6051854.36950083,3746682.96101881,6052085.30960851,3746482.96101881
"17535",6051854.36950083,3746082.96101881,6052085.30960851,3745882.96101881
"17534",6051854.36950083,3746282.96101881,6052085.30960851,3746082.96101881
"17537",6051854.36950083,3745682.96101881,6052085.30960851,3745482.96101881
"17536",6051854.36950083,3745882.96101881,6052085.30960851,3745682.96101881
"17539",6051854.36950083,3745282.96101881,6052085.30960851,3745082.96101881
"17538",6051854.36950083,3745482.96101881,6052085.30960851,3745282.96101881
"17541",6051854.36950083,3744882.96101881,6052085.30960851,3744682.96101881
"17540",6051854.36950083,3745082.96101881,6052085.30960851,3744882.96101881
"17543",6051854.36950083,3744482.96101881,6052085.30960851,3744282.96101881
"17542",6051854.36950083,3744682.96101881,6052085.30960851,3744482.96101881
"17545",6051854.36950083,3744082.96101881,6052085.30960851,3743882.96101881
"17544",6051854.36950083,3744282.96101881,6052085.30960851,3744082.96101881
"17547",6051854.36950083,3743682.96101881,6052085.30960851,3743482.96101881
"17546",6051854.36950083,3743882.96101881,6052085.30960851,3743682.96101881
"17549",6051854.36950083,3743282.96101881,6052085.30960851,3743082.96101881
"17548",6051854.36950083,3743482.96101881,6052085.30960851,3743282.96101881
"17551",6051854.36950083,3742882.96101881,6052085.30960851,3742682.96101881
"17550",6051854.36950083,3743082.96101881,6052085.30960851,3742882.96101881
"17553",6051854.36950083,3742482.96101881,6052085.30960851,3742282.96101881
"17552",6051854.36950083,3742682.96101881,6052085.30960851,3742482.96101881
"17555",6051854.36950083,3742082.96101881,6052085.30960851,3741882.96101881
"17554",6051854.36950083,3742282.96101881,6052085.30960851,3742082.96101881
"17557",6051854.36950083,3741682.96101881,6052085.30960851,3741482.96101881
"17556",6051854.36950083,3741882.96101881,6052085.30960851,3741682.96101881
"17559",6051854.36950083,3741282.96101881,6052085.30960851,3741082.96101881
"17558",6051854.36950083,3741482.96101881,6052085.30960851,3741282.96101881
"17561",6051854.36950083,3740882.96101881,6052085.30960851,3740682.96101881
"17560",6051854.36950083,3741082.96101881,6052085.30960851,3740882.96101881
"17563",6051854.36950083,3740482.96101881,6052085.30960851,3740282.96101881
"17562",6051854.36950083,3740682.96101881,6052085.30960851,3740482.96101881
"17565",6051854.36950083,3740082.96101881,6052085.30960851,3739882.96101881
"17564",6051854.36950083,3740282.96101881,6052085.30960851,3740082.96101881
"17567",6051854.36950083,3739682.96101881,6052085.30960851,3739482.96101881
"17566",6051854.36950083,3739882.96101881,6052085.30960851,3739682.96101881
"17569",6051854.36950083,3739282.96101881,6052085.30960851,3739082.96101881
"17568",6051854.36950083,3739482.96101881,6052085.30960851,3739282.96101881
"17571",6051854.36950083,3738882.96101881,6052085.30960851,3738682.96101881
"17570",6051854.36950083,3739082.96101881,6052085.30960851,3738882.96101881
"17573",6051854.36950083,3738482.96101881,6052085.30960851,3738282.96101881
"17572",6051854.36950083,3738682.96101881,6052085.30960851,3738482.96101881
"17575",6051854.36950083,3738082.96101881,6052085.30960851,3737882.96101881
"17574",6051854.36950083,3738282.96101881,6052085.30960851,3738082.96101881
"17577",6051854.36950083,3737682.96101881,6052085.30960851,3737482.96101881
"17576",6051854.36950083,3737882.96101881,6052085.30960851,3737682.96101881
"17579",6051854.36950083,3737282.96101881,6052085.30960851,3737082.96101881
"17578",6051854.36950083,3737482.96101881,6052085.30960851,3737282.96101881
"17581",6051854.36950083,3736882.96101881,6052085.30960851,3736682.96101881
"17580",6051854.36950083,3737082.96101881,6052085.30960851,3736882.96101881
"17582",6051854.36950083,3736682.96101881,6052085.30960851,3736482.96101881
"17205",6051507.95933932,3749682.96101881,6051738.89944699,3749482.96101881
"17204",6051507.95933932,3749882.96101881,6051738.89944699,3749682.96101881
"17207",6051507.95933932,3749282.96101881,6051738.89944699,3749082.96101881
"17206",6051507.95933932,3749482.96101881,6051738.89944699,3749282.96101881
"17209",6051507.95933932,3748882.96101881,6051738.89944699,3748682.96101881
"17208",6051507.95933932,3749082.96101881,6051738.89944699,3748882.96101881
"17211",6051507.95933932,3748482.96101881,6051738.89944699,3748282.96101881
"17210",6051507.95933932,3748682.96101881,6051738.89944699,3748482.96101881
"17213",6051507.95933932,3748082.96101881,6051738.89944699,3747882.96101881
"17212",6051507.95933932,3748282.96101881,6051738.89944699,3748082.96101881
"17215",6051507.95933932,3747682.96101881,6051738.89944699,3747482.96101881
"17214",6051507.95933932,3747882.96101881,6051738.89944699,3747682.96101881
"17217",6051507.95933932,3747282.96101881,6051738.89944699,3747082.96101881
"17216",6051507.95933932,3747482.96101881,6051738.89944699,3747282.96101881
"17219",6051507.95933932,3746882.96101881,6051738.89944699,3746682.96101881
"17218",6051507.95933932,3747082.96101881,6051738.89944699,3746882.96101881
"17221",6051507.95933932,3746482.96101881,6051738.89944699,3746282.96101881
"17220",6051507.95933932,3746682.96101881,6051738.89944699,3746482.96101881
"17223",6051507.95933932,3746082.96101881,6051738.89944699,3745882.96101881
"17222",6051507.95933932,3746282.96101881,6051738.89944699,3746082.96101881
"17225",6051507.95933932,3745682.96101881,6051738.89944699,3745482.96101881
"17224",6051507.95933932,3745882.96101881,6051738.89944699,3745682.96101881
"17227",6051507.95933932,3745282.96101881,6051738.89944699,3745082.96101881
"17226",6051507.95933932,3745482.96101881,6051738.89944699,3745282.96101881
"17229",6051507.95933932,3744882.96101881,6051738.89944699,3744682.96101881
"17228",6051507.95933932,3745082.96101881,6051738.89944699,3744882.96101881
"17231",6051507.95933932,3744482.96101881,6051738.89944699,3744282.96101881
"17230",6051507.95933932,3744682.96101881,6051738.89944699,3744482.96101881
"17233",6051507.95933932,3744082.96101881,6051738.89944699,3743882.96101881
"17232",6051507.95933932,3744282.96101881,6051738.89944699,3744082.96101881
"17235",6051507.95933932,3743682.96101881,6051738.89944699,3743482.96101881
"17234",6051507.95933932,3743882.96101881,6051738.89944699,3743682.96101881
"17237",6051507.95933932,3743282.96101881,6051738.89944699,3743082.96101881
"17236",6051507.95933932,3743482.96101881,6051738.89944699,3743282.96101881
"17239",6051507.95933932,3742882.96101881,6051738.89944699,3742682.96101881
"17238",6051507.95933932,3743082.96101881,6051738.89944699,3742882.96101881
"17241",6051507.95933932,3742482.96101881,6051738.89944699,3742282.96101881
"17240",6051507.95933932,3742682.96101881,6051738.89944699,3742482.96101881
"17243",6051507.95933932,3742082.96101881,6051738.89944699,3741882.96101881
"17242",6051507.95933932,3742282.96101881,6051738.89944699,3742082.96101881
"17245",6051507.95933932,3741682.96101881,6051738.89944699,3741482.96101881
"17244",6051507.95933932,3741882.96101881,6051738.89944699,3741682.96101881
"17247",6051507.95933932,3741282.96101881,6051738.89944699,3741082.96101881
"17246",6051507.95933932,3741482.96101881,6051738.89944699,3741282.96101881
"17249",6051507.95933932,3740882.96101881,6051738.89944699,3740682.96101881
"17248",6051507.95933932,3741082.96101881,6051738.89944699,3740882.96101881
"17251",6051507.95933932,3740482.96101881,6051738.89944699,3740282.96101881
"17250",6051507.95933932,3740682.96101881,6051738.89944699,3740482.96101881
"17253",6051507.95933932,3740082.96101881,6051738.89944699,3739882.96101881
"17252",6051507.95933932,3740282.96101881,6051738.89944699,3740082.96101881
"17255",6051507.95933932,3739682.96101881,6051738.89944699,3739482.96101881
"17254",6051507.95933932,3739882.96101881,6051738.89944699,3739682.96101881
"17257",6051507.95933932,3739282.96101881,6051738.89944699,3739082.96101881
"17256",6051507.95933932,3739482.96101881,6051738.89944699,3739282.96101881
"17259",6051507.95933932,3738882.96101881,6051738.89944699,3738682.96101881
"17258",6051507.95933932,3739082.96101881,6051738.89944699,3738882.96101881
"17261",6051507.95933932,3738482.96101881,6051738.89944699,3738282.96101881
"17260",6051507.95933932,3738682.96101881,6051738.89944699,3738482.96101881
"17263",6051507.95933932,3738082.96101881,6051738.89944699,3737882.96101881
"17262",6051507.95933932,3738282.96101881,6051738.89944699,3738082.96101881
"17265",6051507.95933932,3737682.96101881,6051738.89944699,3737482.96101881
"17264",6051507.95933932,3737882.96101881,6051738.89944699,3737682.96101881
"17267",6051507.95933932,3737282.96101881,6051738.89944699,3737082.96101881
"17266",6051507.95933932,3737482.96101881,6051738.89944699,3737282.96101881
"17269",6051507.95933932,3736882.96101881,6051738.89944699,3736682.96101881
"17268",6051507.95933932,3737082.96101881,6051738.89944699,3736882.96101881
"17359",6051681.16442007,3749982.96101881,6051912.10452775,3749782.96101881
"17361",6051681.16442007,3749582.96101881,6051912.10452775,3749382.96101881
"17360",6051681.16442007,3749782.96101881,6051912.10452775,3749582.96101881
"17363",6051681.16442007,3749182.96101881,6051912.10452775,3748982.96101881
"17362",6051681.16442007,3749382.96101881,6051912.10452775,3749182.96101881
"17365",6051681.16442007,3748782.96101881,6051912.10452775,3748582.96101881
"17364",6051681.16442007,3748982.96101881,6051912.10452775,3748782.96101881
"17367",6051681.16442007,3748382.96101881,6051912.10452775,3748182.96101881
"17366",6051681.16442007,3748582.96101881,6051912.10452775,3748382.96101881
"17369",6051681.16442007,3747982.96101881,6051912.10452775,3747782.96101881
"17368",6051681.16442007,3748182.96101881,6051912.10452775,3747982.96101881
"17371",6051681.16442007,3747582.96101881,6051912.10452775,3747382.96101881
"17370",6051681.16442007,3747782.96101881,6051912.10452775,3747582.96101881
"17373",6051681.16442007,3747182.96101881,6051912.10452775,3746982.96101881
"17372",6051681.16442007,3747382.96101881,6051912.10452775,3747182.96101881
"17375",6051681.16442007,3746782.96101881,6051912.10452775,3746582.96101881
"17374",6051681.16442007,3746982.96101881,6051912.10452775,3746782.96101881
"17377",6051681.16442007,3746382.96101881,6051912.10452775,3746182.96101881
"17376",6051681.16442007,3746582.96101881,6051912.10452775,3746382.96101881
"17379",6051681.16442007,3745982.96101881,6051912.10452775,3745782.96101881
"17378",6051681.16442007,3746182.96101881,6051912.10452775,3745982.96101881
"17381",6051681.16442007,3745582.96101881,6051912.10452775,3745382.96101881
"17380",6051681.16442007,3745782.96101881,6051912.10452775,3745582.96101881
"17383",6051681.16442007,3745182.96101881,6051912.10452775,3744982.96101881
"17382",6051681.16442007,3745382.96101881,6051912.10452775,3745182.96101881
"17385",6051681.16442007,3744782.96101881,6051912.10452775,3744582.96101881
"17384",6051681.16442007,3744982.96101881,6051912.10452775,3744782.96101881
"17387",6051681.16442007,3744382.96101881,6051912.10452775,3744182.96101881
"17386",6051681.16442007,3744582.96101881,6051912.10452775,3744382.96101881
"17389",6051681.16442007,3743982.96101881,6051912.10452775,3743782.96101881
"17388",6051681.16442007,3744182.96101881,6051912.10452775,3743982.96101881
"17391",6051681.16442007,3743582.96101881,6051912.10452775,3743382.96101881
"17390",6051681.16442007,3743782.96101881,6051912.10452775,3743582.96101881
"17393",6051681.16442007,3743182.96101881,6051912.10452775,3742982.96101881
"17392",6051681.16442007,3743382.96101881,6051912.10452775,3743182.96101881
"17395",6051681.16442007,3742782.96101881,6051912.10452775,3742582.96101881
"17394",6051681.16442007,3742982.96101881,6051912.10452775,3742782.96101881
"17397",6051681.16442007,3742382.96101881,6051912.10452775,3742182.96101881
"17396",6051681.16442007,3742582.96101881,6051912.10452775,3742382.96101881
"17399",6051681.16442007,3741982.96101881,6051912.10452775,3741782.96101881
"17398",6051681.16442007,3742182.96101881,6051912.10452775,3741982.96101881
"17401",6051681.16442007,3741582.96101881,6051912.10452775,3741382.96101881
"17400",6051681.16442007,3741782.96101881,6051912.10452775,3741582.96101881
"17403",6051681.16442007,3741182.96101881,6051912.10452775,3740982.96101881
"17402",6051681.16442007,3741382.96101881,6051912.10452775,3741182.96101881
"17405",6051681.16442007,3740782.96101881,6051912.10452775,3740582.96101881
"17404",6051681.16442007,3740982.96101881,6051912.10452775,3740782.96101881
"17407",6051681.16442007,3740382.96101881,6051912.10452775,3740182.96101881
"17406",6051681.16442007,3740582.96101881,6051912.10452775,3740382.96101881
"16897",6051161.5491778,3748882.96101881,6051392.48928548,3748682.96101881
"16896",6051161.5491778,3749082.96101881,6051392.48928548,3748882.96101881
"16899",6051161.5491778,3748482.96101881,6051392.48928548,3748282.96101881
"16898",6051161.5491778,3748682.96101881,6051392.48928548,3748482.96101881
"16901",6051161.5491778,3748082.96101881,6051392.48928548,3747882.96101881
"16900",6051161.5491778,3748282.96101881,6051392.48928548,3748082.96101881
"16903",6051161.5491778,3747682.96101881,6051392.48928548,3747482.96101881
"16902",6051161.5491778,3747882.96101881,6051392.48928548,3747682.96101881
"16905",6051161.5491778,3747282.96101881,6051392.48928548,3747082.96101881
"16904",6051161.5491778,3747482.96101881,6051392.48928548,3747282.96101881
"16907",6051161.5491778,3746882.96101881,6051392.48928548,3746682.96101881
"16906",6051161.5491778,3747082.96101881,6051392.48928548,3746882.96101881
"16909",6051161.5491778,3746482.96101881,6051392.48928548,3746282.96101881
"16908",6051161.5491778,3746682.96101881,6051392.48928548,3746482.96101881
"16911",6051161.5491778,3746082.96101881,6051392.48928548,3745882.96101881
"16910",6051161.5491778,3746282.96101881,6051392.48928548,3746082.96101881
"16913",6051161.5491778,3745682.96101881,6051392.48928548,3745482.96101881
"16912",6051161.5491778,3745882.96101881,6051392.48928548,3745682.96101881
"16915",6051161.5491778,3745282.96101881,6051392.48928548,3745082.96101881
"16914",6051161.5491778,3745482.96101881,6051392.48928548,3745282.96101881
"16917",6051161.5491778,3744882.96101881,6051392.48928548,3744682.96101881
"16916",6051161.5491778,3745082.96101881,6051392.48928548,3744882.96101881
"16919",6051161.5491778,3744482.96101881,6051392.48928548,3744282.96101881
"16918",6051161.5491778,3744682.96101881,6051392.48928548,3744482.96101881
"16921",6051161.5491778,3744082.96101881,6051392.48928548,3743882.96101881
"16920",6051161.5491778,3744282.96101881,6051392.48928548,3744082.96101881
"16923",6051161.5491778,3743682.96101881,6051392.48928548,3743482.96101881
"16922",6051161.5491778,3743882.96101881,6051392.48928548,3743682.96101881
"16925",6051161.5491778,3743282.96101881,6051392.48928548,3743082.96101881
"16924",6051161.5491778,3743482.96101881,6051392.48928548,3743282.96101881
"16927",6051161.5491778,3742882.96101881,6051392.48928548,3742682.96101881
"16926",6051161.5491778,3743082.96101881,6051392.48928548,3742882.96101881
"16929",6051161.5491778,3742482.96101881,6051392.48928548,3742282.96101881
"16928",6051161.5491778,3742682.96101881,6051392.48928548,3742482.96101881
"16931",6051161.5491778,3742082.96101881,6051392.48928548,3741882.96101881
"16930",6051161.5491778,3742282.96101881,6051392.48928548,3742082.96101881
"16933",6051161.5491778,3741682.96101881,6051392.48928548,3741482.96101881
"16932",6051161.5491778,3741882.96101881,6051392.48928548,3741682.96101881
"16935",6051161.5491778,3741282.96101881,6051392.48928548,3741082.96101881
"16934",6051161.5491778,3741482.96101881,6051392.48928548,3741282.96101881
"16937",6051161.5491778,3740882.96101881,6051392.48928548,3740682.96101881
"16936",6051161.5491778,3741082.96101881,6051392.48928548,3740882.96101881
"16939",6051161.5491778,3740482.96101881,6051392.48928548,3740282.96101881
"16938",6051161.5491778,3740682.96101881,6051392.48928548,3740482.96101881
"16941",6051161.5491778,3740082.96101881,6051392.48928548,3739882.96101881
"16940",6051161.5491778,3740282.96101881,6051392.48928548,3740082.96101881
"16943",6051161.5491778,3739682.96101881,6051392.48928548,3739482.96101881
"16942",6051161.5491778,3739882.96101881,6051392.48928548,3739682.96101881
"16945",6051161.5491778,3739282.96101881,6051392.48928548,3739082.96101881
"16944",6051161.5491778,3739482.96101881,6051392.48928548,3739282.96101881
"16947",6051161.5491778,3738882.96101881,6051392.48928548,3738682.96101881
"16946",6051161.5491778,3739082.96101881,6051392.48928548,3738882.96101881
"16949",6051161.5491778,3738482.96101881,6051392.48928548,3738282.96101881
"16948",6051161.5491778,3738682.96101881,6051392.48928548,3738482.96101881
"16951",6051161.5491778,3738082.96101881,6051392.48928548,3737882.96101881
"16950",6051161.5491778,3738282.96101881,6051392.48928548,3738082.96101881
"16953",6051161.5491778,3737682.96101881,6051392.48928548,3737482.96101881
"16952",6051161.5491778,3737882.96101881,6051392.48928548,3737682.96101881
"16955",6051161.5491778,3737282.96101881,6051392.48928548,3737082.96101881
"16954",6051161.5491778,3737482.96101881,6051392.48928548,3737282.96101881
"17049",6051334.75425856,3749582.96101881,6051565.69436624,3749382.96101881
"17051",6051334.75425856,3749182.96101881,6051565.69436624,3748982.96101881
"17050",6051334.75425856,3749382.96101881,6051565.69436624,3749182.96101881
"17053",6051334.75425856,3748782.96101881,6051565.69436624,3748582.96101881
"17052",6051334.75425856,3748982.96101881,6051565.69436624,3748782.96101881
"17055",6051334.75425856,3748382.96101881,6051565.69436624,3748182.96101881
"17054",6051334.75425856,3748582.96101881,6051565.69436624,3748382.96101881
"17057",6051334.75425856,3747982.96101881,6051565.69436624,3747782.96101881
"17056",6051334.75425856,3748182.96101881,6051565.69436624,3747982.96101881
"17059",6051334.75425856,3747582.96101881,6051565.69436624,3747382.96101881
"17058",6051334.75425856,3747782.96101881,6051565.69436624,3747582.96101881
"17061",6051334.75425856,3747182.96101881,6051565.69436624,3746982.96101881
"17060",6051334.75425856,3747382.96101881,6051565.69436624,3747182.96101881
"17063",6051334.75425856,3746782.96101881,6051565.69436624,3746582.96101881
"17062",6051334.75425856,3746982.96101881,6051565.69436624,3746782.96101881
"17065",6051334.75425856,3746382.96101881,6051565.69436624,3746182.96101881
"17064",6051334.75425856,3746582.96101881,6051565.69436624,3746382.96101881
"17067",6051334.75425856,3745982.96101881,6051565.69436624,3745782.96101881
"17066",6051334.75425856,3746182.96101881,6051565.69436624,3745982.96101881
"17069",6051334.75425856,3745582.96101881,6051565.69436624,3745382.96101881
"17068",6051334.75425856,3745782.96101881,6051565.69436624,3745582.96101881
"17071",6051334.75425856,3745182.96101881,6051565.69436624,3744982.96101881
"17070",6051334.75425856,3745382.96101881,6051565.69436624,3745182.96101881
"17073",6051334.75425856,3744782.96101881,6051565.69436624,3744582.96101881
"17072",6051334.75425856,3744982.96101881,6051565.69436624,3744782.96101881
"17075",6051334.75425856,3744382.96101881,6051565.69436624,3744182.96101881
"17074",6051334.75425856,3744582.96101881,6051565.69436624,3744382.96101881
"17077",6051334.75425856,3743982.96101881,6051565.69436624,3743782.96101881
"17076",6051334.75425856,3744182.96101881,6051565.69436624,3743982.96101881
"17079",6051334.75425856,3743582.96101881,6051565.69436624,3743382.96101881
"17078",6051334.75425856,3743782.96101881,6051565.69436624,3743582.96101881
"17081",6051334.75425856,3743182.96101881,6051565.69436624,3742982.96101881
"17080",6051334.75425856,3743382.96101881,6051565.69436624,3743182.96101881
"17083",6051334.75425856,3742782.96101881,6051565.69436624,3742582.96101881
"17082",6051334.75425856,3742982.96101881,6051565.69436624,3742782.96101881
"17085",6051334.75425856,3742382.96101881,6051565.69436624,3742182.96101881
"17084",6051334.75425856,3742582.96101881,6051565.69436624,3742382.96101881
"17087",6051334.75425856,3741982.96101881,6051565.69436624,3741782.96101881
"17086",6051334.75425856,3742182.96101881,6051565.69436624,3741982.96101881
"17089",6051334.75425856,3741582.96101881,6051565.69436624,3741382.96101881
"17088",6051334.75425856,3741782.96101881,6051565.69436624,3741582.96101881
"17091",6051334.75425856,3741182.96101881,6051565.69436624,3740982.96101881
"17090",6051334.75425856,3741382.96101881,6051565.69436624,3741182.96101881
"17093",6051334.75425856,3740782.96101881,6051565.69436624,3740582.96101881
"17092",6051334.75425856,3740982.96101881,6051565.69436624,3740782.96101881
"17095",6051334.75425856,3740382.96101881,6051565.69436624,3740182.96101881
"17094",6051334.75425856,3740582.96101881,6051565.69436624,3740382.96101881
"17097",6051334.75425856,3739982.96101881,6051565.69436624,3739782.96101881
"17096",6051334.75425856,3740182.96101881,6051565.69436624,3739982.96101881
"17099",6051334.75425856,3739582.96101881,6051565.69436624,3739382.96101881
"17098",6051334.75425856,3739782.96101881,6051565.69436624,3739582.96101881
"17101",6051334.75425856,3739182.96101881,6051565.69436624,3738982.96101881
"17100",6051334.75425856,3739382.96101881,6051565.69436624,3739182.96101881
"17103",6051334.75425856,3738782.96101881,6051565.69436624,3738582.96101881
"17102",6051334.75425856,3738982.96101881,6051565.69436624,3738782.96101881
"17105",6051334.75425856,3738382.96101881,6051565.69436624,3738182.96101881
"17104",6051334.75425856,3738582.96101881,6051565.69436624,3738382.96101881
"17107",6051334.75425856,3737982.96101881,6051565.69436624,3737782.96101881
"17106",6051334.75425856,3738182.96101881,6051565.69436624,3737982.96101881
"17109",6051334.75425856,3737582.96101881,6051565.69436624,3737382.96101881
"17108",6051334.75425856,3737782.96101881,6051565.69436624,3737582.96101881
"17111",6051334.75425856,3737182.96101881,6051565.69436624,3736982.96101881
"17110",6051334.75425856,3737382.96101881,6051565.69436624,3737182.96101881
"17112",6051334.75425856,3736982.96101881,6051565.69436624,3736782.96101881
"16641",6050815.13901629,3737682.96101881,6051046.07912397,3737482.96101881
"16640",6050815.13901629,3737882.96101881,6051046.07912397,3737682.96101881
"16642",6050815.13901629,3737482.96101881,6051046.07912397,3737282.96101881
"16739",6050988.34409705,3749182.96101881,6051219.28420472,3748982.96101881
"16741",6050988.34409705,3748782.96101881,6051219.28420472,3748582.96101881
"16740",6050988.34409705,3748982.96101881,6051219.28420472,3748782.96101881
"16743",6050988.34409705,3748382.96101881,6051219.28420472,3748182.96101881
"16742",6050988.34409705,3748582.96101881,6051219.28420472,3748382.96101881
"16745",6050988.34409705,3747982.96101881,6051219.28420472,3747782.96101881
"16744",6050988.34409705,3748182.96101881,6051219.28420472,3747982.96101881
"16747",6050988.34409705,3747582.96101881,6051219.28420472,3747382.96101881
"16746",6050988.34409705,3747782.96101881,6051219.28420472,3747582.96101881
"16749",6050988.34409705,3747182.96101881,6051219.28420472,3746982.96101881
"16748",6050988.34409705,3747382.96101881,6051219.28420472,3747182.96101881
"16751",6050988.34409705,3746782.96101881,6051219.28420472,3746582.96101881
"16750",6050988.34409705,3746982.96101881,6051219.28420472,3746782.96101881
"16753",6050988.34409705,3746382.96101881,6051219.28420472,3746182.96101881
"16752",6050988.34409705,3746582.96101881,6051219.28420472,3746382.96101881
"16755",6050988.34409705,3745982.96101881,6051219.28420472,3745782.96101881
"16754",6050988.34409705,3746182.96101881,6051219.28420472,3745982.96101881
"16757",6050988.34409705,3745582.96101881,6051219.28420472,3745382.96101881
"16756",6050988.34409705,3745782.96101881,6051219.28420472,3745582.96101881
"16759",6050988.34409705,3745182.96101881,6051219.28420472,3744982.96101881
"16758",6050988.34409705,3745382.96101881,6051219.28420472,3745182.96101881
"16761",6050988.34409705,3744782.96101881,6051219.28420472,3744582.96101881
"16760",6050988.34409705,3744982.96101881,6051219.28420472,3744782.96101881
"16763",6050988.34409705,3744382.96101881,6051219.28420472,3744182.96101881
"16762",6050988.34409705,3744582.96101881,6051219.28420472,3744382.96101881
"16765",6050988.34409705,3743982.96101881,6051219.28420472,3743782.96101881
"16764",6050988.34409705,3744182.96101881,6051219.28420472,3743982.96101881
"16767",6050988.34409705,3743582.96101881,6051219.28420472,3743382.96101881
"16766",6050988.34409705,3743782.96101881,6051219.28420472,3743582.96101881
"16769",6050988.34409705,3743182.96101881,6051219.28420472,3742982.96101881
"16768",6050988.34409705,3743382.96101881,6051219.28420472,3743182.96101881
"16771",6050988.34409705,3742782.96101881,6051219.28420472,3742582.96101881
"16770",6050988.34409705,3742982.96101881,6051219.28420472,3742782.96101881
"16773",6050988.34409705,3742382.96101881,6051219.28420472,3742182.96101881
"16772",6050988.34409705,3742582.96101881,6051219.28420472,3742382.96101881
"16775",6050988.34409705,3741982.96101881,6051219.28420472,3741782.96101881
"16774",6050988.34409705,3742182.96101881,6051219.28420472,3741982.96101881
"16777",6050988.34409705,3741582.96101881,6051219.28420472,3741382.96101881
"16776",6050988.34409705,3741782.96101881,6051219.28420472,3741582.96101881
"16779",6050988.34409705,3741182.96101881,6051219.28420472,3740982.96101881
"16778",6050988.34409705,3741382.96101881,6051219.28420472,3741182.96101881
"16781",6050988.34409705,3740782.96101881,6051219.28420472,3740582.96101881
"16780",6050988.34409705,3740982.96101881,6051219.28420472,3740782.96101881
"16783",6050988.34409705,3740382.96101881,6051219.28420472,3740182.96101881
"16782",6050988.34409705,3740582.96101881,6051219.28420472,3740382.96101881
"16785",6050988.34409705,3739982.96101881,6051219.28420472,3739782.96101881
"16784",6050988.34409705,3740182.96101881,6051219.28420472,3739982.96101881
"16787",6050988.34409705,3739582.96101881,6051219.28420472,3739382.96101881
"16786",6050988.34409705,3739782.96101881,6051219.28420472,3739582.96101881
"16789",6050988.34409705,3739182.96101881,6051219.28420472,3738982.96101881
"16788",6050988.34409705,3739382.96101881,6051219.28420472,3739182.96101881
"16791",6050988.34409705,3738782.96101881,6051219.28420472,3738582.96101881
"16790",6050988.34409705,3738982.96101881,6051219.28420472,3738782.96101881
"16793",6050988.34409705,3738382.96101881,6051219.28420472,3738182.96101881
"16792",6050988.34409705,3738582.96101881,6051219.28420472,3738382.96101881
"16795",6050988.34409705,3737982.96101881,6051219.28420472,3737782.96101881
"16794",6050988.34409705,3738182.96101881,6051219.28420472,3737982.96101881
"16797",6050988.34409705,3737582.96101881,6051219.28420472,3737382.96101881
"16796",6050988.34409705,3737782.96101881,6051219.28420472,3737582.96101881
"16798",6050988.34409705,3737382.96101881,6051219.28420472,3737182.96101881
"16895",6051161.5491778,3749282.96101881,6051392.48928548,3749082.96101881
"16429",6050641.93393553,3748782.96101881,6050872.87404321,3748582.96101881
"16431",6050641.93393553,3748382.96101881,6050872.87404321,3748182.96101881
"16430",6050641.93393553,3748582.96101881,6050872.87404321,3748382.96101881
"16433",6050641.93393553,3747982.96101881,6050872.87404321,3747782.96101881
"16432",6050641.93393553,3748182.96101881,6050872.87404321,3747982.96101881
"16435",6050641.93393553,3747582.96101881,6050872.87404321,3747382.96101881
"16434",6050641.93393553,3747782.96101881,6050872.87404321,3747582.96101881
"16437",6050641.93393553,3747182.96101881,6050872.87404321,3746982.96101881
"16436",6050641.93393553,3747382.96101881,6050872.87404321,3747182.96101881
"16439",6050641.93393553,3746782.96101881,6050872.87404321,3746582.96101881
"16438",6050641.93393553,3746982.96101881,6050872.87404321,3746782.96101881
"16441",6050641.93393553,3746382.96101881,6050872.87404321,3746182.96101881
"16440",6050641.93393553,3746582.96101881,6050872.87404321,3746382.96101881
"16443",6050641.93393553,3745982.96101881,6050872.87404321,3745782.96101881
"16442",6050641.93393553,3746182.96101881,6050872.87404321,3745982.96101881
"16445",6050641.93393553,3745582.96101881,6050872.87404321,3745382.96101881
"16444",6050641.93393553,3745782.96101881,6050872.87404321,3745582.96101881
"16447",6050641.93393553,3745182.96101881,6050872.87404321,3744982.96101881
"16446",6050641.93393553,3745382.96101881,6050872.87404321,3745182.96101881
"16449",6050641.93393553,3744782.96101881,6050872.87404321,3744582.96101881
"16448",6050641.93393553,3744982.96101881,6050872.87404321,3744782.96101881
"16451",6050641.93393553,3744382.96101881,6050872.87404321,3744182.96101881
"16450",6050641.93393553,3744582.96101881,6050872.87404321,3744382.96101881
"16453",6050641.93393553,3743982.96101881,6050872.87404321,3743782.96101881
"16452",6050641.93393553,3744182.96101881,6050872.87404321,3743982.96101881
"16455",6050641.93393553,3743582.96101881,6050872.87404321,3743382.96101881
"16454",6050641.93393553,3743782.96101881,6050872.87404321,3743582.96101881
"16457",6050641.93393553,3743182.96101881,6050872.87404321,3742982.96101881
"16456",6050641.93393553,3743382.96101881,6050872.87404321,3743182.96101881
"16459",6050641.93393553,3742782.96101881,6050872.87404321,3742582.96101881
"16458",6050641.93393553,3742982.96101881,6050872.87404321,3742782.96101881
"16461",6050641.93393553,3742382.96101881,6050872.87404321,3742182.96101881
"16460",6050641.93393553,3742582.96101881,6050872.87404321,3742382.96101881
"16463",6050641.93393553,3741982.96101881,6050872.87404321,3741782.96101881
"16462",6050641.93393553,3742182.96101881,6050872.87404321,3741982.96101881
"16465",6050641.93393553,3741582.96101881,6050872.87404321,3741382.96101881
"16464",6050641.93393553,3741782.96101881,6050872.87404321,3741582.96101881
"16467",6050641.93393553,3741182.96101881,6050872.87404321,3740982.96101881
"16466",6050641.93393553,3741382.96101881,6050872.87404321,3741182.96101881
"16469",6050641.93393553,3740782.96101881,6050872.87404321,3740582.96101881
"16468",6050641.93393553,3740982.96101881,6050872.87404321,3740782.96101881
"16471",6050641.93393553,3740382.96101881,6050872.87404321,3740182.96101881
"16470",6050641.93393553,3740582.96101881,6050872.87404321,3740382.96101881
"16473",6050641.93393553,3739982.96101881,6050872.87404321,3739782.96101881
"16472",6050641.93393553,3740182.96101881,6050872.87404321,3739982.96101881
"16475",6050641.93393553,3739582.96101881,6050872.87404321,3739382.96101881
"16474",6050641.93393553,3739782.96101881,6050872.87404321,3739582.96101881
"16477",6050641.93393553,3739182.96101881,6050872.87404321,3738982.96101881
"16476",6050641.93393553,3739382.96101881,6050872.87404321,3739182.96101881
"16479",6050641.93393553,3738782.96101881,6050872.87404321,3738582.96101881
"16478",6050641.93393553,3738982.96101881,6050872.87404321,3738782.96101881
"16481",6050641.93393553,3738382.96101881,6050872.87404321,3738182.96101881
"16480",6050641.93393553,3738582.96101881,6050872.87404321,3738382.96101881
"16483",6050641.93393553,3737982.96101881,6050872.87404321,3737782.96101881
"16482",6050641.93393553,3738182.96101881,6050872.87404321,3737982.96101881
"16485",6050641.93393553,3737582.96101881,6050872.87404321,3737382.96101881
"16484",6050641.93393553,3737782.96101881,6050872.87404321,3737582.96101881
"16585",6050815.13901629,3748882.96101881,6051046.07912397,3748682.96101881
"16587",6050815.13901629,3748482.96101881,6051046.07912397,3748282.96101881
"16586",6050815.13901629,3748682.96101881,6051046.07912397,3748482.96101881
"16589",6050815.13901629,3748082.96101881,6051046.07912397,3747882.96101881
"16588",6050815.13901629,3748282.96101881,6051046.07912397,3748082.96101881
"16591",6050815.13901629,3747682.96101881,6051046.07912397,3747482.96101881
"16590",6050815.13901629,3747882.96101881,6051046.07912397,3747682.96101881
"16593",6050815.13901629,3747282.96101881,6051046.07912397,3747082.96101881
"16592",6050815.13901629,3747482.96101881,6051046.07912397,3747282.96101881
"16595",6050815.13901629,3746882.96101881,6051046.07912397,3746682.96101881
"16594",6050815.13901629,3747082.96101881,6051046.07912397,3746882.96101881
"16597",6050815.13901629,3746482.96101881,6051046.07912397,3746282.96101881
"16596",6050815.13901629,3746682.96101881,6051046.07912397,3746482.96101881
"16599",6050815.13901629,3746082.96101881,6051046.07912397,3745882.96101881
"16598",6050815.13901629,3746282.96101881,6051046.07912397,3746082.96101881
"16601",6050815.13901629,3745682.96101881,6051046.07912397,3745482.96101881
"16600",6050815.13901629,3745882.96101881,6051046.07912397,3745682.96101881
"16603",6050815.13901629,3745282.96101881,6051046.07912397,3745082.96101881
"16602",6050815.13901629,3745482.96101881,6051046.07912397,3745282.96101881
"16605",6050815.13901629,3744882.96101881,6051046.07912397,3744682.96101881
"16604",6050815.13901629,3745082.96101881,6051046.07912397,3744882.96101881
"16607",6050815.13901629,3744482.96101881,6051046.07912397,3744282.96101881
"16606",6050815.13901629,3744682.96101881,6051046.07912397,3744482.96101881
"16609",6050815.13901629,3744082.96101881,6051046.07912397,3743882.96101881
"16608",6050815.13901629,3744282.96101881,6051046.07912397,3744082.96101881
"16611",6050815.13901629,3743682.96101881,6051046.07912397,3743482.96101881
"16610",6050815.13901629,3743882.96101881,6051046.07912397,3743682.96101881
"16613",6050815.13901629,3743282.96101881,6051046.07912397,3743082.96101881
"16612",6050815.13901629,3743482.96101881,6051046.07912397,3743282.96101881
"16615",6050815.13901629,3742882.96101881,6051046.07912397,3742682.96101881
"16614",6050815.13901629,3743082.96101881,6051046.07912397,3742882.96101881
"16617",6050815.13901629,3742482.96101881,6051046.07912397,3742282.96101881
"16616",6050815.13901629,3742682.96101881,6051046.07912397,3742482.96101881
"16619",6050815.13901629,3742082.96101881,6051046.07912397,3741882.96101881
"16618",6050815.13901629,3742282.96101881,6051046.07912397,3742082.96101881
"16621",6050815.13901629,3741682.96101881,6051046.07912397,3741482.96101881
"16620",6050815.13901629,3741882.96101881,6051046.07912397,3741682.96101881
"16623",6050815.13901629,3741282.96101881,6051046.07912397,3741082.96101881
"16622",6050815.13901629,3741482.96101881,6051046.07912397,3741282.96101881
"16625",6050815.13901629,3740882.96101881,6051046.07912397,3740682.96101881
"16624",6050815.13901629,3741082.96101881,6051046.07912397,3740882.96101881
"16627",6050815.13901629,3740482.96101881,6051046.07912397,3740282.96101881
"16626",6050815.13901629,3740682.96101881,6051046.07912397,3740482.96101881
"16629",6050815.13901629,3740082.96101881,6051046.07912397,3739882.96101881
"16628",6050815.13901629,3740282.96101881,6051046.07912397,3740082.96101881
"16631",6050815.13901629,3739682.96101881,6051046.07912397,3739482.96101881
"16630",6050815.13901629,3739882.96101881,6051046.07912397,3739682.96101881
"16633",6050815.13901629,3739282.96101881,6051046.07912397,3739082.96101881
"16632",6050815.13901629,3739482.96101881,6051046.07912397,3739282.96101881
"16635",6050815.13901629,3738882.96101881,6051046.07912397,3738682.96101881
"16634",6050815.13901629,3739082.96101881,6051046.07912397,3738882.96101881
"16637",6050815.13901629,3738482.96101881,6051046.07912397,3738282.96101881
"16636",6050815.13901629,3738682.96101881,6051046.07912397,3738482.96101881
"16639",6050815.13901629,3738082.96101881,6051046.07912397,3737882.96101881
"16638",6050815.13901629,3738282.96101881,6051046.07912397,3738082.96101881
"16129",6050295.52377402,3746382.96101881,6050526.4638817,3746182.96101881
"16128",6050295.52377402,3746582.96101881,6050526.4638817,3746382.96101881
"16131",6050295.52377402,3745982.96101881,6050526.4638817,3745782.96101881
"16130",6050295.52377402,3746182.96101881,6050526.4638817,3745982.96101881
"16133",6050295.52377402,3745582.96101881,6050526.4638817,3745382.96101881
"16132",6050295.52377402,3745782.96101881,6050526.4638817,3745582.96101881
"16135",6050295.52377402,3745182.96101881,6050526.4638817,3744982.96101881
"16134",6050295.52377402,3745382.96101881,6050526.4638817,3745182.96101881
"16137",6050295.52377402,3744782.96101881,6050526.4638817,3744582.96101881
"16136",6050295.52377402,3744982.96101881,6050526.4638817,3744782.96101881
"16139",6050295.52377402,3744382.96101881,6050526.4638817,3744182.96101881
"16138",6050295.52377402,3744582.96101881,6050526.4638817,3744382.96101881
"16141",6050295.52377402,3743982.96101881,6050526.4638817,3743782.96101881
"16140",6050295.52377402,3744182.96101881,6050526.4638817,3743982.96101881
"16143",6050295.52377402,3743582.96101881,6050526.4638817,3743382.96101881
"16142",6050295.52377402,3743782.96101881,6050526.4638817,3743582.96101881
"16145",6050295.52377402,3743182.96101881,6050526.4638817,3742982.96101881
"16144",6050295.52377402,3743382.96101881,6050526.4638817,3743182.96101881
"16147",6050295.52377402,3742782.96101881,6050526.4638817,3742582.96101881
"16146",6050295.52377402,3742982.96101881,6050526.4638817,3742782.96101881
"16149",6050295.52377402,3742382.96101881,6050526.4638817,3742182.96101881
"16148",6050295.52377402,3742582.96101881,6050526.4638817,3742382.96101881
"16151",6050295.52377402,3741982.96101881,6050526.4638817,3741782.96101881
"16150",6050295.52377402,3742182.96101881,6050526.4638817,3741982.96101881
"16153",6050295.52377402,3741582.96101881,6050526.4638817,3741382.96101881
"16152",6050295.52377402,3741782.96101881,6050526.4638817,3741582.96101881
"16155",6050295.52377402,3741182.96101881,6050526.4638817,3740982.96101881
"16154",6050295.52377402,3741382.96101881,6050526.4638817,3741182.96101881
"16157",6050295.52377402,3740782.96101881,6050526.4638817,3740582.96101881
"16156",6050295.52377402,3740982.96101881,6050526.4638817,3740782.96101881
"16159",6050295.52377402,3740382.96101881,6050526.4638817,3740182.96101881
"16158",6050295.52377402,3740582.96101881,6050526.4638817,3740382.96101881
"16161",6050295.52377402,3739982.96101881,6050526.4638817,3739782.96101881
"16160",6050295.52377402,3740182.96101881,6050526.4638817,3739982.96101881
"16163",6050295.52377402,3739582.96101881,6050526.4638817,3739382.96101881
"16162",6050295.52377402,3739782.96101881,6050526.4638817,3739582.96101881
"16165",6050295.52377402,3739182.96101881,6050526.4638817,3738982.96101881
"16164",6050295.52377402,3739382.96101881,6050526.4638817,3739182.96101881
"16167",6050295.52377402,3738782.96101881,6050526.4638817,3738582.96101881
"16166",6050295.52377402,3738982.96101881,6050526.4638817,3738782.96101881
"16169",6050295.52377402,3738382.96101881,6050526.4638817,3738182.96101881
"16168",6050295.52377402,3738582.96101881,6050526.4638817,3738382.96101881
"16171",6050295.52377402,3737982.96101881,6050526.4638817,3737782.96101881
"16170",6050295.52377402,3738182.96101881,6050526.4638817,3737982.96101881
"16275",6050468.72885478,3748482.96101881,6050699.66896245,3748282.96101881
"16277",6050468.72885478,3748082.96101881,6050699.66896245,3747882.96101881
"16276",6050468.72885478,3748282.96101881,6050699.66896245,3748082.96101881
"16279",6050468.72885478,3747682.96101881,6050699.66896245,3747482.96101881
"16278",6050468.72885478,3747882.96101881,6050699.66896245,3747682.96101881
"16281",6050468.72885478,3747282.96101881,6050699.66896245,3747082.96101881
"16280",6050468.72885478,3747482.96101881,6050699.66896245,3747282.96101881
"16283",6050468.72885478,3746882.96101881,6050699.66896245,3746682.96101881
"16282",6050468.72885478,3747082.96101881,6050699.66896245,3746882.96101881
"16285",6050468.72885478,3746482.96101881,6050699.66896245,3746282.96101881
"16284",6050468.72885478,3746682.96101881,6050699.66896245,3746482.96101881
"16287",6050468.72885478,3746082.96101881,6050699.66896245,3745882.96101881
"16286",6050468.72885478,3746282.96101881,6050699.66896245,3746082.96101881
"16289",6050468.72885478,3745682.96101881,6050699.66896245,3745482.96101881
"16288",6050468.72885478,3745882.96101881,6050699.66896245,3745682.96101881
"16291",6050468.72885478,3745282.96101881,6050699.66896245,3745082.96101881
"16290",6050468.72885478,3745482.96101881,6050699.66896245,3745282.96101881
"16293",6050468.72885478,3744882.96101881,6050699.66896245,3744682.96101881
"16292",6050468.72885478,3745082.96101881,6050699.66896245,3744882.96101881
"16295",6050468.72885478,3744482.96101881,6050699.66896245,3744282.96101881
"16294",6050468.72885478,3744682.96101881,6050699.66896245,3744482.96101881
"16297",6050468.72885478,3744082.96101881,6050699.66896245,3743882.96101881
"16296",6050468.72885478,3744282.96101881,6050699.66896245,3744082.96101881
"16299",6050468.72885478,3743682.96101881,6050699.66896245,3743482.96101881
"16298",6050468.72885478,3743882.96101881,6050699.66896245,3743682.96101881
"16301",6050468.72885478,3743282.96101881,6050699.66896245,3743082.96101881
"16300",6050468.72885478,3743482.96101881,6050699.66896245,3743282.96101881
"16303",6050468.72885478,3742882.96101881,6050699.66896245,3742682.96101881
"16302",6050468.72885478,3743082.96101881,6050699.66896245,3742882.96101881
"16305",6050468.72885478,3742482.96101881,6050699.66896245,3742282.96101881
"16304",6050468.72885478,3742682.96101881,6050699.66896245,3742482.96101881
"16307",6050468.72885478,3742082.96101881,6050699.66896245,3741882.96101881
"16306",6050468.72885478,3742282.96101881,6050699.66896245,3742082.96101881
"16309",6050468.72885478,3741682.96101881,6050699.66896245,3741482.96101881
"16308",6050468.72885478,3741882.96101881,6050699.66896245,3741682.96101881
"16311",6050468.72885478,3741282.96101881,6050699.66896245,3741082.96101881
"16310",6050468.72885478,3741482.96101881,6050699.66896245,3741282.96101881
"16313",6050468.72885478,3740882.96101881,6050699.66896245,3740682.96101881
"16312",6050468.72885478,3741082.96101881,6050699.66896245,3740882.96101881
"16315",6050468.72885478,3740482.96101881,6050699.66896245,3740282.96101881
"16314",6050468.72885478,3740682.96101881,6050699.66896245,3740482.96101881
"16317",6050468.72885478,3740082.96101881,6050699.66896245,3739882.96101881
"16316",6050468.72885478,3740282.96101881,6050699.66896245,3740082.96101881
"16319",6050468.72885478,3739682.96101881,6050699.66896245,3739482.96101881
"16318",6050468.72885478,3739882.96101881,6050699.66896245,3739682.96101881
"16321",6050468.72885478,3739282.96101881,6050699.66896245,3739082.96101881
"16320",6050468.72885478,3739482.96101881,6050699.66896245,3739282.96101881
"16323",6050468.72885478,3738882.96101881,6050699.66896245,3738682.96101881
"16322",6050468.72885478,3739082.96101881,6050699.66896245,3738882.96101881
"16325",6050468.72885478,3738482.96101881,6050699.66896245,3738282.96101881
"16324",6050468.72885478,3738682.96101881,6050699.66896245,3738482.96101881
"16327",6050468.72885478,3738082.96101881,6050699.66896245,3737882.96101881
"16326",6050468.72885478,3738282.96101881,6050699.66896245,3738082.96101881
"16328",6050468.72885478,3737882.96101881,6050699.66896245,3737682.96101881
"15965",6050122.31869326,3748082.96101881,6050353.25880094,3747882.96101881
"15967",6050122.31869326,3747682.96101881,6050353.25880094,3747482.96101881
"15966",6050122.31869326,3747882.96101881,6050353.25880094,3747682.96101881
"15969",6050122.31869326,3747282.96101881,6050353.25880094,3747082.96101881
"15968",6050122.31869326,3747482.96101881,6050353.25880094,3747282.96101881
"15971",6050122.31869326,3746882.96101881,6050353.25880094,3746682.96101881
"15970",6050122.31869326,3747082.96101881,6050353.25880094,3746882.96101881
"15973",6050122.31869326,3746482.96101881,6050353.25880094,3746282.96101881
"15972",6050122.31869326,3746682.96101881,6050353.25880094,3746482.96101881
"15975",6050122.31869326,3746082.96101881,6050353.25880094,3745882.96101881
"15974",6050122.31869326,3746282.96101881,6050353.25880094,3746082.96101881
"15977",6050122.31869326,3745682.96101881,6050353.25880094,3745482.96101881
"15976",6050122.31869326,3745882.96101881,6050353.25880094,3745682.96101881
"15979",6050122.31869326,3745282.96101881,6050353.25880094,3745082.96101881
"15978",6050122.31869326,3745482.96101881,6050353.25880094,3745282.96101881
"15981",6050122.31869326,3744882.96101881,6050353.25880094,3744682.96101881
"15980",6050122.31869326,3745082.96101881,6050353.25880094,3744882.96101881
"15983",6050122.31869326,3744482.96101881,6050353.25880094,3744282.96101881
"15982",6050122.31869326,3744682.96101881,6050353.25880094,3744482.96101881
"15985",6050122.31869326,3744082.96101881,6050353.25880094,3743882.96101881
"15984",6050122.31869326,3744282.96101881,6050353.25880094,3744082.96101881
"15987",6050122.31869326,3743682.96101881,6050353.25880094,3743482.96101881
"15986",6050122.31869326,3743882.96101881,6050353.25880094,3743682.96101881
"24163",6059128.98289262,3730882.96101881,6059359.9230003,3730682.96101881
"15989",6050122.31869326,3743282.96101881,6050353.25880094,3743082.96101881
"24162",6059128.98289262,3731082.96101881,6059359.9230003,3730882.96101881
"15988",6050122.31869326,3743482.96101881,6050353.25880094,3743282.96101881
"24165",6059128.98289262,3730482.96101881,6059359.9230003,3730282.96101881
"15991",6050122.31869326,3742882.96101881,6050353.25880094,3742682.96101881
"24164",6059128.98289262,3730682.96101881,6059359.9230003,3730482.96101881
"15990",6050122.31869326,3743082.96101881,6050353.25880094,3742882.96101881
"15993",6050122.31869326,3742482.96101881,6050353.25880094,3742282.96101881
"24166",6059128.98289262,3730282.96101881,6059359.9230003,3730082.96101881
"15992",6050122.31869326,3742682.96101881,6050353.25880094,3742482.96101881
"15995",6050122.31869326,3742082.96101881,6050353.25880094,3741882.96101881
"15994",6050122.31869326,3742282.96101881,6050353.25880094,3742082.96101881
"15997",6050122.31869326,3741682.96101881,6050353.25880094,3741482.96101881
"15996",6050122.31869326,3741882.96101881,6050353.25880094,3741682.96101881
"15999",6050122.31869326,3741282.96101881,6050353.25880094,3741082.96101881
"15998",6050122.31869326,3741482.96101881,6050353.25880094,3741282.96101881
"16001",6050122.31869326,3740882.96101881,6050353.25880094,3740682.96101881
"16000",6050122.31869326,3741082.96101881,6050353.25880094,3740882.96101881
"16003",6050122.31869326,3740482.96101881,6050353.25880094,3740282.96101881
"16002",6050122.31869326,3740682.96101881,6050353.25880094,3740482.96101881
"16005",6050122.31869326,3740082.96101881,6050353.25880094,3739882.96101881
"16004",6050122.31869326,3740282.96101881,6050353.25880094,3740082.96101881
"16007",6050122.31869326,3739682.96101881,6050353.25880094,3739482.96101881
"16006",6050122.31869326,3739882.96101881,6050353.25880094,3739682.96101881
"16009",6050122.31869326,3739282.96101881,6050353.25880094,3739082.96101881
"16008",6050122.31869326,3739482.96101881,6050353.25880094,3739282.96101881
"16011",6050122.31869326,3738882.96101881,6050353.25880094,3738682.96101881
"16010",6050122.31869326,3739082.96101881,6050353.25880094,3738882.96101881
"16013",6050122.31869326,3738482.96101881,6050353.25880094,3738282.96101881
"16012",6050122.31869326,3738682.96101881,6050353.25880094,3738482.96101881
"16015",6050122.31869326,3738082.96101881,6050353.25880094,3737882.96101881
"16014",6050122.31869326,3738282.96101881,6050353.25880094,3738082.96101881
"16121",6050295.52377402,3747982.96101881,6050526.4638817,3747782.96101881
"16120",6050295.52377402,3748182.96101881,6050526.4638817,3747982.96101881
"16123",6050295.52377402,3747582.96101881,6050526.4638817,3747382.96101881
"16122",6050295.52377402,3747782.96101881,6050526.4638817,3747582.96101881
"16125",6050295.52377402,3747182.96101881,6050526.4638817,3746982.96101881
"16124",6050295.52377402,3747382.96101881,6050526.4638817,3747182.96101881
"16127",6050295.52377402,3746782.96101881,6050526.4638817,3746582.96101881
"16126",6050295.52377402,3746982.96101881,6050526.4638817,3746782.96101881
"15657",6049775.90853175,3747282.96101881,6050006.84863943,3747082.96101881
"15656",6049775.90853175,3747482.96101881,6050006.84863943,3747282.96101881
"15659",6049775.90853175,3746882.96101881,6050006.84863943,3746682.96101881
"15658",6049775.90853175,3747082.96101881,6050006.84863943,3746882.96101881
"23835",6058782.57273111,3734082.96101881,6059013.51283878,3733882.96101881
"15661",6049775.90853175,3746482.96101881,6050006.84863943,3746282.96101881
"15660",6049775.90853175,3746682.96101881,6050006.84863943,3746482.96101881
"23837",6058782.57273111,3733682.96101881,6059013.51283878,3733482.96101881
"15663",6049775.90853175,3746082.96101881,6050006.84863943,3745882.96101881
"23836",6058782.57273111,3733882.96101881,6059013.51283878,3733682.96101881
"15662",6049775.90853175,3746282.96101881,6050006.84863943,3746082.96101881
"23839",6058782.57273111,3733282.96101881,6059013.51283878,3733082.96101881
"15665",6049775.90853175,3745682.96101881,6050006.84863943,3745482.96101881
"23838",6058782.57273111,3733482.96101881,6059013.51283878,3733282.96101881
"15664",6049775.90853175,3745882.96101881,6050006.84863943,3745682.96101881
"23841",6058782.57273111,3732882.96101881,6059013.51283878,3732682.96101881
"15667",6049775.90853175,3745282.96101881,6050006.84863943,3745082.96101881
"23840",6058782.57273111,3733082.96101881,6059013.51283878,3732882.96101881
"15666",6049775.90853175,3745482.96101881,6050006.84863943,3745282.96101881
"23843",6058782.57273111,3732482.96101881,6059013.51283878,3732282.96101881
"15669",6049775.90853175,3744882.96101881,6050006.84863943,3744682.96101881
"23842",6058782.57273111,3732682.96101881,6059013.51283878,3732482.96101881
"15668",6049775.90853175,3745082.96101881,6050006.84863943,3744882.96101881
"23845",6058782.57273111,3732082.96101881,6059013.51283878,3731882.96101881
"15671",6049775.90853175,3744482.96101881,6050006.84863943,3744282.96101881
"23844",6058782.57273111,3732282.96101881,6059013.51283878,3732082.96101881
"15670",6049775.90853175,3744682.96101881,6050006.84863943,3744482.96101881
"23847",6058782.57273111,3731682.96101881,6059013.51283878,3731482.96101881
"15673",6049775.90853175,3744082.96101881,6050006.84863943,3743882.96101881
"23846",6058782.57273111,3731882.96101881,6059013.51283878,3731682.96101881
"15672",6049775.90853175,3744282.96101881,6050006.84863943,3744082.96101881
"23849",6058782.57273111,3731282.96101881,6059013.51283878,3731082.96101881
"15675",6049775.90853175,3743682.96101881,6050006.84863943,3743482.96101881
"23848",6058782.57273111,3731482.96101881,6059013.51283878,3731282.96101881
"15674",6049775.90853175,3743882.96101881,6050006.84863943,3743682.96101881
"23851",6058782.57273111,3730882.96101881,6059013.51283878,3730682.96101881
"15677",6049775.90853175,3743282.96101881,6050006.84863943,3743082.96101881
"23850",6058782.57273111,3731082.96101881,6059013.51283878,3730882.96101881
"15676",6049775.90853175,3743482.96101881,6050006.84863943,3743282.96101881
"23853",6058782.57273111,3730482.96101881,6059013.51283878,3730282.96101881
"15679",6049775.90853175,3742882.96101881,6050006.84863943,3742682.96101881
"23852",6058782.57273111,3730682.96101881,6059013.51283878,3730482.96101881
"15678",6049775.90853175,3743082.96101881,6050006.84863943,3742882.96101881
"15681",6049775.90853175,3742482.96101881,6050006.84863943,3742282.96101881
"15680",6049775.90853175,3742682.96101881,6050006.84863943,3742482.96101881
"15683",6049775.90853175,3742082.96101881,6050006.84863943,3741882.96101881
"15682",6049775.90853175,3742282.96101881,6050006.84863943,3742082.96101881
"15685",6049775.90853175,3741682.96101881,6050006.84863943,3741482.96101881
"15684",6049775.90853175,3741882.96101881,6050006.84863943,3741682.96101881
"15687",6049775.90853175,3741282.96101881,6050006.84863943,3741082.96101881
"15686",6049775.90853175,3741482.96101881,6050006.84863943,3741282.96101881
"15689",6049775.90853175,3740882.96101881,6050006.84863943,3740682.96101881
"15688",6049775.90853175,3741082.96101881,6050006.84863943,3740882.96101881
"15691",6049775.90853175,3740482.96101881,6050006.84863943,3740282.96101881
"15690",6049775.90853175,3740682.96101881,6050006.84863943,3740482.96101881
"15693",6049775.90853175,3740082.96101881,6050006.84863943,3739882.96101881
"15692",6049775.90853175,3740282.96101881,6050006.84863943,3740082.96101881
"15695",6049775.90853175,3739682.96101881,6050006.84863943,3739482.96101881
"15694",6049775.90853175,3739882.96101881,6050006.84863943,3739682.96101881
"15697",6049775.90853175,3739282.96101881,6050006.84863943,3739082.96101881
"15696",6049775.90853175,3739482.96101881,6050006.84863943,3739282.96101881
"15699",6049775.90853175,3738882.96101881,6050006.84863943,3738682.96101881
"15698",6049775.90853175,3739082.96101881,6050006.84863943,3738882.96101881
"15701",6049775.90853175,3738482.96101881,6050006.84863943,3738282.96101881
"15700",6049775.90853175,3738682.96101881,6050006.84863943,3738482.96101881
"15811",6049949.11361251,3747582.96101881,6050180.05372018,3747382.96101881
"15810",6049949.11361251,3747782.96101881,6050180.05372018,3747582.96101881
"15813",6049949.11361251,3747182.96101881,6050180.05372018,3746982.96101881
"15812",6049949.11361251,3747382.96101881,6050180.05372018,3747182.96101881
"15815",6049949.11361251,3746782.96101881,6050180.05372018,3746582.96101881
"15814",6049949.11361251,3746982.96101881,6050180.05372018,3746782.96101881
"15817",6049949.11361251,3746382.96101881,6050180.05372018,3746182.96101881
"15816",6049949.11361251,3746582.96101881,6050180.05372018,3746382.96101881
"15819",6049949.11361251,3745982.96101881,6050180.05372018,3745782.96101881
"15818",6049949.11361251,3746182.96101881,6050180.05372018,3745982.96101881
"15821",6049949.11361251,3745582.96101881,6050180.05372018,3745382.96101881
"15820",6049949.11361251,3745782.96101881,6050180.05372018,3745582.96101881
"15823",6049949.11361251,3745182.96101881,6050180.05372018,3744982.96101881
"15822",6049949.11361251,3745382.96101881,6050180.05372018,3745182.96101881
"23999",6058955.77781186,3732382.96101881,6059186.71791954,3732182.96101881
"15825",6049949.11361251,3744782.96101881,6050180.05372018,3744582.96101881
"23998",6058955.77781186,3732582.96101881,6059186.71791954,3732382.96101881
"15824",6049949.11361251,3744982.96101881,6050180.05372018,3744782.96101881
"24001",6058955.77781186,3731982.96101881,6059186.71791954,3731782.96101881
"15827",6049949.11361251,3744382.96101881,6050180.05372018,3744182.96101881
"24000",6058955.77781186,3732182.96101881,6059186.71791954,3731982.96101881
"15826",6049949.11361251,3744582.96101881,6050180.05372018,3744382.96101881
"24003",6058955.77781186,3731582.96101881,6059186.71791954,3731382.96101881
"15829",6049949.11361251,3743982.96101881,6050180.05372018,3743782.96101881
"24002",6058955.77781186,3731782.96101881,6059186.71791954,3731582.96101881
"15828",6049949.11361251,3744182.96101881,6050180.05372018,3743982.96101881
"24005",6058955.77781186,3731182.96101881,6059186.71791954,3730982.96101881
"15831",6049949.11361251,3743582.96101881,6050180.05372018,3743382.96101881
"24004",6058955.77781186,3731382.96101881,6059186.71791954,3731182.96101881
"15830",6049949.11361251,3743782.96101881,6050180.05372018,3743582.96101881
"24007",6058955.77781186,3730782.96101881,6059186.71791954,3730582.96101881
"15833",6049949.11361251,3743182.96101881,6050180.05372018,3742982.96101881
"24006",6058955.77781186,3730982.96101881,6059186.71791954,3730782.96101881
"15832",6049949.11361251,3743382.96101881,6050180.05372018,3743182.96101881
"24009",6058955.77781186,3730382.96101881,6059186.71791954,3730182.96101881
"15835",6049949.11361251,3742782.96101881,6050180.05372018,3742582.96101881
"24008",6058955.77781186,3730582.96101881,6059186.71791954,3730382.96101881
"15834",6049949.11361251,3742982.96101881,6050180.05372018,3742782.96101881
"15837",6049949.11361251,3742382.96101881,6050180.05372018,3742182.96101881
"15836",6049949.11361251,3742582.96101881,6050180.05372018,3742382.96101881
"15839",6049949.11361251,3741982.96101881,6050180.05372018,3741782.96101881
"15838",6049949.11361251,3742182.96101881,6050180.05372018,3741982.96101881
"15841",6049949.11361251,3741582.96101881,6050180.05372018,3741382.96101881
"15840",6049949.11361251,3741782.96101881,6050180.05372018,3741582.96101881
"15843",6049949.11361251,3741182.96101881,6050180.05372018,3740982.96101881
"15842",6049949.11361251,3741382.96101881,6050180.05372018,3741182.96101881
"15845",6049949.11361251,3740782.96101881,6050180.05372018,3740582.96101881
"15844",6049949.11361251,3740982.96101881,6050180.05372018,3740782.96101881
"15847",6049949.11361251,3740382.96101881,6050180.05372018,3740182.96101881
"15846",6049949.11361251,3740582.96101881,6050180.05372018,3740382.96101881
"15849",6049949.11361251,3739982.96101881,6050180.05372018,3739782.96101881
"15848",6049949.11361251,3740182.96101881,6050180.05372018,3739982.96101881
"15851",6049949.11361251,3739582.96101881,6050180.05372018,3739382.96101881
"15850",6049949.11361251,3739782.96101881,6050180.05372018,3739582.96101881
"15853",6049949.11361251,3739182.96101881,6050180.05372018,3738982.96101881
"15852",6049949.11361251,3739382.96101881,6050180.05372018,3739182.96101881
"15855",6049949.11361251,3738782.96101881,6050180.05372018,3738582.96101881
"15854",6049949.11361251,3738982.96101881,6050180.05372018,3738782.96101881
"15857",6049949.11361251,3738382.96101881,6050180.05372018,3738182.96101881
"15856",6049949.11361251,3738582.96101881,6050180.05372018,3738382.96101881
"15858",6049949.11361251,3738182.96101881,6050180.05372018,3737982.96101881
"15361",6049429.49837024,3744082.96101881,6049660.43847791,3743882.96101881
"15360",6049429.49837024,3744282.96101881,6049660.43847791,3744082.96101881
"15363",6049429.49837024,3743682.96101881,6049660.43847791,3743482.96101881
"15362",6049429.49837024,3743882.96101881,6049660.43847791,3743682.96101881
"15365",6049429.49837024,3743282.96101881,6049660.43847791,3743082.96101881
"15364",6049429.49837024,3743482.96101881,6049660.43847791,3743282.96101881
"15367",6049429.49837024,3742882.96101881,6049660.43847791,3742682.96101881
"15366",6049429.49837024,3743082.96101881,6049660.43847791,3742882.96101881
"15369",6049429.49837024,3742482.96101881,6049660.43847791,3742282.96101881
"15368",6049429.49837024,3742682.96101881,6049660.43847791,3742482.96101881
"15371",6049429.49837024,3742082.96101881,6049660.43847791,3741882.96101881
"15370",6049429.49837024,3742282.96101881,6049660.43847791,3742082.96101881
"15373",6049429.49837024,3741682.96101881,6049660.43847791,3741482.96101881
"15372",6049429.49837024,3741882.96101881,6049660.43847791,3741682.96101881
"15375",6049429.49837024,3741282.96101881,6049660.43847791,3741082.96101881
"15374",6049429.49837024,3741482.96101881,6049660.43847791,3741282.96101881
"15377",6049429.49837024,3740882.96101881,6049660.43847791,3740682.96101881
"15376",6049429.49837024,3741082.96101881,6049660.43847791,3740882.96101881
"15379",6049429.49837024,3740482.96101881,6049660.43847791,3740282.96101881
"15378",6049429.49837024,3740682.96101881,6049660.43847791,3740482.96101881
"15381",6049429.49837024,3740082.96101881,6049660.43847791,3739882.96101881
"15380",6049429.49837024,3740282.96101881,6049660.43847791,3740082.96101881
"15383",6049429.49837024,3739682.96101881,6049660.43847791,3739482.96101881
"15382",6049429.49837024,3739882.96101881,6049660.43847791,3739682.96101881
"15385",6049429.49837024,3739282.96101881,6049660.43847791,3739082.96101881
"15384",6049429.49837024,3739482.96101881,6049660.43847791,3739282.96101881
"15387",6049429.49837024,3738882.96101881,6049660.43847791,3738682.96101881
"15386",6049429.49837024,3739082.96101881,6049660.43847791,3738882.96101881
"15388",6049429.49837024,3738682.96101881,6049660.43847791,3738482.96101881
"23671",6058609.36765035,3735582.96101881,6058840.30775803,3735382.96101881
"23673",6058609.36765035,3735182.96101881,6058840.30775803,3734982.96101881
"23672",6058609.36765035,3735382.96101881,6058840.30775803,3735182.96101881
"23675",6058609.36765035,3734782.96101881,6058840.30775803,3734582.96101881
"15501",6049602.70345099,3747182.96101881,6049833.64355867,3746982.96101881
"23674",6058609.36765035,3734982.96101881,6058840.30775803,3734782.96101881
"15500",6049602.70345099,3747382.96101881,6049833.64355867,3747182.96101881
"23677",6058609.36765035,3734382.96101881,6058840.30775803,3734182.96101881
"15503",6049602.70345099,3746782.96101881,6049833.64355867,3746582.96101881
"23676",6058609.36765035,3734582.96101881,6058840.30775803,3734382.96101881
"15502",6049602.70345099,3746982.96101881,6049833.64355867,3746782.96101881
"23679",6058609.36765035,3733982.96101881,6058840.30775803,3733782.96101881
"15505",6049602.70345099,3746382.96101881,6049833.64355867,3746182.96101881
"23678",6058609.36765035,3734182.96101881,6058840.30775803,3733982.96101881
"15504",6049602.70345099,3746582.96101881,6049833.64355867,3746382.96101881
"23681",6058609.36765035,3733582.96101881,6058840.30775803,3733382.96101881
"15507",6049602.70345099,3745982.96101881,6049833.64355867,3745782.96101881
"23680",6058609.36765035,3733782.96101881,6058840.30775803,3733582.96101881
"15506",6049602.70345099,3746182.96101881,6049833.64355867,3745982.96101881
"23683",6058609.36765035,3733182.96101881,6058840.30775803,3732982.96101881
"15509",6049602.70345099,3745582.96101881,6049833.64355867,3745382.96101881
"23682",6058609.36765035,3733382.96101881,6058840.30775803,3733182.96101881
"15508",6049602.70345099,3745782.96101881,6049833.64355867,3745582.96101881
"23685",6058609.36765035,3732782.96101881,6058840.30775803,3732582.96101881
"15511",6049602.70345099,3745182.96101881,6049833.64355867,3744982.96101881
"23684",6058609.36765035,3732982.96101881,6058840.30775803,3732782.96101881
"15510",6049602.70345099,3745382.96101881,6049833.64355867,3745182.96101881
"23687",6058609.36765035,3732382.96101881,6058840.30775803,3732182.96101881
"15513",6049602.70345099,3744782.96101881,6049833.64355867,3744582.96101881
"23686",6058609.36765035,3732582.96101881,6058840.30775803,3732382.96101881
"15512",6049602.70345099,3744982.96101881,6049833.64355867,3744782.96101881
"23689",6058609.36765035,3731982.96101881,6058840.30775803,3731782.96101881
"15515",6049602.70345099,3744382.96101881,6049833.64355867,3744182.96101881
"23688",6058609.36765035,3732182.96101881,6058840.30775803,3731982.96101881
"15514",6049602.70345099,3744582.96101881,6049833.64355867,3744382.96101881
"23691",6058609.36765035,3731582.96101881,6058840.30775803,3731382.96101881
"15517",6049602.70345099,3743982.96101881,6049833.64355867,3743782.96101881
"23690",6058609.36765035,3731782.96101881,6058840.30775803,3731582.96101881
"15516",6049602.70345099,3744182.96101881,6049833.64355867,3743982.96101881
"23693",6058609.36765035,3731182.96101881,6058840.30775803,3730982.96101881
"15519",6049602.70345099,3743582.96101881,6049833.64355867,3743382.96101881
"23692",6058609.36765035,3731382.96101881,6058840.30775803,3731182.96101881
"15518",6049602.70345099,3743782.96101881,6049833.64355867,3743582.96101881
"23695",6058609.36765035,3730782.96101881,6058840.30775803,3730582.96101881
"15521",6049602.70345099,3743182.96101881,6049833.64355867,3742982.96101881
"23694",6058609.36765035,3730982.96101881,6058840.30775803,3730782.96101881
"15520",6049602.70345099,3743382.96101881,6049833.64355867,3743182.96101881
"15523",6049602.70345099,3742782.96101881,6049833.64355867,3742582.96101881
"23696",6058609.36765035,3730582.96101881,6058840.30775803,3730382.96101881
"15522",6049602.70345099,3742982.96101881,6049833.64355867,3742782.96101881
"15525",6049602.70345099,3742382.96101881,6049833.64355867,3742182.96101881
"15524",6049602.70345099,3742582.96101881,6049833.64355867,3742382.96101881
"15527",6049602.70345099,3741982.96101881,6049833.64355867,3741782.96101881
"15526",6049602.70345099,3742182.96101881,6049833.64355867,3741982.96101881
"15529",6049602.70345099,3741582.96101881,6049833.64355867,3741382.96101881
"15528",6049602.70345099,3741782.96101881,6049833.64355867,3741582.96101881
"15531",6049602.70345099,3741182.96101881,6049833.64355867,3740982.96101881
"15530",6049602.70345099,3741382.96101881,6049833.64355867,3741182.96101881
"15533",6049602.70345099,3740782.96101881,6049833.64355867,3740582.96101881
"15532",6049602.70345099,3740982.96101881,6049833.64355867,3740782.96101881
"15535",6049602.70345099,3740382.96101881,6049833.64355867,3740182.96101881
"15534",6049602.70345099,3740582.96101881,6049833.64355867,3740382.96101881
"15537",6049602.70345099,3739982.96101881,6049833.64355867,3739782.96101881
"15536",6049602.70345099,3740182.96101881,6049833.64355867,3739982.96101881
"15539",6049602.70345099,3739582.96101881,6049833.64355867,3739382.96101881
"15538",6049602.70345099,3739782.96101881,6049833.64355867,3739582.96101881
"15541",6049602.70345099,3739182.96101881,6049833.64355867,3738982.96101881
"15540",6049602.70345099,3739382.96101881,6049833.64355867,3739182.96101881
"15543",6049602.70345099,3738782.96101881,6049833.64355867,3738582.96101881
"15542",6049602.70345099,3738982.96101881,6049833.64355867,3738782.96101881
"15544",6049602.70345099,3738582.96101881,6049833.64355867,3738382.96101881
"23345",6058262.95748884,3738382.96101881,6058493.89759651,3738182.96101881
"23344",6058262.95748884,3738582.96101881,6058493.89759651,3738382.96101881
"23347",6058262.95748884,3737982.96101881,6058493.89759651,3737782.96101881
"23346",6058262.95748884,3738182.96101881,6058493.89759651,3737982.96101881
"23349",6058262.95748884,3737582.96101881,6058493.89759651,3737382.96101881
"23348",6058262.95748884,3737782.96101881,6058493.89759651,3737582.96101881
"23351",6058262.95748884,3737182.96101881,6058493.89759651,3736982.96101881
"23350",6058262.95748884,3737382.96101881,6058493.89759651,3737182.96101881
"23353",6058262.95748884,3736782.96101881,6058493.89759651,3736582.96101881
"23352",6058262.95748884,3736982.96101881,6058493.89759651,3736782.96101881
"23355",6058262.95748884,3736382.96101881,6058493.89759651,3736182.96101881
"23354",6058262.95748884,3736582.96101881,6058493.89759651,3736382.96101881
"23357",6058262.95748884,3735982.96101881,6058493.89759651,3735782.96101881
"23356",6058262.95748884,3736182.96101881,6058493.89759651,3735982.96101881
"23359",6058262.95748884,3735582.96101881,6058493.89759651,3735382.96101881
"23358",6058262.95748884,3735782.96101881,6058493.89759651,3735582.96101881
"23361",6058262.95748884,3735182.96101881,6058493.89759651,3734982.96101881
"23360",6058262.95748884,3735382.96101881,6058493.89759651,3735182.96101881
"23363",6058262.95748884,3734782.96101881,6058493.89759651,3734582.96101881
"23362",6058262.95748884,3734982.96101881,6058493.89759651,3734782.96101881
"23365",6058262.95748884,3734382.96101881,6058493.89759651,3734182.96101881
"15191",6049256.29328948,3746782.96101881,6049487.23339716,3746582.96101881
"23364",6058262.95748884,3734582.96101881,6058493.89759651,3734382.96101881
"23367",6058262.95748884,3733982.96101881,6058493.89759651,3733782.96101881
"15193",6049256.29328948,3746382.96101881,6049487.23339716,3746182.96101881
"23366",6058262.95748884,3734182.96101881,6058493.89759651,3733982.96101881
"15192",6049256.29328948,3746582.96101881,6049487.23339716,3746382.96101881
"23369",6058262.95748884,3733582.96101881,6058493.89759651,3733382.96101881
"15195",6049256.29328948,3745982.96101881,6049487.23339716,3745782.96101881
"23368",6058262.95748884,3733782.96101881,6058493.89759651,3733582.96101881
"15194",6049256.29328948,3746182.96101881,6049487.23339716,3745982.96101881
"23371",6058262.95748884,3733182.96101881,6058493.89759651,3732982.96101881
"15197",6049256.29328948,3745582.96101881,6049487.23339716,3745382.96101881
"23370",6058262.95748884,3733382.96101881,6058493.89759651,3733182.96101881
"15196",6049256.29328948,3745782.96101881,6049487.23339716,3745582.96101881
"23373",6058262.95748884,3732782.96101881,6058493.89759651,3732582.96101881
"15199",6049256.29328948,3745182.96101881,6049487.23339716,3744982.96101881
"23372",6058262.95748884,3732982.96101881,6058493.89759651,3732782.96101881
"15198",6049256.29328948,3745382.96101881,6049487.23339716,3745182.96101881
"23375",6058262.95748884,3732382.96101881,6058493.89759651,3732182.96101881
"15201",6049256.29328948,3744782.96101881,6049487.23339716,3744582.96101881
"23374",6058262.95748884,3732582.96101881,6058493.89759651,3732382.96101881
"15200",6049256.29328948,3744982.96101881,6049487.23339716,3744782.96101881
"23377",6058262.95748884,3731982.96101881,6058493.89759651,3731782.96101881
"15203",6049256.29328948,3744382.96101881,6049487.23339716,3744182.96101881
"23376",6058262.95748884,3732182.96101881,6058493.89759651,3731982.96101881
"15202",6049256.29328948,3744582.96101881,6049487.23339716,3744382.96101881
"23379",6058262.95748884,3731582.96101881,6058493.89759651,3731382.96101881
"15205",6049256.29328948,3743982.96101881,6049487.23339716,3743782.96101881
"23378",6058262.95748884,3731782.96101881,6058493.89759651,3731582.96101881
"15204",6049256.29328948,3744182.96101881,6049487.23339716,3743982.96101881
"23381",6058262.95748884,3731182.96101881,6058493.89759651,3730982.96101881
"15207",6049256.29328948,3743582.96101881,6049487.23339716,3743382.96101881
"23380",6058262.95748884,3731382.96101881,6058493.89759651,3731182.96101881
"15206",6049256.29328948,3743782.96101881,6049487.23339716,3743582.96101881
"15209",6049256.29328948,3743182.96101881,6049487.23339716,3742982.96101881
"23382",6058262.95748884,3730982.96101881,6058493.89759651,3730782.96101881
"15208",6049256.29328948,3743382.96101881,6049487.23339716,3743182.96101881
"15211",6049256.29328948,3742782.96101881,6049487.23339716,3742582.96101881
"15210",6049256.29328948,3742982.96101881,6049487.23339716,3742782.96101881
"15213",6049256.29328948,3742382.96101881,6049487.23339716,3742182.96101881
"15212",6049256.29328948,3742582.96101881,6049487.23339716,3742382.96101881
"15215",6049256.29328948,3741982.96101881,6049487.23339716,3741782.96101881
"15214",6049256.29328948,3742182.96101881,6049487.23339716,3741982.96101881
"15217",6049256.29328948,3741582.96101881,6049487.23339716,3741382.96101881
"15216",6049256.29328948,3741782.96101881,6049487.23339716,3741582.96101881
"15219",6049256.29328948,3741182.96101881,6049487.23339716,3740982.96101881
"15218",6049256.29328948,3741382.96101881,6049487.23339716,3741182.96101881
"15221",6049256.29328948,3740782.96101881,6049487.23339716,3740582.96101881
"15220",6049256.29328948,3740982.96101881,6049487.23339716,3740782.96101881
"15223",6049256.29328948,3740382.96101881,6049487.23339716,3740182.96101881
"15222",6049256.29328948,3740582.96101881,6049487.23339716,3740382.96101881
"15225",6049256.29328948,3739982.96101881,6049487.23339716,3739782.96101881
"15224",6049256.29328948,3740182.96101881,6049487.23339716,3739982.96101881
"15227",6049256.29328948,3739582.96101881,6049487.23339716,3739382.96101881
"15226",6049256.29328948,3739782.96101881,6049487.23339716,3739582.96101881
"15229",6049256.29328948,3739182.96101881,6049487.23339716,3738982.96101881
"15228",6049256.29328948,3739382.96101881,6049487.23339716,3739182.96101881
"15231",6049256.29328948,3738782.96101881,6049487.23339716,3738582.96101881
"15230",6049256.29328948,3738982.96101881,6049487.23339716,3738782.96101881
"23509",6058436.16256959,3736882.96101881,6058667.10267727,3736682.96101881
"23508",6058436.16256959,3737082.96101881,6058667.10267727,3736882.96101881
"23511",6058436.16256959,3736482.96101881,6058667.10267727,3736282.96101881
"23510",6058436.16256959,3736682.96101881,6058667.10267727,3736482.96101881
"23513",6058436.16256959,3736082.96101881,6058667.10267727,3735882.96101881
"23512",6058436.16256959,3736282.96101881,6058667.10267727,3736082.96101881
"23515",6058436.16256959,3735682.96101881,6058667.10267727,3735482.96101881
"23514",6058436.16256959,3735882.96101881,6058667.10267727,3735682.96101881
"23517",6058436.16256959,3735282.96101881,6058667.10267727,3735082.96101881
"23516",6058436.16256959,3735482.96101881,6058667.10267727,3735282.96101881
"23519",6058436.16256959,3734882.96101881,6058667.10267727,3734682.96101881
"23518",6058436.16256959,3735082.96101881,6058667.10267727,3734882.96101881
"23521",6058436.16256959,3734482.96101881,6058667.10267727,3734282.96101881
"15347",6049429.49837024,3746882.96101881,6049660.43847791,3746682.96101881
"23520",6058436.16256959,3734682.96101881,6058667.10267727,3734482.96101881
"15346",6049429.49837024,3747082.96101881,6049660.43847791,3746882.96101881
"23523",6058436.16256959,3734082.96101881,6058667.10267727,3733882.96101881
"15349",6049429.49837024,3746482.96101881,6049660.43847791,3746282.96101881
"23522",6058436.16256959,3734282.96101881,6058667.10267727,3734082.96101881
"15348",6049429.49837024,3746682.96101881,6049660.43847791,3746482.96101881
"23525",6058436.16256959,3733682.96101881,6058667.10267727,3733482.96101881
"15351",6049429.49837024,3746082.96101881,6049660.43847791,3745882.96101881
"23524",6058436.16256959,3733882.96101881,6058667.10267727,3733682.96101881
"15350",6049429.49837024,3746282.96101881,6049660.43847791,3746082.96101881
"23527",6058436.16256959,3733282.96101881,6058667.10267727,3733082.96101881
"15353",6049429.49837024,3745682.96101881,6049660.43847791,3745482.96101881
"23526",6058436.16256959,3733482.96101881,6058667.10267727,3733282.96101881
"15352",6049429.49837024,3745882.96101881,6049660.43847791,3745682.96101881
"23529",6058436.16256959,3732882.96101881,6058667.10267727,3732682.96101881
"15355",6049429.49837024,3745282.96101881,6049660.43847791,3745082.96101881
"23528",6058436.16256959,3733082.96101881,6058667.10267727,3732882.96101881
"15354",6049429.49837024,3745482.96101881,6049660.43847791,3745282.96101881
"23531",6058436.16256959,3732482.96101881,6058667.10267727,3732282.96101881
"15357",6049429.49837024,3744882.96101881,6049660.43847791,3744682.96101881
"23530",6058436.16256959,3732682.96101881,6058667.10267727,3732482.96101881
"15356",6049429.49837024,3745082.96101881,6049660.43847791,3744882.96101881
"23533",6058436.16256959,3732082.96101881,6058667.10267727,3731882.96101881
"15359",6049429.49837024,3744482.96101881,6049660.43847791,3744282.96101881
"23532",6058436.16256959,3732282.96101881,6058667.10267727,3732082.96101881
"15358",6049429.49837024,3744682.96101881,6049660.43847791,3744482.96101881
"23535",6058436.16256959,3731682.96101881,6058667.10267727,3731482.96101881
"23534",6058436.16256959,3731882.96101881,6058667.10267727,3731682.96101881
"23537",6058436.16256959,3731282.96101881,6058667.10267727,3731082.96101881
"23536",6058436.16256959,3731482.96101881,6058667.10267727,3731282.96101881
"23539",6058436.16256959,3730882.96101881,6058667.10267727,3730682.96101881
"23538",6058436.16256959,3731082.96101881,6058667.10267727,3730882.96101881
"23041",6057916.54732732,3736782.96101881,6058147.487435,3736582.96101881
"23040",6057916.54732732,3736982.96101881,6058147.487435,3736782.96101881
"23043",6057916.54732732,3736382.96101881,6058147.487435,3736182.96101881
"23042",6057916.54732732,3736582.96101881,6058147.487435,3736382.96101881
"23045",6057916.54732732,3735982.96101881,6058147.487435,3735782.96101881
"23044",6057916.54732732,3736182.96101881,6058147.487435,3735982.96101881
"23047",6057916.54732732,3735582.96101881,6058147.487435,3735382.96101881
"23046",6057916.54732732,3735782.96101881,6058147.487435,3735582.96101881
"23049",6057916.54732732,3735182.96101881,6058147.487435,3734982.96101881
"23048",6057916.54732732,3735382.96101881,6058147.487435,3735182.96101881
"23051",6057916.54732732,3734782.96101881,6058147.487435,3734582.96101881
"23050",6057916.54732732,3734982.96101881,6058147.487435,3734782.96101881
"23053",6057916.54732732,3734382.96101881,6058147.487435,3734182.96101881
"23052",6057916.54732732,3734582.96101881,6058147.487435,3734382.96101881
"23055",6057916.54732732,3733982.96101881,6058147.487435,3733782.96101881
"14881",6048909.88312797,3746382.96101881,6049140.82323564,3746182.96101881
"23054",6057916.54732732,3734182.96101881,6058147.487435,3733982.96101881
"23057",6057916.54732732,3733582.96101881,6058147.487435,3733382.96101881
"14883",6048909.88312797,3745982.96101881,6049140.82323564,3745782.96101881
"23056",6057916.54732732,3733782.96101881,6058147.487435,3733582.96101881
"14882",6048909.88312797,3746182.96101881,6049140.82323564,3745982.96101881
"23059",6057916.54732732,3733182.96101881,6058147.487435,3732982.96101881
"14885",6048909.88312797,3745582.96101881,6049140.82323564,3745382.96101881
"23058",6057916.54732732,3733382.96101881,6058147.487435,3733182.96101881
"14884",6048909.88312797,3745782.96101881,6049140.82323564,3745582.96101881
"23061",6057916.54732732,3732782.96101881,6058147.487435,3732582.96101881
"14887",6048909.88312797,3745182.96101881,6049140.82323564,3744982.96101881
"23060",6057916.54732732,3732982.96101881,6058147.487435,3732782.96101881
"14886",6048909.88312797,3745382.96101881,6049140.82323564,3745182.96101881
"23063",6057916.54732732,3732382.96101881,6058147.487435,3732182.96101881
"14889",6048909.88312797,3744782.96101881,6049140.82323564,3744582.96101881
"23062",6057916.54732732,3732582.96101881,6058147.487435,3732382.96101881
"14888",6048909.88312797,3744982.96101881,6049140.82323564,3744782.96101881
"23065",6057916.54732732,3731982.96101881,6058147.487435,3731782.96101881
"14891",6048909.88312797,3744382.96101881,6049140.82323564,3744182.96101881
"23064",6057916.54732732,3732182.96101881,6058147.487435,3731982.96101881
"14890",6048909.88312797,3744582.96101881,6049140.82323564,3744382.96101881
"23067",6057916.54732732,3731582.96101881,6058147.487435,3731382.96101881
"14893",6048909.88312797,3743982.96101881,6049140.82323564,3743782.96101881
"23066",6057916.54732732,3731782.96101881,6058147.487435,3731582.96101881
"14892",6048909.88312797,3744182.96101881,6049140.82323564,3743982.96101881
"23069",6057916.54732732,3731182.96101881,6058147.487435,3730982.96101881
"14895",6048909.88312797,3743582.96101881,6049140.82323564,3743382.96101881
"23068",6057916.54732732,3731382.96101881,6058147.487435,3731182.96101881
"14894",6048909.88312797,3743782.96101881,6049140.82323564,3743582.96101881
"14897",6048909.88312797,3743182.96101881,6049140.82323564,3742982.96101881
"14896",6048909.88312797,3743382.96101881,6049140.82323564,3743182.96101881
"14899",6048909.88312797,3742782.96101881,6049140.82323564,3742582.96101881
"14898",6048909.88312797,3742982.96101881,6049140.82323564,3742782.96101881
"14901",6048909.88312797,3742382.96101881,6049140.82323564,3742182.96101881
"14900",6048909.88312797,3742582.96101881,6049140.82323564,3742382.96101881
"14903",6048909.88312797,3741982.96101881,6049140.82323564,3741782.96101881
"14902",6048909.88312797,3742182.96101881,6049140.82323564,3741982.96101881
"14905",6048909.88312797,3741582.96101881,6049140.82323564,3741382.96101881
"14904",6048909.88312797,3741782.96101881,6049140.82323564,3741582.96101881
"14907",6048909.88312797,3741182.96101881,6049140.82323564,3740982.96101881
"14906",6048909.88312797,3741382.96101881,6049140.82323564,3741182.96101881
"14909",6048909.88312797,3740782.96101881,6049140.82323564,3740582.96101881
"14908",6048909.88312797,3740982.96101881,6049140.82323564,3740782.96101881
"14911",6048909.88312797,3740382.96101881,6049140.82323564,3740182.96101881
"14910",6048909.88312797,3740582.96101881,6049140.82323564,3740382.96101881
"14913",6048909.88312797,3739982.96101881,6049140.82323564,3739782.96101881
"14912",6048909.88312797,3740182.96101881,6049140.82323564,3739982.96101881
"14915",6048909.88312797,3739582.96101881,6049140.82323564,3739382.96101881
"14914",6048909.88312797,3739782.96101881,6049140.82323564,3739582.96101881
"14917",6048909.88312797,3739182.96101881,6049140.82323564,3738982.96101881
"14916",6048909.88312797,3739382.96101881,6049140.82323564,3739182.96101881
"23181",6058089.75240808,3740082.96101881,6058320.69251576,3739882.96101881
"23183",6058089.75240808,3739682.96101881,6058320.69251576,3739482.96101881
"23182",6058089.75240808,3739882.96101881,6058320.69251576,3739682.96101881
"23185",6058089.75240808,3739282.96101881,6058320.69251576,3739082.96101881
"23184",6058089.75240808,3739482.96101881,6058320.69251576,3739282.96101881
"23187",6058089.75240808,3738882.96101881,6058320.69251576,3738682.96101881
"23186",6058089.75240808,3739082.96101881,6058320.69251576,3738882.96101881
"23189",6058089.75240808,3738482.96101881,6058320.69251576,3738282.96101881
"23188",6058089.75240808,3738682.96101881,6058320.69251576,3738482.96101881
"23191",6058089.75240808,3738082.96101881,6058320.69251576,3737882.96101881
"23190",6058089.75240808,3738282.96101881,6058320.69251576,3738082.96101881
"23193",6058089.75240808,3737682.96101881,6058320.69251576,3737482.96101881
"23192",6058089.75240808,3737882.96101881,6058320.69251576,3737682.96101881
"23195",6058089.75240808,3737282.96101881,6058320.69251576,3737082.96101881
"23194",6058089.75240808,3737482.96101881,6058320.69251576,3737282.96101881
"23197",6058089.75240808,3736882.96101881,6058320.69251576,3736682.96101881
"23196",6058089.75240808,3737082.96101881,6058320.69251576,3736882.96101881
"23199",6058089.75240808,3736482.96101881,6058320.69251576,3736282.96101881
"23198",6058089.75240808,3736682.96101881,6058320.69251576,3736482.96101881
"23201",6058089.75240808,3736082.96101881,6058320.69251576,3735882.96101881
"23200",6058089.75240808,3736282.96101881,6058320.69251576,3736082.96101881
"23203",6058089.75240808,3735682.96101881,6058320.69251576,3735482.96101881
"23202",6058089.75240808,3735882.96101881,6058320.69251576,3735682.96101881
"23205",6058089.75240808,3735282.96101881,6058320.69251576,3735082.96101881
"23204",6058089.75240808,3735482.96101881,6058320.69251576,3735282.96101881
"23207",6058089.75240808,3734882.96101881,6058320.69251576,3734682.96101881
"23206",6058089.75240808,3735082.96101881,6058320.69251576,3734882.96101881
"23209",6058089.75240808,3734482.96101881,6058320.69251576,3734282.96101881
"23208",6058089.75240808,3734682.96101881,6058320.69251576,3734482.96101881
"23211",6058089.75240808,3734082.96101881,6058320.69251576,3733882.96101881
"15037",6049083.08820872,3746482.96101881,6049314.0283164,3746282.96101881
"23210",6058089.75240808,3734282.96101881,6058320.69251576,3734082.96101881
"15036",6049083.08820872,3746682.96101881,6049314.0283164,3746482.96101881
"23213",6058089.75240808,3733682.96101881,6058320.69251576,3733482.96101881
"15039",6049083.08820872,3746082.96101881,6049314.0283164,3745882.96101881
"23212",6058089.75240808,3733882.96101881,6058320.69251576,3733682.96101881
"15038",6049083.08820872,3746282.96101881,6049314.0283164,3746082.96101881
"23215",6058089.75240808,3733282.96101881,6058320.69251576,3733082.96101881
"15041",6049083.08820872,3745682.96101881,6049314.0283164,3745482.96101881
"23214",6058089.75240808,3733482.96101881,6058320.69251576,3733282.96101881
"15040",6049083.08820872,3745882.96101881,6049314.0283164,3745682.96101881
"23217",6058089.75240808,3732882.96101881,6058320.69251576,3732682.96101881
"15043",6049083.08820872,3745282.96101881,6049314.0283164,3745082.96101881
"23216",6058089.75240808,3733082.96101881,6058320.69251576,3732882.96101881
"15042",6049083.08820872,3745482.96101881,6049314.0283164,3745282.96101881
"23219",6058089.75240808,3732482.96101881,6058320.69251576,3732282.96101881
"15045",6049083.08820872,3744882.96101881,6049314.0283164,3744682.96101881
"23218",6058089.75240808,3732682.96101881,6058320.69251576,3732482.96101881
"15044",6049083.08820872,3745082.96101881,6049314.0283164,3744882.96101881
"23221",6058089.75240808,3732082.96101881,6058320.69251576,3731882.96101881
"15047",6049083.08820872,3744482.96101881,6049314.0283164,3744282.96101881
"23220",6058089.75240808,3732282.96101881,6058320.69251576,3732082.96101881
"15046",6049083.08820872,3744682.96101881,6049314.0283164,3744482.96101881
"23223",6058089.75240808,3731682.96101881,6058320.69251576,3731482.96101881
"15049",6049083.08820872,3744082.96101881,6049314.0283164,3743882.96101881
"23222",6058089.75240808,3731882.96101881,6058320.69251576,3731682.96101881
"15048",6049083.08820872,3744282.96101881,6049314.0283164,3744082.96101881
"23225",6058089.75240808,3731282.96101881,6058320.69251576,3731082.96101881
"15051",6049083.08820872,3743682.96101881,6049314.0283164,3743482.96101881
"23224",6058089.75240808,3731482.96101881,6058320.69251576,3731282.96101881
"15050",6049083.08820872,3743882.96101881,6049314.0283164,3743682.96101881
"15053",6049083.08820872,3743282.96101881,6049314.0283164,3743082.96101881
"23226",6058089.75240808,3731082.96101881,6058320.69251576,3730882.96101881
"15052",6049083.08820872,3743482.96101881,6049314.0283164,3743282.96101881
"15055",6049083.08820872,3742882.96101881,6049314.0283164,3742682.96101881
"15054",6049083.08820872,3743082.96101881,6049314.0283164,3742882.96101881
"15057",6049083.08820872,3742482.96101881,6049314.0283164,3742282.96101881
"15056",6049083.08820872,3742682.96101881,6049314.0283164,3742482.96101881
"15059",6049083.08820872,3742082.96101881,6049314.0283164,3741882.96101881
"15058",6049083.08820872,3742282.96101881,6049314.0283164,3742082.96101881
"15061",6049083.08820872,3741682.96101881,6049314.0283164,3741482.96101881
"15060",6049083.08820872,3741882.96101881,6049314.0283164,3741682.96101881
"15063",6049083.08820872,3741282.96101881,6049314.0283164,3741082.96101881
"15062",6049083.08820872,3741482.96101881,6049314.0283164,3741282.96101881
"15065",6049083.08820872,3740882.96101881,6049314.0283164,3740682.96101881
"15064",6049083.08820872,3741082.96101881,6049314.0283164,3740882.96101881
"15067",6049083.08820872,3740482.96101881,6049314.0283164,3740282.96101881
"15066",6049083.08820872,3740682.96101881,6049314.0283164,3740482.96101881
"15069",6049083.08820872,3740082.96101881,6049314.0283164,3739882.96101881
"15068",6049083.08820872,3740282.96101881,6049314.0283164,3740082.96101881
"15071",6049083.08820872,3739682.96101881,6049314.0283164,3739482.96101881
"15070",6049083.08820872,3739882.96101881,6049314.0283164,3739682.96101881
"15073",6049083.08820872,3739282.96101881,6049314.0283164,3739082.96101881
"15072",6049083.08820872,3739482.96101881,6049314.0283164,3739282.96101881
"15074",6049083.08820872,3739082.96101881,6049314.0283164,3738882.96101881
"14593",6048563.47296645,3741582.96101881,6048794.41307413,3741382.96101881
"14592",6048563.47296645,3741782.96101881,6048794.41307413,3741582.96101881
"14595",6048563.47296645,3741182.96101881,6048794.41307413,3740982.96101881
"14594",6048563.47296645,3741382.96101881,6048794.41307413,3741182.96101881
"14597",6048563.47296645,3740782.96101881,6048794.41307413,3740582.96101881
"14596",6048563.47296645,3740982.96101881,6048794.41307413,3740782.96101881
"14599",6048563.47296645,3740382.96101881,6048794.41307413,3740182.96101881
"14598",6048563.47296645,3740582.96101881,6048794.41307413,3740382.96101881
"14601",6048563.47296645,3739982.96101881,6048794.41307413,3739782.96101881
"14600",6048563.47296645,3740182.96101881,6048794.41307413,3739982.96101881
"14603",6048563.47296645,3739582.96101881,6048794.41307413,3739382.96101881
"14602",6048563.47296645,3739782.96101881,6048794.41307413,3739582.96101881
"14604",6048563.47296645,3739382.96101881,6048794.41307413,3739182.96101881
"22855",6057743.34224657,3742882.96101881,6057974.28235424,3742682.96101881
"22854",6057743.34224657,3743082.96101881,6057974.28235424,3742882.96101881
"22857",6057743.34224657,3742482.96101881,6057974.28235424,3742282.96101881
"22856",6057743.34224657,3742682.96101881,6057974.28235424,3742482.96101881
"22859",6057743.34224657,3742082.96101881,6057974.28235424,3741882.96101881
"22858",6057743.34224657,3742282.96101881,6057974.28235424,3742082.96101881
"22861",6057743.34224657,3741682.96101881,6057974.28235424,3741482.96101881
"22860",6057743.34224657,3741882.96101881,6057974.28235424,3741682.96101881
"22863",6057743.34224657,3741282.96101881,6057974.28235424,3741082.96101881
"22862",6057743.34224657,3741482.96101881,6057974.28235424,3741282.96101881
"22865",6057743.34224657,3740882.96101881,6057974.28235424,3740682.96101881
"22864",6057743.34224657,3741082.96101881,6057974.28235424,3740882.96101881
"22867",6057743.34224657,3740482.96101881,6057974.28235424,3740282.96101881
"22866",6057743.34224657,3740682.96101881,6057974.28235424,3740482.96101881
"22869",6057743.34224657,3740082.96101881,6057974.28235424,3739882.96101881
"22868",6057743.34224657,3740282.96101881,6057974.28235424,3740082.96101881
"22871",6057743.34224657,3739682.96101881,6057974.28235424,3739482.96101881
"22870",6057743.34224657,3739882.96101881,6057974.28235424,3739682.96101881
"22873",6057743.34224657,3739282.96101881,6057974.28235424,3739082.96101881
"22872",6057743.34224657,3739482.96101881,6057974.28235424,3739282.96101881
"22875",6057743.34224657,3738882.96101881,6057974.28235424,3738682.96101881
"22874",6057743.34224657,3739082.96101881,6057974.28235424,3738882.96101881
"22877",6057743.34224657,3738482.96101881,6057974.28235424,3738282.96101881
"22876",6057743.34224657,3738682.96101881,6057974.28235424,3738482.96101881
"22879",6057743.34224657,3738082.96101881,6057974.28235424,3737882.96101881
"22878",6057743.34224657,3738282.96101881,6057974.28235424,3738082.96101881
"22881",6057743.34224657,3737682.96101881,6057974.28235424,3737482.96101881
"22880",6057743.34224657,3737882.96101881,6057974.28235424,3737682.96101881
"22883",6057743.34224657,3737282.96101881,6057974.28235424,3737082.96101881
"22882",6057743.34224657,3737482.96101881,6057974.28235424,3737282.96101881
"22885",6057743.34224657,3736882.96101881,6057974.28235424,3736682.96101881
"22884",6057743.34224657,3737082.96101881,6057974.28235424,3736882.96101881
"22887",6057743.34224657,3736482.96101881,6057974.28235424,3736282.96101881
"22886",6057743.34224657,3736682.96101881,6057974.28235424,3736482.96101881
"22889",6057743.34224657,3736082.96101881,6057974.28235424,3735882.96101881
"22888",6057743.34224657,3736282.96101881,6057974.28235424,3736082.96101881
"22891",6057743.34224657,3735682.96101881,6057974.28235424,3735482.96101881
"22890",6057743.34224657,3735882.96101881,6057974.28235424,3735682.96101881
"22893",6057743.34224657,3735282.96101881,6057974.28235424,3735082.96101881
"22892",6057743.34224657,3735482.96101881,6057974.28235424,3735282.96101881
"22895",6057743.34224657,3734882.96101881,6057974.28235424,3734682.96101881
"22894",6057743.34224657,3735082.96101881,6057974.28235424,3734882.96101881
"22897",6057743.34224657,3734482.96101881,6057974.28235424,3734282.96101881
"22896",6057743.34224657,3734682.96101881,6057974.28235424,3734482.96101881
"22899",6057743.34224657,3734082.96101881,6057974.28235424,3733882.96101881
"22898",6057743.34224657,3734282.96101881,6057974.28235424,3734082.96101881
"22901",6057743.34224657,3733682.96101881,6057974.28235424,3733482.96101881
"14727",6048736.67804721,3746082.96101881,6048967.61815488,3745882.96101881
"22900",6057743.34224657,3733882.96101881,6057974.28235424,3733682.96101881
"22903",6057743.34224657,3733282.96101881,6057974.28235424,3733082.96101881
"14729",6048736.67804721,3745682.96101881,6048967.61815488,3745482.96101881
"22902",6057743.34224657,3733482.96101881,6057974.28235424,3733282.96101881
"14728",6048736.67804721,3745882.96101881,6048967.61815488,3745682.96101881
"22905",6057743.34224657,3732882.96101881,6057974.28235424,3732682.96101881
"14731",6048736.67804721,3745282.96101881,6048967.61815488,3745082.96101881
"22904",6057743.34224657,3733082.96101881,6057974.28235424,3732882.96101881
"14730",6048736.67804721,3745482.96101881,6048967.61815488,3745282.96101881
"22907",6057743.34224657,3732482.96101881,6057974.28235424,3732282.96101881
"14733",6048736.67804721,3744882.96101881,6048967.61815488,3744682.96101881
"22906",6057743.34224657,3732682.96101881,6057974.28235424,3732482.96101881
"14732",6048736.67804721,3745082.96101881,6048967.61815488,3744882.96101881
"22909",6057743.34224657,3732082.96101881,6057974.28235424,3731882.96101881
"14735",6048736.67804721,3744482.96101881,6048967.61815488,3744282.96101881
"22908",6057743.34224657,3732282.96101881,6057974.28235424,3732082.96101881
"14734",6048736.67804721,3744682.96101881,6048967.61815488,3744482.96101881
"22911",6057743.34224657,3731682.96101881,6057974.28235424,3731482.96101881
"14737",6048736.67804721,3744082.96101881,6048967.61815488,3743882.96101881
"22910",6057743.34224657,3731882.96101881,6057974.28235424,3731682.96101881
"14736",6048736.67804721,3744282.96101881,6048967.61815488,3744082.96101881
"14739",6048736.67804721,3743682.96101881,6048967.61815488,3743482.96101881
"22912",6057743.34224657,3731482.96101881,6057974.28235424,3731282.96101881
"14738",6048736.67804721,3743882.96101881,6048967.61815488,3743682.96101881
"14741",6048736.67804721,3743282.96101881,6048967.61815488,3743082.96101881
"14740",6048736.67804721,3743482.96101881,6048967.61815488,3743282.96101881
"14743",6048736.67804721,3742882.96101881,6048967.61815488,3742682.96101881
"14742",6048736.67804721,3743082.96101881,6048967.61815488,3742882.96101881
"14745",6048736.67804721,3742482.96101881,6048967.61815488,3742282.96101881
"14744",6048736.67804721,3742682.96101881,6048967.61815488,3742482.96101881
"14747",6048736.67804721,3742082.96101881,6048967.61815488,3741882.96101881
"14746",6048736.67804721,3742282.96101881,6048967.61815488,3742082.96101881
"14749",6048736.67804721,3741682.96101881,6048967.61815488,3741482.96101881
"14748",6048736.67804721,3741882.96101881,6048967.61815488,3741682.96101881
"14751",6048736.67804721,3741282.96101881,6048967.61815488,3741082.96101881
"14750",6048736.67804721,3741482.96101881,6048967.61815488,3741282.96101881
"14753",6048736.67804721,3740882.96101881,6048967.61815488,3740682.96101881
"14752",6048736.67804721,3741082.96101881,6048967.61815488,3740882.96101881
"14755",6048736.67804721,3740482.96101881,6048967.61815488,3740282.96101881
"14754",6048736.67804721,3740682.96101881,6048967.61815488,3740482.96101881
"14757",6048736.67804721,3740082.96101881,6048967.61815488,3739882.96101881
"14756",6048736.67804721,3740282.96101881,6048967.61815488,3740082.96101881
"14759",6048736.67804721,3739682.96101881,6048967.61815488,3739482.96101881
"14758",6048736.67804721,3739882.96101881,6048967.61815488,3739682.96101881
"14761",6048736.67804721,3739282.96101881,6048967.61815488,3739082.96101881
"14760",6048736.67804721,3739482.96101881,6048967.61815488,3739282.96101881
"23017",6057916.54732732,3741582.96101881,6058147.487435,3741382.96101881
"23019",6057916.54732732,3741182.96101881,6058147.487435,3740982.96101881
"23018",6057916.54732732,3741382.96101881,6058147.487435,3741182.96101881
"23021",6057916.54732732,3740782.96101881,6058147.487435,3740582.96101881
"23020",6057916.54732732,3740982.96101881,6058147.487435,3740782.96101881
"23023",6057916.54732732,3740382.96101881,6058147.487435,3740182.96101881
"23022",6057916.54732732,3740582.96101881,6058147.487435,3740382.96101881
"23025",6057916.54732732,3739982.96101881,6058147.487435,3739782.96101881
"23024",6057916.54732732,3740182.96101881,6058147.487435,3739982.96101881
"23027",6057916.54732732,3739582.96101881,6058147.487435,3739382.96101881
"23026",6057916.54732732,3739782.96101881,6058147.487435,3739582.96101881
"23029",6057916.54732732,3739182.96101881,6058147.487435,3738982.96101881
"23028",6057916.54732732,3739382.96101881,6058147.487435,3739182.96101881
"23031",6057916.54732732,3738782.96101881,6058147.487435,3738582.96101881
"23030",6057916.54732732,3738982.96101881,6058147.487435,3738782.96101881
"23033",6057916.54732732,3738382.96101881,6058147.487435,3738182.96101881
"23032",6057916.54732732,3738582.96101881,6058147.487435,3738382.96101881
"23035",6057916.54732732,3737982.96101881,6058147.487435,3737782.96101881
"23034",6057916.54732732,3738182.96101881,6058147.487435,3737982.96101881
"23037",6057916.54732732,3737582.96101881,6058147.487435,3737382.96101881
"23036",6057916.54732732,3737782.96101881,6058147.487435,3737582.96101881
"23039",6057916.54732732,3737182.96101881,6058147.487435,3736982.96101881
"23038",6057916.54732732,3737382.96101881,6058147.487435,3737182.96101881
"22529",6057396.93208505,3745682.96101881,6057627.87219273,3745482.96101881
"22528",6057396.93208505,3745882.96101881,6057627.87219273,3745682.96101881
"22531",6057396.93208505,3745282.96101881,6057627.87219273,3745082.96101881
"22530",6057396.93208505,3745482.96101881,6057627.87219273,3745282.96101881
"22533",6057396.93208505,3744882.96101881,6057627.87219273,3744682.96101881
"22532",6057396.93208505,3745082.96101881,6057627.87219273,3744882.96101881
"22535",6057396.93208505,3744482.96101881,6057627.87219273,3744282.96101881
"22534",6057396.93208505,3744682.96101881,6057627.87219273,3744482.96101881
"22537",6057396.93208505,3744082.96101881,6057627.87219273,3743882.96101881
"22536",6057396.93208505,3744282.96101881,6057627.87219273,3744082.96101881
"22539",6057396.93208505,3743682.96101881,6057627.87219273,3743482.96101881
"22538",6057396.93208505,3743882.96101881,6057627.87219273,3743682.96101881
"22541",6057396.93208505,3743282.96101881,6057627.87219273,3743082.96101881
"22540",6057396.93208505,3743482.96101881,6057627.87219273,3743282.96101881
"22543",6057396.93208505,3742882.96101881,6057627.87219273,3742682.96101881
"22542",6057396.93208505,3743082.96101881,6057627.87219273,3742882.96101881
"22545",6057396.93208505,3742482.96101881,6057627.87219273,3742282.96101881
"22544",6057396.93208505,3742682.96101881,6057627.87219273,3742482.96101881
"22547",6057396.93208505,3742082.96101881,6057627.87219273,3741882.96101881
"22546",6057396.93208505,3742282.96101881,6057627.87219273,3742082.96101881
"22549",6057396.93208505,3741682.96101881,6057627.87219273,3741482.96101881
"22548",6057396.93208505,3741882.96101881,6057627.87219273,3741682.96101881
"22551",6057396.93208505,3741282.96101881,6057627.87219273,3741082.96101881
"22550",6057396.93208505,3741482.96101881,6057627.87219273,3741282.96101881
"22553",6057396.93208505,3740882.96101881,6057627.87219273,3740682.96101881
"22552",6057396.93208505,3741082.96101881,6057627.87219273,3740882.96101881
"22555",6057396.93208505,3740482.96101881,6057627.87219273,3740282.96101881
"22554",6057396.93208505,3740682.96101881,6057627.87219273,3740482.96101881
"22557",6057396.93208505,3740082.96101881,6057627.87219273,3739882.96101881
"22556",6057396.93208505,3740282.96101881,6057627.87219273,3740082.96101881
"22559",6057396.93208505,3739682.96101881,6057627.87219273,3739482.96101881
"22558",6057396.93208505,3739882.96101881,6057627.87219273,3739682.96101881
"22561",6057396.93208505,3739282.96101881,6057627.87219273,3739082.96101881
"22560",6057396.93208505,3739482.96101881,6057627.87219273,3739282.96101881
"22563",6057396.93208505,3738882.96101881,6057627.87219273,3738682.96101881
"22562",6057396.93208505,3739082.96101881,6057627.87219273,3738882.96101881
"22565",6057396.93208505,3738482.96101881,6057627.87219273,3738282.96101881
"22564",6057396.93208505,3738682.96101881,6057627.87219273,3738482.96101881
"22567",6057396.93208505,3738082.96101881,6057627.87219273,3737882.96101881
"22566",6057396.93208505,3738282.96101881,6057627.87219273,3738082.96101881
"22569",6057396.93208505,3737682.96101881,6057627.87219273,3737482.96101881
"22568",6057396.93208505,3737882.96101881,6057627.87219273,3737682.96101881
"22571",6057396.93208505,3737282.96101881,6057627.87219273,3737082.96101881
"22570",6057396.93208505,3737482.96101881,6057627.87219273,3737282.96101881
"22573",6057396.93208505,3736882.96101881,6057627.87219273,3736682.96101881
"22572",6057396.93208505,3737082.96101881,6057627.87219273,3736882.96101881
"22575",6057396.93208505,3736482.96101881,6057627.87219273,3736282.96101881
"22574",6057396.93208505,3736682.96101881,6057627.87219273,3736482.96101881
"22577",6057396.93208505,3736082.96101881,6057627.87219273,3735882.96101881
"22576",6057396.93208505,3736282.96101881,6057627.87219273,3736082.96101881
"22579",6057396.93208505,3735682.96101881,6057627.87219273,3735482.96101881
"22578",6057396.93208505,3735882.96101881,6057627.87219273,3735682.96101881
"22581",6057396.93208505,3735282.96101881,6057627.87219273,3735082.96101881
"22580",6057396.93208505,3735482.96101881,6057627.87219273,3735282.96101881
"22583",6057396.93208505,3734882.96101881,6057627.87219273,3734682.96101881
"22582",6057396.93208505,3735082.96101881,6057627.87219273,3734882.96101881
"22585",6057396.93208505,3734482.96101881,6057627.87219273,3734282.96101881
"22584",6057396.93208505,3734682.96101881,6057627.87219273,3734482.96101881
"22587",6057396.93208505,3734082.96101881,6057627.87219273,3733882.96101881
"22586",6057396.93208505,3734282.96101881,6057627.87219273,3734082.96101881
"22589",6057396.93208505,3733682.96101881,6057627.87219273,3733482.96101881
"22588",6057396.93208505,3733882.96101881,6057627.87219273,3733682.96101881
"22591",6057396.93208505,3733282.96101881,6057627.87219273,3733082.96101881
"14417",6048390.26788569,3745682.96101881,6048621.20799337,3745482.96101881
"22590",6057396.93208505,3733482.96101881,6057627.87219273,3733282.96101881
"22593",6057396.93208505,3732882.96101881,6057627.87219273,3732682.96101881
"14419",6048390.26788569,3745282.96101881,6048621.20799337,3745082.96101881
"22592",6057396.93208505,3733082.96101881,6057627.87219273,3732882.96101881
"14418",6048390.26788569,3745482.96101881,6048621.20799337,3745282.96101881
"22595",6057396.93208505,3732482.96101881,6057627.87219273,3732282.96101881
"14421",6048390.26788569,3744882.96101881,6048621.20799337,3744682.96101881
"22594",6057396.93208505,3732682.96101881,6057627.87219273,3732482.96101881
"14420",6048390.26788569,3745082.96101881,6048621.20799337,3744882.96101881
"22597",6057396.93208505,3732082.96101881,6057627.87219273,3731882.96101881
"14423",6048390.26788569,3744482.96101881,6048621.20799337,3744282.96101881
"22596",6057396.93208505,3732282.96101881,6057627.87219273,3732082.96101881
"14422",6048390.26788569,3744682.96101881,6048621.20799337,3744482.96101881
"22599",6057396.93208505,3731682.96101881,6057627.87219273,3731482.96101881
"14425",6048390.26788569,3744082.96101881,6048621.20799337,3743882.96101881
"22598",6057396.93208505,3731882.96101881,6057627.87219273,3731682.96101881
"14424",6048390.26788569,3744282.96101881,6048621.20799337,3744082.96101881
"14427",6048390.26788569,3743682.96101881,6048621.20799337,3743482.96101881
"14426",6048390.26788569,3743882.96101881,6048621.20799337,3743682.96101881
"14429",6048390.26788569,3743282.96101881,6048621.20799337,3743082.96101881
"14428",6048390.26788569,3743482.96101881,6048621.20799337,3743282.96101881
"14431",6048390.26788569,3742882.96101881,6048621.20799337,3742682.96101881
"14430",6048390.26788569,3743082.96101881,6048621.20799337,3742882.96101881
"14433",6048390.26788569,3742482.96101881,6048621.20799337,3742282.96101881
"14432",6048390.26788569,3742682.96101881,6048621.20799337,3742482.96101881
"14435",6048390.26788569,3742082.96101881,6048621.20799337,3741882.96101881
"14434",6048390.26788569,3742282.96101881,6048621.20799337,3742082.96101881
"14437",6048390.26788569,3741682.96101881,6048621.20799337,3741482.96101881
"14436",6048390.26788569,3741882.96101881,6048621.20799337,3741682.96101881
"14439",6048390.26788569,3741282.96101881,6048621.20799337,3741082.96101881
"14438",6048390.26788569,3741482.96101881,6048621.20799337,3741282.96101881
"14441",6048390.26788569,3740882.96101881,6048621.20799337,3740682.96101881
"14440",6048390.26788569,3741082.96101881,6048621.20799337,3740882.96101881
"14443",6048390.26788569,3740482.96101881,6048621.20799337,3740282.96101881
"14442",6048390.26788569,3740682.96101881,6048621.20799337,3740482.96101881
"14445",6048390.26788569,3740082.96101881,6048621.20799337,3739882.96101881
"14444",6048390.26788569,3740282.96101881,6048621.20799337,3740082.96101881
"14447",6048390.26788569,3739682.96101881,6048621.20799337,3739482.96101881
"14446",6048390.26788569,3739882.96101881,6048621.20799337,3739682.96101881
"22691",6057570.13716581,3744382.96101881,6057801.07727349,3744182.96101881
"22693",6057570.13716581,3743982.96101881,6057801.07727349,3743782.96101881
"22692",6057570.13716581,3744182.96101881,6057801.07727349,3743982.96101881
"22695",6057570.13716581,3743582.96101881,6057801.07727349,3743382.96101881
"22694",6057570.13716581,3743782.96101881,6057801.07727349,3743582.96101881
"22697",6057570.13716581,3743182.96101881,6057801.07727349,3742982.96101881
"22696",6057570.13716581,3743382.96101881,6057801.07727349,3743182.96101881
"22699",6057570.13716581,3742782.96101881,6057801.07727349,3742582.96101881
"22698",6057570.13716581,3742982.96101881,6057801.07727349,3742782.96101881
"22701",6057570.13716581,3742382.96101881,6057801.07727349,3742182.96101881
"22700",6057570.13716581,3742582.96101881,6057801.07727349,3742382.96101881
"22703",6057570.13716581,3741982.96101881,6057801.07727349,3741782.96101881
"22702",6057570.13716581,3742182.96101881,6057801.07727349,3741982.96101881
"22705",6057570.13716581,3741582.96101881,6057801.07727349,3741382.96101881
"22704",6057570.13716581,3741782.96101881,6057801.07727349,3741582.96101881
"22707",6057570.13716581,3741182.96101881,6057801.07727349,3740982.96101881
"22706",6057570.13716581,3741382.96101881,6057801.07727349,3741182.96101881
"22709",6057570.13716581,3740782.96101881,6057801.07727349,3740582.96101881
"22708",6057570.13716581,3740982.96101881,6057801.07727349,3740782.96101881
"22711",6057570.13716581,3740382.96101881,6057801.07727349,3740182.96101881
"22710",6057570.13716581,3740582.96101881,6057801.07727349,3740382.96101881
"22713",6057570.13716581,3739982.96101881,6057801.07727349,3739782.96101881
"22712",6057570.13716581,3740182.96101881,6057801.07727349,3739982.96101881
"22715",6057570.13716581,3739582.96101881,6057801.07727349,3739382.96101881
"22714",6057570.13716581,3739782.96101881,6057801.07727349,3739582.96101881
"22717",6057570.13716581,3739182.96101881,6057801.07727349,3738982.96101881
"22716",6057570.13716581,3739382.96101881,6057801.07727349,3739182.96101881
"22719",6057570.13716581,3738782.96101881,6057801.07727349,3738582.96101881
"22718",6057570.13716581,3738982.96101881,6057801.07727349,3738782.96101881
"22721",6057570.13716581,3738382.96101881,6057801.07727349,3738182.96101881
"22720",6057570.13716581,3738582.96101881,6057801.07727349,3738382.96101881
"22723",6057570.13716581,3737982.96101881,6057801.07727349,3737782.96101881
"22722",6057570.13716581,3738182.96101881,6057801.07727349,3737982.96101881
"22725",6057570.13716581,3737582.96101881,6057801.07727349,3737382.96101881
"22724",6057570.13716581,3737782.96101881,6057801.07727349,3737582.96101881
"22727",6057570.13716581,3737182.96101881,6057801.07727349,3736982.96101881
"22726",6057570.13716581,3737382.96101881,6057801.07727349,3737182.96101881
"22729",6057570.13716581,3736782.96101881,6057801.07727349,3736582.96101881
"22728",6057570.13716581,3736982.96101881,6057801.07727349,3736782.96101881
"22731",6057570.13716581,3736382.96101881,6057801.07727349,3736182.96101881
"22730",6057570.13716581,3736582.96101881,6057801.07727349,3736382.96101881
"22733",6057570.13716581,3735982.96101881,6057801.07727349,3735782.96101881
"22732",6057570.13716581,3736182.96101881,6057801.07727349,3735982.96101881
"22735",6057570.13716581,3735582.96101881,6057801.07727349,3735382.96101881
"22734",6057570.13716581,3735782.96101881,6057801.07727349,3735582.96101881
"22737",6057570.13716581,3735182.96101881,6057801.07727349,3734982.96101881
"22736",6057570.13716581,3735382.96101881,6057801.07727349,3735182.96101881
"22739",6057570.13716581,3734782.96101881,6057801.07727349,3734582.96101881
"22738",6057570.13716581,3734982.96101881,6057801.07727349,3734782.96101881
"22741",6057570.13716581,3734382.96101881,6057801.07727349,3734182.96101881
"22740",6057570.13716581,3734582.96101881,6057801.07727349,3734382.96101881
"22743",6057570.13716581,3733982.96101881,6057801.07727349,3733782.96101881
"22742",6057570.13716581,3734182.96101881,6057801.07727349,3733982.96101881
"22745",6057570.13716581,3733582.96101881,6057801.07727349,3733382.96101881
"14571",6048563.47296645,3745982.96101881,6048794.41307413,3745782.96101881
"22744",6057570.13716581,3733782.96101881,6057801.07727349,3733582.96101881
"22747",6057570.13716581,3733182.96101881,6057801.07727349,3732982.96101881
"14573",6048563.47296645,3745582.96101881,6048794.41307413,3745382.96101881
"22746",6057570.13716581,3733382.96101881,6057801.07727349,3733182.96101881
"14572",6048563.47296645,3745782.96101881,6048794.41307413,3745582.96101881
"22749",6057570.13716581,3732782.96101881,6057801.07727349,3732582.96101881
"14575",6048563.47296645,3745182.96101881,6048794.41307413,3744982.96101881
"22748",6057570.13716581,3732982.96101881,6057801.07727349,3732782.96101881
"14574",6048563.47296645,3745382.96101881,6048794.41307413,3745182.96101881
"22751",6057570.13716581,3732382.96101881,6057801.07727349,3732182.96101881
"14577",6048563.47296645,3744782.96101881,6048794.41307413,3744582.96101881
"22750",6057570.13716581,3732582.96101881,6057801.07727349,3732382.96101881
"14576",6048563.47296645,3744982.96101881,6048794.41307413,3744782.96101881
"22753",6057570.13716581,3731982.96101881,6057801.07727349,3731782.96101881
"14579",6048563.47296645,3744382.96101881,6048794.41307413,3744182.96101881
"22752",6057570.13716581,3732182.96101881,6057801.07727349,3731982.96101881
"14578",6048563.47296645,3744582.96101881,6048794.41307413,3744382.96101881
"22755",6057570.13716581,3731582.96101881,6057801.07727349,3731382.96101881
"14581",6048563.47296645,3743982.96101881,6048794.41307413,3743782.96101881
"22754",6057570.13716581,3731782.96101881,6057801.07727349,3731582.96101881
"14580",6048563.47296645,3744182.96101881,6048794.41307413,3743982.96101881
"14583",6048563.47296645,3743582.96101881,6048794.41307413,3743382.96101881
"14582",6048563.47296645,3743782.96101881,6048794.41307413,3743582.96101881
"14585",6048563.47296645,3743182.96101881,6048794.41307413,3742982.96101881
"14584",6048563.47296645,3743382.96101881,6048794.41307413,3743182.96101881
"14587",6048563.47296645,3742782.96101881,6048794.41307413,3742582.96101881
"14586",6048563.47296645,3742982.96101881,6048794.41307413,3742782.96101881
"14589",6048563.47296645,3742382.96101881,6048794.41307413,3742182.96101881
"14588",6048563.47296645,3742582.96101881,6048794.41307413,3742382.96101881
"14591",6048563.47296645,3741982.96101881,6048794.41307413,3741782.96101881
"14590",6048563.47296645,3742182.96101881,6048794.41307413,3741982.96101881
"22273",6057050.52192354,3734482.96101881,6057281.46203121,3734282.96101881
"22272",6057050.52192354,3734682.96101881,6057281.46203121,3734482.96101881
"22275",6057050.52192354,3734082.96101881,6057281.46203121,3733882.96101881
"22274",6057050.52192354,3734282.96101881,6057281.46203121,3734082.96101881
"22277",6057050.52192354,3733682.96101881,6057281.46203121,3733482.96101881
"22276",6057050.52192354,3733882.96101881,6057281.46203121,3733682.96101881
"22279",6057050.52192354,3733282.96101881,6057281.46203121,3733082.96101881
"22278",6057050.52192354,3733482.96101881,6057281.46203121,3733282.96101881
"22281",6057050.52192354,3732882.96101881,6057281.46203121,3732682.96101881
"14107",6048043.85772418,3745282.96101881,6048274.79783186,3745082.96101881
"22280",6057050.52192354,3733082.96101881,6057281.46203121,3732882.96101881
"22283",6057050.52192354,3732482.96101881,6057281.46203121,3732282.96101881
"14109",6048043.85772418,3744882.96101881,6048274.79783186,3744682.96101881
"22282",6057050.52192354,3732682.96101881,6057281.46203121,3732482.96101881
"14108",6048043.85772418,3745082.96101881,6048274.79783186,3744882.96101881
"22285",6057050.52192354,3732082.96101881,6057281.46203121,3731882.96101881
"14111",6048043.85772418,3744482.96101881,6048274.79783186,3744282.96101881
"22284",6057050.52192354,3732282.96101881,6057281.46203121,3732082.96101881
"14110",6048043.85772418,3744682.96101881,6048274.79783186,3744482.96101881
"14113",6048043.85772418,3744082.96101881,6048274.79783186,3743882.96101881
"14112",6048043.85772418,3744282.96101881,6048274.79783186,3744082.96101881
"14115",6048043.85772418,3743682.96101881,6048274.79783186,3743482.96101881
"14114",6048043.85772418,3743882.96101881,6048274.79783186,3743682.96101881
"14117",6048043.85772418,3743282.96101881,6048274.79783186,3743082.96101881
"14116",6048043.85772418,3743482.96101881,6048274.79783186,3743282.96101881
"14119",6048043.85772418,3742882.96101881,6048274.79783186,3742682.96101881
"14118",6048043.85772418,3743082.96101881,6048274.79783186,3742882.96101881
"14121",6048043.85772418,3742482.96101881,6048274.79783186,3742282.96101881
"14120",6048043.85772418,3742682.96101881,6048274.79783186,3742482.96101881
"14123",6048043.85772418,3742082.96101881,6048274.79783186,3741882.96101881
"14122",6048043.85772418,3742282.96101881,6048274.79783186,3742082.96101881
"14125",6048043.85772418,3741682.96101881,6048274.79783186,3741482.96101881
"14124",6048043.85772418,3741882.96101881,6048274.79783186,3741682.96101881
"14127",6048043.85772418,3741282.96101881,6048274.79783186,3741082.96101881
"14126",6048043.85772418,3741482.96101881,6048274.79783186,3741282.96101881
"14129",6048043.85772418,3740882.96101881,6048274.79783186,3740682.96101881
"14128",6048043.85772418,3741082.96101881,6048274.79783186,3740882.96101881
"14131",6048043.85772418,3740482.96101881,6048274.79783186,3740282.96101881
"14130",6048043.85772418,3740682.96101881,6048274.79783186,3740482.96101881
"14133",6048043.85772418,3740082.96101881,6048274.79783186,3739882.96101881
"14132",6048043.85772418,3740282.96101881,6048274.79783186,3740082.96101881
"14134",6048043.85772418,3739882.96101881,6048274.79783186,3739682.96101881
"22365",6057223.7270043,3747182.96101881,6057454.66711197,3746982.96101881
"22364",6057223.7270043,3747382.96101881,6057454.66711197,3747182.96101881
"22367",6057223.7270043,3746782.96101881,6057454.66711197,3746582.96101881
"22366",6057223.7270043,3746982.96101881,6057454.66711197,3746782.96101881
"22369",6057223.7270043,3746382.96101881,6057454.66711197,3746182.96101881
"22368",6057223.7270043,3746582.96101881,6057454.66711197,3746382.96101881
"22371",6057223.7270043,3745982.96101881,6057454.66711197,3745782.96101881
"22370",6057223.7270043,3746182.96101881,6057454.66711197,3745982.96101881
"22373",6057223.7270043,3745582.96101881,6057454.66711197,3745382.96101881
"22372",6057223.7270043,3745782.96101881,6057454.66711197,3745582.96101881
"22375",6057223.7270043,3745182.96101881,6057454.66711197,3744982.96101881
"22374",6057223.7270043,3745382.96101881,6057454.66711197,3745182.96101881
"22377",6057223.7270043,3744782.96101881,6057454.66711197,3744582.96101881
"22376",6057223.7270043,3744982.96101881,6057454.66711197,3744782.96101881
"22379",6057223.7270043,3744382.96101881,6057454.66711197,3744182.96101881
"22378",6057223.7270043,3744582.96101881,6057454.66711197,3744382.96101881
"22381",6057223.7270043,3743982.96101881,6057454.66711197,3743782.96101881
"22380",6057223.7270043,3744182.96101881,6057454.66711197,3743982.96101881
"22383",6057223.7270043,3743582.96101881,6057454.66711197,3743382.96101881
"22382",6057223.7270043,3743782.96101881,6057454.66711197,3743582.96101881
"22385",6057223.7270043,3743182.96101881,6057454.66711197,3742982.96101881
"22384",6057223.7270043,3743382.96101881,6057454.66711197,3743182.96101881
"22387",6057223.7270043,3742782.96101881,6057454.66711197,3742582.96101881
"22386",6057223.7270043,3742982.96101881,6057454.66711197,3742782.96101881
"22389",6057223.7270043,3742382.96101881,6057454.66711197,3742182.96101881
"22388",6057223.7270043,3742582.96101881,6057454.66711197,3742382.96101881
"22391",6057223.7270043,3741982.96101881,6057454.66711197,3741782.96101881
"22390",6057223.7270043,3742182.96101881,6057454.66711197,3741982.96101881
"22393",6057223.7270043,3741582.96101881,6057454.66711197,3741382.96101881
"22392",6057223.7270043,3741782.96101881,6057454.66711197,3741582.96101881
"22395",6057223.7270043,3741182.96101881,6057454.66711197,3740982.96101881
"22394",6057223.7270043,3741382.96101881,6057454.66711197,3741182.96101881
"22397",6057223.7270043,3740782.96101881,6057454.66711197,3740582.96101881
"22396",6057223.7270043,3740982.96101881,6057454.66711197,3740782.96101881
"22399",6057223.7270043,3740382.96101881,6057454.66711197,3740182.96101881
"22398",6057223.7270043,3740582.96101881,6057454.66711197,3740382.96101881
"22401",6057223.7270043,3739982.96101881,6057454.66711197,3739782.96101881
"22400",6057223.7270043,3740182.96101881,6057454.66711197,3739982.96101881
"22403",6057223.7270043,3739582.96101881,6057454.66711197,3739382.96101881
"22402",6057223.7270043,3739782.96101881,6057454.66711197,3739582.96101881
"22405",6057223.7270043,3739182.96101881,6057454.66711197,3738982.96101881
"22404",6057223.7270043,3739382.96101881,6057454.66711197,3739182.96101881
"22407",6057223.7270043,3738782.96101881,6057454.66711197,3738582.96101881
"22406",6057223.7270043,3738982.96101881,6057454.66711197,3738782.96101881
"22409",6057223.7270043,3738382.96101881,6057454.66711197,3738182.96101881
"22408",6057223.7270043,3738582.96101881,6057454.66711197,3738382.96101881
"22411",6057223.7270043,3737982.96101881,6057454.66711197,3737782.96101881
"22410",6057223.7270043,3738182.96101881,6057454.66711197,3737982.96101881
"22413",6057223.7270043,3737582.96101881,6057454.66711197,3737382.96101881
"22412",6057223.7270043,3737782.96101881,6057454.66711197,3737582.96101881
"22415",6057223.7270043,3737182.96101881,6057454.66711197,3736982.96101881
"22414",6057223.7270043,3737382.96101881,6057454.66711197,3737182.96101881
"22417",6057223.7270043,3736782.96101881,6057454.66711197,3736582.96101881
"22416",6057223.7270043,3736982.96101881,6057454.66711197,3736782.96101881
"22419",6057223.7270043,3736382.96101881,6057454.66711197,3736182.96101881
"22418",6057223.7270043,3736582.96101881,6057454.66711197,3736382.96101881
"22421",6057223.7270043,3735982.96101881,6057454.66711197,3735782.96101881
"22420",6057223.7270043,3736182.96101881,6057454.66711197,3735982.96101881
"22423",6057223.7270043,3735582.96101881,6057454.66711197,3735382.96101881
"22422",6057223.7270043,3735782.96101881,6057454.66711197,3735582.96101881
"22425",6057223.7270043,3735182.96101881,6057454.66711197,3734982.96101881
"22424",6057223.7270043,3735382.96101881,6057454.66711197,3735182.96101881
"22427",6057223.7270043,3734782.96101881,6057454.66711197,3734582.96101881
"22426",6057223.7270043,3734982.96101881,6057454.66711197,3734782.96101881
"22429",6057223.7270043,3734382.96101881,6057454.66711197,3734182.96101881
"22428",6057223.7270043,3734582.96101881,6057454.66711197,3734382.96101881
"22431",6057223.7270043,3733982.96101881,6057454.66711197,3733782.96101881
"22430",6057223.7270043,3734182.96101881,6057454.66711197,3733982.96101881
"22433",6057223.7270043,3733582.96101881,6057454.66711197,3733382.96101881
"22432",6057223.7270043,3733782.96101881,6057454.66711197,3733582.96101881
"22435",6057223.7270043,3733182.96101881,6057454.66711197,3732982.96101881
"22434",6057223.7270043,3733382.96101881,6057454.66711197,3733182.96101881
"22437",6057223.7270043,3732782.96101881,6057454.66711197,3732582.96101881
"14263",6048217.06280494,3745182.96101881,6048448.00291261,3744982.96101881
"22436",6057223.7270043,3732982.96101881,6057454.66711197,3732782.96101881
"14262",6048217.06280494,3745382.96101881,6048448.00291261,3745182.96101881
"22439",6057223.7270043,3732382.96101881,6057454.66711197,3732182.96101881
"14265",6048217.06280494,3744782.96101881,6048448.00291261,3744582.96101881
"22438",6057223.7270043,3732582.96101881,6057454.66711197,3732382.96101881
"14264",6048217.06280494,3744982.96101881,6048448.00291261,3744782.96101881
"22441",6057223.7270043,3731982.96101881,6057454.66711197,3731782.96101881
"14267",6048217.06280494,3744382.96101881,6048448.00291261,3744182.96101881
"22440",6057223.7270043,3732182.96101881,6057454.66711197,3731982.96101881
"14266",6048217.06280494,3744582.96101881,6048448.00291261,3744382.96101881
"14269",6048217.06280494,3743982.96101881,6048448.00291261,3743782.96101881
"22442",6057223.7270043,3731782.96101881,6057454.66711197,3731582.96101881
"14268",6048217.06280494,3744182.96101881,6048448.00291261,3743982.96101881
"14271",6048217.06280494,3743582.96101881,6048448.00291261,3743382.96101881
"14270",6048217.06280494,3743782.96101881,6048448.00291261,3743582.96101881
"14273",6048217.06280494,3743182.96101881,6048448.00291261,3742982.96101881
"14272",6048217.06280494,3743382.96101881,6048448.00291261,3743182.96101881
"14275",6048217.06280494,3742782.96101881,6048448.00291261,3742582.96101881
"14274",6048217.06280494,3742982.96101881,6048448.00291261,3742782.96101881
"14277",6048217.06280494,3742382.96101881,6048448.00291261,3742182.96101881
"14276",6048217.06280494,3742582.96101881,6048448.00291261,3742382.96101881
"14279",6048217.06280494,3741982.96101881,6048448.00291261,3741782.96101881
"14278",6048217.06280494,3742182.96101881,6048448.00291261,3741982.96101881
"14281",6048217.06280494,3741582.96101881,6048448.00291261,3741382.96101881
"14280",6048217.06280494,3741782.96101881,6048448.00291261,3741582.96101881
"14283",6048217.06280494,3741182.96101881,6048448.00291261,3740982.96101881
"14282",6048217.06280494,3741382.96101881,6048448.00291261,3741182.96101881
"14285",6048217.06280494,3740782.96101881,6048448.00291261,3740582.96101881
"14284",6048217.06280494,3740982.96101881,6048448.00291261,3740782.96101881
"14287",6048217.06280494,3740382.96101881,6048448.00291261,3740182.96101881
"14286",6048217.06280494,3740582.96101881,6048448.00291261,3740382.96101881
"14289",6048217.06280494,3739982.96101881,6048448.00291261,3739782.96101881
"14288",6048217.06280494,3740182.96101881,6048448.00291261,3739982.96101881
"14290",6048217.06280494,3739782.96101881,6048448.00291261,3739582.96101881
"22037",6056877.31684278,3750382.96101881,6057108.25695046,3750182.96101881
"22039",6056877.31684278,3749982.96101881,6057108.25695046,3749782.96101881
"22038",6056877.31684278,3750182.96101881,6057108.25695046,3749982.96101881
"22041",6056877.31684278,3749582.96101881,6057108.25695046,3749382.96101881
"22040",6056877.31684278,3749782.96101881,6057108.25695046,3749582.96101881
"22043",6056877.31684278,3749182.96101881,6057108.25695046,3748982.96101881
"22042",6056877.31684278,3749382.96101881,6057108.25695046,3749182.96101881
"22045",6056877.31684278,3748782.96101881,6057108.25695046,3748582.96101881
"22044",6056877.31684278,3748982.96101881,6057108.25695046,3748782.96101881
"22047",6056877.31684278,3748382.96101881,6057108.25695046,3748182.96101881
"22046",6056877.31684278,3748582.96101881,6057108.25695046,3748382.96101881
"22049",6056877.31684278,3747982.96101881,6057108.25695046,3747782.96101881
"22048",6056877.31684278,3748182.96101881,6057108.25695046,3747982.96101881
"22051",6056877.31684278,3747582.96101881,6057108.25695046,3747382.96101881
"22050",6056877.31684278,3747782.96101881,6057108.25695046,3747582.96101881
"22053",6056877.31684278,3747182.96101881,6057108.25695046,3746982.96101881
"22052",6056877.31684278,3747382.96101881,6057108.25695046,3747182.96101881
"22055",6056877.31684278,3746782.96101881,6057108.25695046,3746582.96101881
"22054",6056877.31684278,3746982.96101881,6057108.25695046,3746782.96101881
"22057",6056877.31684278,3746382.96101881,6057108.25695046,3746182.96101881
"22056",6056877.31684278,3746582.96101881,6057108.25695046,3746382.96101881
"22059",6056877.31684278,3745982.96101881,6057108.25695046,3745782.96101881
"22058",6056877.31684278,3746182.96101881,6057108.25695046,3745982.96101881
"22061",6056877.31684278,3745582.96101881,6057108.25695046,3745382.96101881
"22060",6056877.31684278,3745782.96101881,6057108.25695046,3745582.96101881
"22063",6056877.31684278,3745182.96101881,6057108.25695046,3744982.96101881
"22062",6056877.31684278,3745382.96101881,6057108.25695046,3745182.96101881
"22065",6056877.31684278,3744782.96101881,6057108.25695046,3744582.96101881
"22064",6056877.31684278,3744982.96101881,6057108.25695046,3744782.96101881
"22067",6056877.31684278,3744382.96101881,6057108.25695046,3744182.96101881
"22066",6056877.31684278,3744582.96101881,6057108.25695046,3744382.96101881
"22069",6056877.31684278,3743982.96101881,6057108.25695046,3743782.96101881
"22068",6056877.31684278,3744182.96101881,6057108.25695046,3743982.96101881
"22071",6056877.31684278,3743582.96101881,6057108.25695046,3743382.96101881
"22070",6056877.31684278,3743782.96101881,6057108.25695046,3743582.96101881
"22073",6056877.31684278,3743182.96101881,6057108.25695046,3742982.96101881
"22072",6056877.31684278,3743382.96101881,6057108.25695046,3743182.96101881
"22075",6056877.31684278,3742782.96101881,6057108.25695046,3742582.96101881
"22074",6056877.31684278,3742982.96101881,6057108.25695046,3742782.96101881
"22077",6056877.31684278,3742382.96101881,6057108.25695046,3742182.96101881
"22076",6056877.31684278,3742582.96101881,6057108.25695046,3742382.96101881
"22079",6056877.31684278,3741982.96101881,6057108.25695046,3741782.96101881
"22078",6056877.31684278,3742182.96101881,6057108.25695046,3741982.96101881
"22081",6056877.31684278,3741582.96101881,6057108.25695046,3741382.96101881
"22080",6056877.31684278,3741782.96101881,6057108.25695046,3741582.96101881
"22083",6056877.31684278,3741182.96101881,6057108.25695046,3740982.96101881
"22082",6056877.31684278,3741382.96101881,6057108.25695046,3741182.96101881
"22085",6056877.31684278,3740782.96101881,6057108.25695046,3740582.96101881
"22084",6056877.31684278,3740982.96101881,6057108.25695046,3740782.96101881
"22087",6056877.31684278,3740382.96101881,6057108.25695046,3740182.96101881
"22086",6056877.31684278,3740582.96101881,6057108.25695046,3740382.96101881
"22089",6056877.31684278,3739982.96101881,6057108.25695046,3739782.96101881
"22088",6056877.31684278,3740182.96101881,6057108.25695046,3739982.96101881
"22091",6056877.31684278,3739582.96101881,6057108.25695046,3739382.96101881
"22090",6056877.31684278,3739782.96101881,6057108.25695046,3739582.96101881
"22093",6056877.31684278,3739182.96101881,6057108.25695046,3738982.96101881
"22092",6056877.31684278,3739382.96101881,6057108.25695046,3739182.96101881
"22095",6056877.31684278,3738782.96101881,6057108.25695046,3738582.96101881
"22094",6056877.31684278,3738982.96101881,6057108.25695046,3738782.96101881
"22097",6056877.31684278,3738382.96101881,6057108.25695046,3738182.96101881
"22096",6056877.31684278,3738582.96101881,6057108.25695046,3738382.96101881
"22099",6056877.31684278,3737982.96101881,6057108.25695046,3737782.96101881
"22098",6056877.31684278,3738182.96101881,6057108.25695046,3737982.96101881
"22101",6056877.31684278,3737582.96101881,6057108.25695046,3737382.96101881
"22100",6056877.31684278,3737782.96101881,6057108.25695046,3737582.96101881
"22103",6056877.31684278,3737182.96101881,6057108.25695046,3736982.96101881
"22102",6056877.31684278,3737382.96101881,6057108.25695046,3737182.96101881
"22105",6056877.31684278,3736782.96101881,6057108.25695046,3736582.96101881
"22104",6056877.31684278,3736982.96101881,6057108.25695046,3736782.96101881
"22107",6056877.31684278,3736382.96101881,6057108.25695046,3736182.96101881
"22106",6056877.31684278,3736582.96101881,6057108.25695046,3736382.96101881
"22109",6056877.31684278,3735982.96101881,6057108.25695046,3735782.96101881
"22108",6056877.31684278,3736182.96101881,6057108.25695046,3735982.96101881
"22111",6056877.31684278,3735582.96101881,6057108.25695046,3735382.96101881
"22110",6056877.31684278,3735782.96101881,6057108.25695046,3735582.96101881
"22113",6056877.31684278,3735182.96101881,6057108.25695046,3734982.96101881
"22112",6056877.31684278,3735382.96101881,6057108.25695046,3735182.96101881
"22115",6056877.31684278,3734782.96101881,6057108.25695046,3734582.96101881
"22114",6056877.31684278,3734982.96101881,6057108.25695046,3734782.96101881
"22117",6056877.31684278,3734382.96101881,6057108.25695046,3734182.96101881
"22116",6056877.31684278,3734582.96101881,6057108.25695046,3734382.96101881
"22119",6056877.31684278,3733982.96101881,6057108.25695046,3733782.96101881
"22118",6056877.31684278,3734182.96101881,6057108.25695046,3733982.96101881
"22121",6056877.31684278,3733582.96101881,6057108.25695046,3733382.96101881
"22120",6056877.31684278,3733782.96101881,6057108.25695046,3733582.96101881
"22123",6056877.31684278,3733182.96101881,6057108.25695046,3732982.96101881
"22122",6056877.31684278,3733382.96101881,6057108.25695046,3733182.96101881
"22125",6056877.31684278,3732782.96101881,6057108.25695046,3732582.96101881
"22124",6056877.31684278,3732982.96101881,6057108.25695046,3732782.96101881
"22127",6056877.31684278,3732382.96101881,6057108.25695046,3732182.96101881
"22126",6056877.31684278,3732582.96101881,6057108.25695046,3732382.96101881
"13953",6047870.65264342,3744782.96101881,6048101.5927511,3744582.96101881
"13952",6047870.65264342,3744982.96101881,6048101.5927511,3744782.96101881
"22128",6056877.31684278,3732182.96101881,6057108.25695046,3731982.96101881
"13955",6047870.65264342,3744382.96101881,6048101.5927511,3744182.96101881
"13954",6047870.65264342,3744582.96101881,6048101.5927511,3744382.96101881
"13957",6047870.65264342,3743982.96101881,6048101.5927511,3743782.96101881
"13956",6047870.65264342,3744182.96101881,6048101.5927511,3743982.96101881
"13959",6047870.65264342,3743582.96101881,6048101.5927511,3743382.96101881
"13958",6047870.65264342,3743782.96101881,6048101.5927511,3743582.96101881
"13961",6047870.65264342,3743182.96101881,6048101.5927511,3742982.96101881
"13960",6047870.65264342,3743382.96101881,6048101.5927511,3743182.96101881
"13963",6047870.65264342,3742782.96101881,6048101.5927511,3742582.96101881
"13962",6047870.65264342,3742982.96101881,6048101.5927511,3742782.96101881
"13965",6047870.65264342,3742382.96101881,6048101.5927511,3742182.96101881
"13964",6047870.65264342,3742582.96101881,6048101.5927511,3742382.96101881
"13967",6047870.65264342,3741982.96101881,6048101.5927511,3741782.96101881
"13966",6047870.65264342,3742182.96101881,6048101.5927511,3741982.96101881
"13969",6047870.65264342,3741582.96101881,6048101.5927511,3741382.96101881
"13968",6047870.65264342,3741782.96101881,6048101.5927511,3741582.96101881
"13971",6047870.65264342,3741182.96101881,6048101.5927511,3740982.96101881
"13970",6047870.65264342,3741382.96101881,6048101.5927511,3741182.96101881
"13973",6047870.65264342,3740782.96101881,6048101.5927511,3740582.96101881
"13972",6047870.65264342,3740982.96101881,6048101.5927511,3740782.96101881
"13975",6047870.65264342,3740382.96101881,6048101.5927511,3740182.96101881
"13974",6047870.65264342,3740582.96101881,6048101.5927511,3740382.96101881
"13976",6047870.65264342,3740182.96101881,6048101.5927511,3739982.96101881
"22201",6057050.52192354,3748882.96101881,6057281.46203121,3748682.96101881
"22203",6057050.52192354,3748482.96101881,6057281.46203121,3748282.96101881
"22202",6057050.52192354,3748682.96101881,6057281.46203121,3748482.96101881
"22205",6057050.52192354,3748082.96101881,6057281.46203121,3747882.96101881
"22204",6057050.52192354,3748282.96101881,6057281.46203121,3748082.96101881
"22207",6057050.52192354,3747682.96101881,6057281.46203121,3747482.96101881
"22206",6057050.52192354,3747882.96101881,6057281.46203121,3747682.96101881
"22209",6057050.52192354,3747282.96101881,6057281.46203121,3747082.96101881
"22208",6057050.52192354,3747482.96101881,6057281.46203121,3747282.96101881
"22211",6057050.52192354,3746882.96101881,6057281.46203121,3746682.96101881
"22210",6057050.52192354,3747082.96101881,6057281.46203121,3746882.96101881
"22213",6057050.52192354,3746482.96101881,6057281.46203121,3746282.96101881
"22212",6057050.52192354,3746682.96101881,6057281.46203121,3746482.96101881
"22215",6057050.52192354,3746082.96101881,6057281.46203121,3745882.96101881
"22214",6057050.52192354,3746282.96101881,6057281.46203121,3746082.96101881
"22217",6057050.52192354,3745682.96101881,6057281.46203121,3745482.96101881
"22216",6057050.52192354,3745882.96101881,6057281.46203121,3745682.96101881
"22219",6057050.52192354,3745282.96101881,6057281.46203121,3745082.96101881
"22218",6057050.52192354,3745482.96101881,6057281.46203121,3745282.96101881
"22221",6057050.52192354,3744882.96101881,6057281.46203121,3744682.96101881
"22220",6057050.52192354,3745082.96101881,6057281.46203121,3744882.96101881
"22223",6057050.52192354,3744482.96101881,6057281.46203121,3744282.96101881
"22222",6057050.52192354,3744682.96101881,6057281.46203121,3744482.96101881
"22225",6057050.52192354,3744082.96101881,6057281.46203121,3743882.96101881
"22224",6057050.52192354,3744282.96101881,6057281.46203121,3744082.96101881
"22227",6057050.52192354,3743682.96101881,6057281.46203121,3743482.96101881
"22226",6057050.52192354,3743882.96101881,6057281.46203121,3743682.96101881
"22229",6057050.52192354,3743282.96101881,6057281.46203121,3743082.96101881
"22228",6057050.52192354,3743482.96101881,6057281.46203121,3743282.96101881
"22231",6057050.52192354,3742882.96101881,6057281.46203121,3742682.96101881
"22230",6057050.52192354,3743082.96101881,6057281.46203121,3742882.96101881
"22233",6057050.52192354,3742482.96101881,6057281.46203121,3742282.96101881
"22232",6057050.52192354,3742682.96101881,6057281.46203121,3742482.96101881
"22235",6057050.52192354,3742082.96101881,6057281.46203121,3741882.96101881
"22234",6057050.52192354,3742282.96101881,6057281.46203121,3742082.96101881
"22237",6057050.52192354,3741682.96101881,6057281.46203121,3741482.96101881
"22236",6057050.52192354,3741882.96101881,6057281.46203121,3741682.96101881
"22239",6057050.52192354,3741282.96101881,6057281.46203121,3741082.96101881
"22238",6057050.52192354,3741482.96101881,6057281.46203121,3741282.96101881
"22241",6057050.52192354,3740882.96101881,6057281.46203121,3740682.96101881
"22240",6057050.52192354,3741082.96101881,6057281.46203121,3740882.96101881
"22243",6057050.52192354,3740482.96101881,6057281.46203121,3740282.96101881
"22242",6057050.52192354,3740682.96101881,6057281.46203121,3740482.96101881
"22245",6057050.52192354,3740082.96101881,6057281.46203121,3739882.96101881
"22244",6057050.52192354,3740282.96101881,6057281.46203121,3740082.96101881
"22247",6057050.52192354,3739682.96101881,6057281.46203121,3739482.96101881
"22246",6057050.52192354,3739882.96101881,6057281.46203121,3739682.96101881
"22249",6057050.52192354,3739282.96101881,6057281.46203121,3739082.96101881
"22248",6057050.52192354,3739482.96101881,6057281.46203121,3739282.96101881
"22251",6057050.52192354,3738882.96101881,6057281.46203121,3738682.96101881
"22250",6057050.52192354,3739082.96101881,6057281.46203121,3738882.96101881
"22253",6057050.52192354,3738482.96101881,6057281.46203121,3738282.96101881
"22252",6057050.52192354,3738682.96101881,6057281.46203121,3738482.96101881
"22255",6057050.52192354,3738082.96101881,6057281.46203121,3737882.96101881
"22254",6057050.52192354,3738282.96101881,6057281.46203121,3738082.96101881
"22257",6057050.52192354,3737682.96101881,6057281.46203121,3737482.96101881
"22256",6057050.52192354,3737882.96101881,6057281.46203121,3737682.96101881
"22259",6057050.52192354,3737282.96101881,6057281.46203121,3737082.96101881
"22258",6057050.52192354,3737482.96101881,6057281.46203121,3737282.96101881
"22261",6057050.52192354,3736882.96101881,6057281.46203121,3736682.96101881
"22260",6057050.52192354,3737082.96101881,6057281.46203121,3736882.96101881
"22263",6057050.52192354,3736482.96101881,6057281.46203121,3736282.96101881
"22262",6057050.52192354,3736682.96101881,6057281.46203121,3736482.96101881
"22265",6057050.52192354,3736082.96101881,6057281.46203121,3735882.96101881
"22264",6057050.52192354,3736282.96101881,6057281.46203121,3736082.96101881
"22267",6057050.52192354,3735682.96101881,6057281.46203121,3735482.96101881
"22266",6057050.52192354,3735882.96101881,6057281.46203121,3735682.96101881
"22269",6057050.52192354,3735282.96101881,6057281.46203121,3735082.96101881
"22268",6057050.52192354,3735482.96101881,6057281.46203121,3735282.96101881
"22271",6057050.52192354,3734882.96101881,6057281.46203121,3734682.96101881
"22270",6057050.52192354,3735082.96101881,6057281.46203121,3734882.96101881
"21761",6056530.90668127,3743182.96101881,6056761.84678894,3742982.96101881
"21760",6056530.90668127,3743382.96101881,6056761.84678894,3743182.96101881
"21763",6056530.90668127,3742782.96101881,6056761.84678894,3742582.96101881
"21762",6056530.90668127,3742982.96101881,6056761.84678894,3742782.96101881
"21765",6056530.90668127,3742382.96101881,6056761.84678894,3742182.96101881
"21764",6056530.90668127,3742582.96101881,6056761.84678894,3742382.96101881
"21767",6056530.90668127,3741982.96101881,6056761.84678894,3741782.96101881
"21766",6056530.90668127,3742182.96101881,6056761.84678894,3741982.96101881
"21769",6056530.90668127,3741582.96101881,6056761.84678894,3741382.96101881
"21768",6056530.90668127,3741782.96101881,6056761.84678894,3741582.96101881
"21771",6056530.90668127,3741182.96101881,6056761.84678894,3740982.96101881
"21770",6056530.90668127,3741382.96101881,6056761.84678894,3741182.96101881
"21773",6056530.90668127,3740782.96101881,6056761.84678894,3740582.96101881
"21772",6056530.90668127,3740982.96101881,6056761.84678894,3740782.96101881
"21775",6056530.90668127,3740382.96101881,6056761.84678894,3740182.96101881
"21774",6056530.90668127,3740582.96101881,6056761.84678894,3740382.96101881
"21777",6056530.90668127,3739982.96101881,6056761.84678894,3739782.96101881
"21776",6056530.90668127,3740182.96101881,6056761.84678894,3739982.96101881
"21779",6056530.90668127,3739582.96101881,6056761.84678894,3739382.96101881
"21778",6056530.90668127,3739782.96101881,6056761.84678894,3739582.96101881
"21781",6056530.90668127,3739182.96101881,6056761.84678894,3738982.96101881
"21780",6056530.90668127,3739382.96101881,6056761.84678894,3739182.96101881
"21783",6056530.90668127,3738782.96101881,6056761.84678894,3738582.96101881
"21782",6056530.90668127,3738982.96101881,6056761.84678894,3738782.96101881
"21785",6056530.90668127,3738382.96101881,6056761.84678894,3738182.96101881
"21784",6056530.90668127,3738582.96101881,6056761.84678894,3738382.96101881
"21787",6056530.90668127,3737982.96101881,6056761.84678894,3737782.96101881
"21786",6056530.90668127,3738182.96101881,6056761.84678894,3737982.96101881
"21789",6056530.90668127,3737582.96101881,6056761.84678894,3737382.96101881
"21788",6056530.90668127,3737782.96101881,6056761.84678894,3737582.96101881
"21791",6056530.90668127,3737182.96101881,6056761.84678894,3736982.96101881
"21790",6056530.90668127,3737382.96101881,6056761.84678894,3737182.96101881
"21793",6056530.90668127,3736782.96101881,6056761.84678894,3736582.96101881
"21792",6056530.90668127,3736982.96101881,6056761.84678894,3736782.96101881
"21795",6056530.90668127,3736382.96101881,6056761.84678894,3736182.96101881
"21794",6056530.90668127,3736582.96101881,6056761.84678894,3736382.96101881
"21797",6056530.90668127,3735982.96101881,6056761.84678894,3735782.96101881
"21796",6056530.90668127,3736182.96101881,6056761.84678894,3735982.96101881
"21799",6056530.90668127,3735582.96101881,6056761.84678894,3735382.96101881
"21798",6056530.90668127,3735782.96101881,6056761.84678894,3735582.96101881
"21801",6056530.90668127,3735182.96101881,6056761.84678894,3734982.96101881
"21800",6056530.90668127,3735382.96101881,6056761.84678894,3735182.96101881
"21803",6056530.90668127,3734782.96101881,6056761.84678894,3734582.96101881
"21802",6056530.90668127,3734982.96101881,6056761.84678894,3734782.96101881
"21805",6056530.90668127,3734382.96101881,6056761.84678894,3734182.96101881
"21804",6056530.90668127,3734582.96101881,6056761.84678894,3734382.96101881
"21807",6056530.90668127,3733982.96101881,6056761.84678894,3733782.96101881
"21806",6056530.90668127,3734182.96101881,6056761.84678894,3733982.96101881
"21809",6056530.90668127,3733582.96101881,6056761.84678894,3733382.96101881
"21808",6056530.90668127,3733782.96101881,6056761.84678894,3733582.96101881
"21811",6056530.90668127,3733182.96101881,6056761.84678894,3732982.96101881
"21810",6056530.90668127,3733382.96101881,6056761.84678894,3733182.96101881
"21813",6056530.90668127,3732782.96101881,6056761.84678894,3732582.96101881
"21812",6056530.90668127,3732982.96101881,6056761.84678894,3732782.96101881
"21815",6056530.90668127,3732382.96101881,6056761.84678894,3732182.96101881
"21814",6056530.90668127,3732582.96101881,6056761.84678894,3732382.96101881
"13643",6047524.24248191,3744382.96101881,6047755.18258959,3744182.96101881
"13642",6047524.24248191,3744582.96101881,6047755.18258959,3744382.96101881
"13645",6047524.24248191,3743982.96101881,6047755.18258959,3743782.96101881
"13644",6047524.24248191,3744182.96101881,6047755.18258959,3743982.96101881
"13647",6047524.24248191,3743582.96101881,6047755.18258959,3743382.96101881
"13646",6047524.24248191,3743782.96101881,6047755.18258959,3743582.96101881
"13649",6047524.24248191,3743182.96101881,6047755.18258959,3742982.96101881
"13648",6047524.24248191,3743382.96101881,6047755.18258959,3743182.96101881
"13651",6047524.24248191,3742782.96101881,6047755.18258959,3742582.96101881
"13650",6047524.24248191,3742982.96101881,6047755.18258959,3742782.96101881
"13653",6047524.24248191,3742382.96101881,6047755.18258959,3742182.96101881
"13652",6047524.24248191,3742582.96101881,6047755.18258959,3742382.96101881
"13655",6047524.24248191,3741982.96101881,6047755.18258959,3741782.96101881
"13654",6047524.24248191,3742182.96101881,6047755.18258959,3741982.96101881
"13657",6047524.24248191,3741582.96101881,6047755.18258959,3741382.96101881
"13656",6047524.24248191,3741782.96101881,6047755.18258959,3741582.96101881
"13659",6047524.24248191,3741182.96101881,6047755.18258959,3740982.96101881
"13658",6047524.24248191,3741382.96101881,6047755.18258959,3741182.96101881
"13661",6047524.24248191,3740782.96101881,6047755.18258959,3740582.96101881
"13660",6047524.24248191,3740982.96101881,6047755.18258959,3740782.96101881
"13663",6047524.24248191,3740382.96101881,6047755.18258959,3740182.96101881
"13662",6047524.24248191,3740582.96101881,6047755.18258959,3740382.96101881
"21875",6056704.11176203,3751682.96101881,6056935.0518697,3751482.96101881
"21874",6056704.11176203,3751882.96101881,6056935.0518697,3751682.96101881
"21877",6056704.11176203,3751282.96101881,6056935.0518697,3751082.96101881
"21876",6056704.11176203,3751482.96101881,6056935.0518697,3751282.96101881
"21879",6056704.11176203,3750882.96101881,6056935.0518697,3750682.96101881
"21878",6056704.11176203,3751082.96101881,6056935.0518697,3750882.96101881
"21881",6056704.11176203,3750482.96101881,6056935.0518697,3750282.96101881
"21880",6056704.11176203,3750682.96101881,6056935.0518697,3750482.96101881
"21883",6056704.11176203,3750082.96101881,6056935.0518697,3749882.96101881
"21882",6056704.11176203,3750282.96101881,6056935.0518697,3750082.96101881
"21885",6056704.11176203,3749682.96101881,6056935.0518697,3749482.96101881
"21884",6056704.11176203,3749882.96101881,6056935.0518697,3749682.96101881
"21887",6056704.11176203,3749282.96101881,6056935.0518697,3749082.96101881
"21886",6056704.11176203,3749482.96101881,6056935.0518697,3749282.96101881
"21889",6056704.11176203,3748882.96101881,6056935.0518697,3748682.96101881
"21888",6056704.11176203,3749082.96101881,6056935.0518697,3748882.96101881
"21891",6056704.11176203,3748482.96101881,6056935.0518697,3748282.96101881
"21890",6056704.11176203,3748682.96101881,6056935.0518697,3748482.96101881
"21893",6056704.11176203,3748082.96101881,6056935.0518697,3747882.96101881
"21892",6056704.11176203,3748282.96101881,6056935.0518697,3748082.96101881
"21895",6056704.11176203,3747682.96101881,6056935.0518697,3747482.96101881
"21894",6056704.11176203,3747882.96101881,6056935.0518697,3747682.96101881
"21897",6056704.11176203,3747282.96101881,6056935.0518697,3747082.96101881
"21896",6056704.11176203,3747482.96101881,6056935.0518697,3747282.96101881
"21899",6056704.11176203,3746882.96101881,6056935.0518697,3746682.96101881
"21898",6056704.11176203,3747082.96101881,6056935.0518697,3746882.96101881
"21901",6056704.11176203,3746482.96101881,6056935.0518697,3746282.96101881
"21900",6056704.11176203,3746682.96101881,6056935.0518697,3746482.96101881
"21903",6056704.11176203,3746082.96101881,6056935.0518697,3745882.96101881
"21902",6056704.11176203,3746282.96101881,6056935.0518697,3746082.96101881
"21905",6056704.11176203,3745682.96101881,6056935.0518697,3745482.96101881
"21904",6056704.11176203,3745882.96101881,6056935.0518697,3745682.96101881
"21907",6056704.11176203,3745282.96101881,6056935.0518697,3745082.96101881
"21906",6056704.11176203,3745482.96101881,6056935.0518697,3745282.96101881
"21909",6056704.11176203,3744882.96101881,6056935.0518697,3744682.96101881
"21908",6056704.11176203,3745082.96101881,6056935.0518697,3744882.96101881
"21911",6056704.11176203,3744482.96101881,6056935.0518697,3744282.96101881
"21910",6056704.11176203,3744682.96101881,6056935.0518697,3744482.96101881
"21913",6056704.11176203,3744082.96101881,6056935.0518697,3743882.96101881
"21912",6056704.11176203,3744282.96101881,6056935.0518697,3744082.96101881
"21915",6056704.11176203,3743682.96101881,6056935.0518697,3743482.96101881
"21914",6056704.11176203,3743882.96101881,6056935.0518697,3743682.96101881
"21917",6056704.11176203,3743282.96101881,6056935.0518697,3743082.96101881
"21916",6056704.11176203,3743482.96101881,6056935.0518697,3743282.96101881
"21919",6056704.11176203,3742882.96101881,6056935.0518697,3742682.96101881
"21918",6056704.11176203,3743082.96101881,6056935.0518697,3742882.96101881
"21921",6056704.11176203,3742482.96101881,6056935.0518697,3742282.96101881
"21920",6056704.11176203,3742682.96101881,6056935.0518697,3742482.96101881
"21923",6056704.11176203,3742082.96101881,6056935.0518697,3741882.96101881
"21922",6056704.11176203,3742282.96101881,6056935.0518697,3742082.96101881
"21925",6056704.11176203,3741682.96101881,6056935.0518697,3741482.96101881
"21924",6056704.11176203,3741882.96101881,6056935.0518697,3741682.96101881
"21927",6056704.11176203,3741282.96101881,6056935.0518697,3741082.96101881
"21926",6056704.11176203,3741482.96101881,6056935.0518697,3741282.96101881
"21929",6056704.11176203,3740882.96101881,6056935.0518697,3740682.96101881
"21928",6056704.11176203,3741082.96101881,6056935.0518697,3740882.96101881
"21931",6056704.11176203,3740482.96101881,6056935.0518697,3740282.96101881
"21930",6056704.11176203,3740682.96101881,6056935.0518697,3740482.96101881
"21933",6056704.11176203,3740082.96101881,6056935.0518697,3739882.96101881
"21932",6056704.11176203,3740282.96101881,6056935.0518697,3740082.96101881
"21935",6056704.11176203,3739682.96101881,6056935.0518697,3739482.96101881
"21934",6056704.11176203,3739882.96101881,6056935.0518697,3739682.96101881
"21937",6056704.11176203,3739282.96101881,6056935.0518697,3739082.96101881
"21936",6056704.11176203,3739482.96101881,6056935.0518697,3739282.96101881
"21939",6056704.11176203,3738882.96101881,6056935.0518697,3738682.96101881
"21938",6056704.11176203,3739082.96101881,6056935.0518697,3738882.96101881
"21941",6056704.11176203,3738482.96101881,6056935.0518697,3738282.96101881
"21940",6056704.11176203,3738682.96101881,6056935.0518697,3738482.96101881
"21943",6056704.11176203,3738082.96101881,6056935.0518697,3737882.96101881
"21942",6056704.11176203,3738282.96101881,6056935.0518697,3738082.96101881
"21945",6056704.11176203,3737682.96101881,6056935.0518697,3737482.96101881
"21944",6056704.11176203,3737882.96101881,6056935.0518697,3737682.96101881
"21947",6056704.11176203,3737282.96101881,6056935.0518697,3737082.96101881
"21946",6056704.11176203,3737482.96101881,6056935.0518697,3737282.96101881
"21949",6056704.11176203,3736882.96101881,6056935.0518697,3736682.96101881
"21948",6056704.11176203,3737082.96101881,6056935.0518697,3736882.96101881
"21951",6056704.11176203,3736482.96101881,6056935.0518697,3736282.96101881
"21950",6056704.11176203,3736682.96101881,6056935.0518697,3736482.96101881
"21953",6056704.11176203,3736082.96101881,6056935.0518697,3735882.96101881
"21952",6056704.11176203,3736282.96101881,6056935.0518697,3736082.96101881
"21955",6056704.11176203,3735682.96101881,6056935.0518697,3735482.96101881
"21954",6056704.11176203,3735882.96101881,6056935.0518697,3735682.96101881
"21957",6056704.11176203,3735282.96101881,6056935.0518697,3735082.96101881
"21956",6056704.11176203,3735482.96101881,6056935.0518697,3735282.96101881
"21959",6056704.11176203,3734882.96101881,6056935.0518697,3734682.96101881
"21958",6056704.11176203,3735082.96101881,6056935.0518697,3734882.96101881
"21961",6056704.11176203,3734482.96101881,6056935.0518697,3734282.96101881
"21960",6056704.11176203,3734682.96101881,6056935.0518697,3734482.96101881
"21963",6056704.11176203,3734082.96101881,6056935.0518697,3733882.96101881
"21962",6056704.11176203,3734282.96101881,6056935.0518697,3734082.96101881
"21965",6056704.11176203,3733682.96101881,6056935.0518697,3733482.96101881
"21964",6056704.11176203,3733882.96101881,6056935.0518697,3733682.96101881
"21967",6056704.11176203,3733282.96101881,6056935.0518697,3733082.96101881
"21966",6056704.11176203,3733482.96101881,6056935.0518697,3733282.96101881
"21969",6056704.11176203,3732882.96101881,6056935.0518697,3732682.96101881
"21968",6056704.11176203,3733082.96101881,6056935.0518697,3732882.96101881
"21971",6056704.11176203,3732482.96101881,6056935.0518697,3732282.96101881
"21970",6056704.11176203,3732682.96101881,6056935.0518697,3732482.96101881
"21972",6056704.11176203,3732282.96101881,6056935.0518697,3732082.96101881
"13799",6047697.44756267,3744482.96101881,6047928.38767034,3744282.96101881
"13798",6047697.44756267,3744682.96101881,6047928.38767034,3744482.96101881
"13801",6047697.44756267,3744082.96101881,6047928.38767034,3743882.96101881
"13800",6047697.44756267,3744282.96101881,6047928.38767034,3744082.96101881
"13803",6047697.44756267,3743682.96101881,6047928.38767034,3743482.96101881
"13802",6047697.44756267,3743882.96101881,6047928.38767034,3743682.96101881
"13805",6047697.44756267,3743282.96101881,6047928.38767034,3743082.96101881
"13804",6047697.44756267,3743482.96101881,6047928.38767034,3743282.96101881
"13807",6047697.44756267,3742882.96101881,6047928.38767034,3742682.96101881
"13806",6047697.44756267,3743082.96101881,6047928.38767034,3742882.96101881
"13809",6047697.44756267,3742482.96101881,6047928.38767034,3742282.96101881
"13808",6047697.44756267,3742682.96101881,6047928.38767034,3742482.96101881
"13811",6047697.44756267,3742082.96101881,6047928.38767034,3741882.96101881
"13810",6047697.44756267,3742282.96101881,6047928.38767034,3742082.96101881
"13813",6047697.44756267,3741682.96101881,6047928.38767034,3741482.96101881
"13812",6047697.44756267,3741882.96101881,6047928.38767034,3741682.96101881
"13815",6047697.44756267,3741282.96101881,6047928.38767034,3741082.96101881
"13814",6047697.44756267,3741482.96101881,6047928.38767034,3741282.96101881
"13817",6047697.44756267,3740882.96101881,6047928.38767034,3740682.96101881
"13816",6047697.44756267,3741082.96101881,6047928.38767034,3740882.96101881
"13819",6047697.44756267,3740482.96101881,6047928.38767034,3740282.96101881
"13818",6047697.44756267,3740682.96101881,6047928.38767034,3740482.96101881
"13820",6047697.44756267,3740282.96101881,6047928.38767034,3740082.96101881
"13333",6047177.8323204,3743982.96101881,6047408.77242807,3743782.96101881
"13335",6047177.8323204,3743582.96101881,6047408.77242807,3743382.96101881
"13334",6047177.8323204,3743782.96101881,6047408.77242807,3743582.96101881
"13337",6047177.8323204,3743182.96101881,6047408.77242807,3742982.96101881
"13336",6047177.8323204,3743382.96101881,6047408.77242807,3743182.96101881
"13339",6047177.8323204,3742782.96101881,6047408.77242807,3742582.96101881
"13338",6047177.8323204,3742982.96101881,6047408.77242807,3742782.96101881
"13341",6047177.8323204,3742382.96101881,6047408.77242807,3742182.96101881
"13340",6047177.8323204,3742582.96101881,6047408.77242807,3742382.96101881
"13343",6047177.8323204,3741982.96101881,6047408.77242807,3741782.96101881
"13342",6047177.8323204,3742182.96101881,6047408.77242807,3741982.96101881
"13345",6047177.8323204,3741582.96101881,6047408.77242807,3741382.96101881
"13344",6047177.8323204,3741782.96101881,6047408.77242807,3741582.96101881
"13347",6047177.8323204,3741182.96101881,6047408.77242807,3740982.96101881
"13346",6047177.8323204,3741382.96101881,6047408.77242807,3741182.96101881
"13349",6047177.8323204,3740782.96101881,6047408.77242807,3740582.96101881
"13348",6047177.8323204,3740982.96101881,6047408.77242807,3740782.96101881
"21547",6056357.70160051,3754882.96101881,6056588.64170819,3754682.96101881
"21549",6056357.70160051,3754482.96101881,6056588.64170819,3754282.96101881
"21548",6056357.70160051,3754682.96101881,6056588.64170819,3754482.96101881
"21551",6056357.70160051,3754082.96101881,6056588.64170819,3753882.96101881
"21550",6056357.70160051,3754282.96101881,6056588.64170819,3754082.96101881
"21553",6056357.70160051,3753682.96101881,6056588.64170819,3753482.96101881
"21552",6056357.70160051,3753882.96101881,6056588.64170819,3753682.96101881
"21555",6056357.70160051,3753282.96101881,6056588.64170819,3753082.96101881
"21554",6056357.70160051,3753482.96101881,6056588.64170819,3753282.96101881
"21557",6056357.70160051,3752882.96101881,6056588.64170819,3752682.96101881
"21556",6056357.70160051,3753082.96101881,6056588.64170819,3752882.96101881
"21559",6056357.70160051,3752482.96101881,6056588.64170819,3752282.96101881
"21558",6056357.70160051,3752682.96101881,6056588.64170819,3752482.96101881
"21561",6056357.70160051,3752082.96101881,6056588.64170819,3751882.96101881
"21560",6056357.70160051,3752282.96101881,6056588.64170819,3752082.96101881
"21563",6056357.70160051,3751682.96101881,6056588.64170819,3751482.96101881
"21562",6056357.70160051,3751882.96101881,6056588.64170819,3751682.96101881
"21565",6056357.70160051,3751282.96101881,6056588.64170819,3751082.96101881
"21564",6056357.70160051,3751482.96101881,6056588.64170819,3751282.96101881
"21567",6056357.70160051,3750882.96101881,6056588.64170819,3750682.96101881
"21566",6056357.70160051,3751082.96101881,6056588.64170819,3750882.96101881
"21569",6056357.70160051,3750482.96101881,6056588.64170819,3750282.96101881
"21568",6056357.70160051,3750682.96101881,6056588.64170819,3750482.96101881
"21571",6056357.70160051,3750082.96101881,6056588.64170819,3749882.96101881
"21570",6056357.70160051,3750282.96101881,6056588.64170819,3750082.96101881
"21573",6056357.70160051,3749682.96101881,6056588.64170819,3749482.96101881
"21572",6056357.70160051,3749882.96101881,6056588.64170819,3749682.96101881
"21575",6056357.70160051,3749282.96101881,6056588.64170819,3749082.96101881
"21574",6056357.70160051,3749482.96101881,6056588.64170819,3749282.96101881
"21577",6056357.70160051,3748882.96101881,6056588.64170819,3748682.96101881
"21576",6056357.70160051,3749082.96101881,6056588.64170819,3748882.96101881
"21579",6056357.70160051,3748482.96101881,6056588.64170819,3748282.96101881
"21578",6056357.70160051,3748682.96101881,6056588.64170819,3748482.96101881
"21581",6056357.70160051,3748082.96101881,6056588.64170819,3747882.96101881
"21580",6056357.70160051,3748282.96101881,6056588.64170819,3748082.96101881
"21583",6056357.70160051,3747682.96101881,6056588.64170819,3747482.96101881
"21582",6056357.70160051,3747882.96101881,6056588.64170819,3747682.96101881
"21585",6056357.70160051,3747282.96101881,6056588.64170819,3747082.96101881
"21584",6056357.70160051,3747482.96101881,6056588.64170819,3747282.96101881
"21587",6056357.70160051,3746882.96101881,6056588.64170819,3746682.96101881
"21586",6056357.70160051,3747082.96101881,6056588.64170819,3746882.96101881
"21589",6056357.70160051,3746482.96101881,6056588.64170819,3746282.96101881
"21588",6056357.70160051,3746682.96101881,6056588.64170819,3746482.96101881
"21591",6056357.70160051,3746082.96101881,6056588.64170819,3745882.96101881
"21590",6056357.70160051,3746282.96101881,6056588.64170819,3746082.96101881
"21593",6056357.70160051,3745682.96101881,6056588.64170819,3745482.96101881
"21592",6056357.70160051,3745882.96101881,6056588.64170819,3745682.96101881
"21595",6056357.70160051,3745282.96101881,6056588.64170819,3745082.96101881
"21594",6056357.70160051,3745482.96101881,6056588.64170819,3745282.96101881
"21597",6056357.70160051,3744882.96101881,6056588.64170819,3744682.96101881
"21596",6056357.70160051,3745082.96101881,6056588.64170819,3744882.96101881
"21599",6056357.70160051,3744482.96101881,6056588.64170819,3744282.96101881
"21598",6056357.70160051,3744682.96101881,6056588.64170819,3744482.96101881
"21601",6056357.70160051,3744082.96101881,6056588.64170819,3743882.96101881
"21600",6056357.70160051,3744282.96101881,6056588.64170819,3744082.96101881
"21603",6056357.70160051,3743682.96101881,6056588.64170819,3743482.96101881
"21602",6056357.70160051,3743882.96101881,6056588.64170819,3743682.96101881
"21605",6056357.70160051,3743282.96101881,6056588.64170819,3743082.96101881
"21604",6056357.70160051,3743482.96101881,6056588.64170819,3743282.96101881
"21607",6056357.70160051,3742882.96101881,6056588.64170819,3742682.96101881
"21606",6056357.70160051,3743082.96101881,6056588.64170819,3742882.96101881
"21609",6056357.70160051,3742482.96101881,6056588.64170819,3742282.96101881
"21608",6056357.70160051,3742682.96101881,6056588.64170819,3742482.96101881
"21611",6056357.70160051,3742082.96101881,6056588.64170819,3741882.96101881
"21610",6056357.70160051,3742282.96101881,6056588.64170819,3742082.96101881
"21613",6056357.70160051,3741682.96101881,6056588.64170819,3741482.96101881
"21612",6056357.70160051,3741882.96101881,6056588.64170819,3741682.96101881
"21615",6056357.70160051,3741282.96101881,6056588.64170819,3741082.96101881
"21614",6056357.70160051,3741482.96101881,6056588.64170819,3741282.96101881
"21617",6056357.70160051,3740882.96101881,6056588.64170819,3740682.96101881
"21616",6056357.70160051,3741082.96101881,6056588.64170819,3740882.96101881
"21619",6056357.70160051,3740482.96101881,6056588.64170819,3740282.96101881
"21618",6056357.70160051,3740682.96101881,6056588.64170819,3740482.96101881
"21621",6056357.70160051,3740082.96101881,6056588.64170819,3739882.96101881
"21620",6056357.70160051,3740282.96101881,6056588.64170819,3740082.96101881
"21623",6056357.70160051,3739682.96101881,6056588.64170819,3739482.96101881
"21622",6056357.70160051,3739882.96101881,6056588.64170819,3739682.96101881
"21625",6056357.70160051,3739282.96101881,6056588.64170819,3739082.96101881
"21624",6056357.70160051,3739482.96101881,6056588.64170819,3739282.96101881
"21627",6056357.70160051,3738882.96101881,6056588.64170819,3738682.96101881
"21626",6056357.70160051,3739082.96101881,6056588.64170819,3738882.96101881
"21629",6056357.70160051,3738482.96101881,6056588.64170819,3738282.96101881
"21628",6056357.70160051,3738682.96101881,6056588.64170819,3738482.96101881
"21631",6056357.70160051,3738082.96101881,6056588.64170819,3737882.96101881
"21630",6056357.70160051,3738282.96101881,6056588.64170819,3738082.96101881
"21633",6056357.70160051,3737682.96101881,6056588.64170819,3737482.96101881
"21632",6056357.70160051,3737882.96101881,6056588.64170819,3737682.96101881
"21635",6056357.70160051,3737282.96101881,6056588.64170819,3737082.96101881
"21634",6056357.70160051,3737482.96101881,6056588.64170819,3737282.96101881
"21637",6056357.70160051,3736882.96101881,6056588.64170819,3736682.96101881
"21636",6056357.70160051,3737082.96101881,6056588.64170819,3736882.96101881
"21639",6056357.70160051,3736482.96101881,6056588.64170819,3736282.96101881
"21638",6056357.70160051,3736682.96101881,6056588.64170819,3736482.96101881
"21641",6056357.70160051,3736082.96101881,6056588.64170819,3735882.96101881
"21640",6056357.70160051,3736282.96101881,6056588.64170819,3736082.96101881
"21643",6056357.70160051,3735682.96101881,6056588.64170819,3735482.96101881
"21642",6056357.70160051,3735882.96101881,6056588.64170819,3735682.96101881
"21645",6056357.70160051,3735282.96101881,6056588.64170819,3735082.96101881
"21644",6056357.70160051,3735482.96101881,6056588.64170819,3735282.96101881
"21647",6056357.70160051,3734882.96101881,6056588.64170819,3734682.96101881
"21646",6056357.70160051,3735082.96101881,6056588.64170819,3734882.96101881
"21649",6056357.70160051,3734482.96101881,6056588.64170819,3734282.96101881
"21648",6056357.70160051,3734682.96101881,6056588.64170819,3734482.96101881
"21651",6056357.70160051,3734082.96101881,6056588.64170819,3733882.96101881
"21650",6056357.70160051,3734282.96101881,6056588.64170819,3734082.96101881
"21653",6056357.70160051,3733682.96101881,6056588.64170819,3733482.96101881
"21652",6056357.70160051,3733882.96101881,6056588.64170819,3733682.96101881
"21655",6056357.70160051,3733282.96101881,6056588.64170819,3733082.96101881
"21654",6056357.70160051,3733482.96101881,6056588.64170819,3733282.96101881
"21657",6056357.70160051,3732882.96101881,6056588.64170819,3732682.96101881
"21656",6056357.70160051,3733082.96101881,6056588.64170819,3732882.96101881
"21658",6056357.70160051,3732682.96101881,6056588.64170819,3732482.96101881
"13489",6047351.03740115,3744082.96101881,6047581.97750883,3743882.96101881
"13488",6047351.03740115,3744282.96101881,6047581.97750883,3744082.96101881
"13491",6047351.03740115,3743682.96101881,6047581.97750883,3743482.96101881
"13490",6047351.03740115,3743882.96101881,6047581.97750883,3743682.96101881
"13493",6047351.03740115,3743282.96101881,6047581.97750883,3743082.96101881
"13492",6047351.03740115,3743482.96101881,6047581.97750883,3743282.96101881
"13495",6047351.03740115,3742882.96101881,6047581.97750883,3742682.96101881
"13494",6047351.03740115,3743082.96101881,6047581.97750883,3742882.96101881
"13497",6047351.03740115,3742482.96101881,6047581.97750883,3742282.96101881
"13496",6047351.03740115,3742682.96101881,6047581.97750883,3742482.96101881
"13499",6047351.03740115,3742082.96101881,6047581.97750883,3741882.96101881
"13498",6047351.03740115,3742282.96101881,6047581.97750883,3742082.96101881
"13501",6047351.03740115,3741682.96101881,6047581.97750883,3741482.96101881
"13500",6047351.03740115,3741882.96101881,6047581.97750883,3741682.96101881
"13503",6047351.03740115,3741282.96101881,6047581.97750883,3741082.96101881
"13502",6047351.03740115,3741482.96101881,6047581.97750883,3741282.96101881
"13505",6047351.03740115,3740882.96101881,6047581.97750883,3740682.96101881
"13504",6047351.03740115,3741082.96101881,6047581.97750883,3740882.96101881
"13507",6047351.03740115,3740482.96101881,6047581.97750883,3740282.96101881
"13506",6047351.03740115,3740682.96101881,6047581.97750883,3740482.96101881
"21711",6056530.90668127,3753182.96101881,6056761.84678894,3752982.96101881
"21710",6056530.90668127,3753382.96101881,6056761.84678894,3753182.96101881
"21713",6056530.90668127,3752782.96101881,6056761.84678894,3752582.96101881
"21712",6056530.90668127,3752982.96101881,6056761.84678894,3752782.96101881
"21715",6056530.90668127,3752382.96101881,6056761.84678894,3752182.96101881
"21714",6056530.90668127,3752582.96101881,6056761.84678894,3752382.96101881
"21717",6056530.90668127,3751982.96101881,6056761.84678894,3751782.96101881
"21716",6056530.90668127,3752182.96101881,6056761.84678894,3751982.96101881
"21719",6056530.90668127,3751582.96101881,6056761.84678894,3751382.96101881
"21718",6056530.90668127,3751782.96101881,6056761.84678894,3751582.96101881
"21721",6056530.90668127,3751182.96101881,6056761.84678894,3750982.96101881
"21720",6056530.90668127,3751382.96101881,6056761.84678894,3751182.96101881
"21723",6056530.90668127,3750782.96101881,6056761.84678894,3750582.96101881
"21722",6056530.90668127,3750982.96101881,6056761.84678894,3750782.96101881
"21725",6056530.90668127,3750382.96101881,6056761.84678894,3750182.96101881
"21724",6056530.90668127,3750582.96101881,6056761.84678894,3750382.96101881
"21727",6056530.90668127,3749982.96101881,6056761.84678894,3749782.96101881
"21726",6056530.90668127,3750182.96101881,6056761.84678894,3749982.96101881
"21729",6056530.90668127,3749582.96101881,6056761.84678894,3749382.96101881
"21728",6056530.90668127,3749782.96101881,6056761.84678894,3749582.96101881
"21731",6056530.90668127,3749182.96101881,6056761.84678894,3748982.96101881
"21730",6056530.90668127,3749382.96101881,6056761.84678894,3749182.96101881
"21733",6056530.90668127,3748782.96101881,6056761.84678894,3748582.96101881
"21732",6056530.90668127,3748982.96101881,6056761.84678894,3748782.96101881
"21735",6056530.90668127,3748382.96101881,6056761.84678894,3748182.96101881
"21734",6056530.90668127,3748582.96101881,6056761.84678894,3748382.96101881
"21737",6056530.90668127,3747982.96101881,6056761.84678894,3747782.96101881
"21736",6056530.90668127,3748182.96101881,6056761.84678894,3747982.96101881
"21739",6056530.90668127,3747582.96101881,6056761.84678894,3747382.96101881
"21738",6056530.90668127,3747782.96101881,6056761.84678894,3747582.96101881
"21741",6056530.90668127,3747182.96101881,6056761.84678894,3746982.96101881
"21740",6056530.90668127,3747382.96101881,6056761.84678894,3747182.96101881
"21743",6056530.90668127,3746782.96101881,6056761.84678894,3746582.96101881
"21742",6056530.90668127,3746982.96101881,6056761.84678894,3746782.96101881
"21745",6056530.90668127,3746382.96101881,6056761.84678894,3746182.96101881
"21744",6056530.90668127,3746582.96101881,6056761.84678894,3746382.96101881
"21747",6056530.90668127,3745982.96101881,6056761.84678894,3745782.96101881
"21746",6056530.90668127,3746182.96101881,6056761.84678894,3745982.96101881
"21749",6056530.90668127,3745582.96101881,6056761.84678894,3745382.96101881
"21748",6056530.90668127,3745782.96101881,6056761.84678894,3745582.96101881
"21751",6056530.90668127,3745182.96101881,6056761.84678894,3744982.96101881
"21750",6056530.90668127,3745382.96101881,6056761.84678894,3745182.96101881
"21753",6056530.90668127,3744782.96101881,6056761.84678894,3744582.96101881
"21752",6056530.90668127,3744982.96101881,6056761.84678894,3744782.96101881
"21755",6056530.90668127,3744382.96101881,6056761.84678894,3744182.96101881
"21754",6056530.90668127,3744582.96101881,6056761.84678894,3744382.96101881
"21757",6056530.90668127,3743982.96101881,6056761.84678894,3743782.96101881
"21756",6056530.90668127,3744182.96101881,6056761.84678894,3743982.96101881
"21759",6056530.90668127,3743582.96101881,6056761.84678894,3743382.96101881
"21758",6056530.90668127,3743782.96101881,6056761.84678894,3743582.96101881
"21249",6056011.291439,3752082.96101881,6056242.23154667,3751882.96101881
