name,lon,lat,code,fclass,osm_id,x,y,hex_id
مسجد ملّا اسماعیل,54.36316606565358,31.89587349763077,3300,muslim,207024439,6051679.964338725,3749650.153120546,17205.0
مسجد شهید ساداتی,54.3838294171825,31.82984692558054,3302,muslim_shia,286701621,6053980.198109007,3740996.057373301,19432.0
مسجد حظیره,54.37126916515575,31.8979069469909,3302,muslim_shia,295970832,6052581.997249155,3749916.775557854,17983.0
حسینه گازرگاه,54.37377106175301,31.89388055923944,3300,muslim,295984072,6052860.507104379,3749388.848126968,18297.0
مسجد دانشگاه علوم پزشکی,54.34025242768616,31.843144196044324,3302,muslim_shia,364539943,6049129.229827971,3742738.4308867636,15055.0
مسجد ولایت,54.36610212669081,31.826712282421852,3302,muslim_shia,364575611,6052006.805158328,3740585.3540623547,17562.0
,54.35108278416181,31.83995719499154,3300,muslim,364583129,6050334.859595951,3742320.807551531,16149.0
,54.38294090000001,31.8998451,3300,muslim,364627352,6053881.2888286915,3750170.908380901,19230.0
,54.38379735,31.90215475,3300,muslim,366061652,6053976.628406581,3750473.7592989095,19228.0
مسجد جامع یزد,54.368510626939,31.901437456800053,3302,muslim_shia,5705856,6052274.9181795325,3750379.7040164564,17825.0
مسجد امام حسن عسکری,54.36668886030001,31.834367835325345,3302,muslim_shia,384626647,6052072.1200449355,3741588.414943262,17557.0
مسجد ابوالفضل ع,54.35583595109634,31.849790534508163,3302,muslim_shia,424129246,6050863.979718758,3743609.410824084,16611.0
مسجد امام صادق ع,54.35801378647827,31.841781214191005,3302,muslim_shia,425415746,6051106.415244506,3742559.82452772,16772.0
مسجد امام حسین (ع),54.395969948385314,31.812862383075085,3302,muslim_shia,439702158,6055331.675860465,3738770.8967071944,20691.0
مسجد جامع رحمت اباد,54.40181043934521,31.81871112058552,3302,muslim_shia,439703683,6055981.836340103,3739537.0990276802,21155.0
مسجد امیر چخماق,54.36862702045208,31.893650934634955,3302,muslim_shia,554487582,6052287.87504614,3749358.7411593683,17830.0
مصلی یزد,54.3669563744642,31.894990135718487,3300,muslim,554487584,6052101.899585473,3749534.3300370253,17673.0
امامزاده فاضل,54.36965598790486,31.896609899869983,3302,muslim_shia,554489920,6052402.419179027,3749746.708255177,17828.0
حسینیه کوی میرقطب,54.363166052479045,31.895066514913204,3300,muslim,554537741,6051679.962872144,3749544.344545185,17205.0
مسجد الرضا,54.38033069787557,31.84644383529903,3302,muslim_shia,595867616,6053590.722457332,3743170.829488075,18953.0
مسجد,54.363661919039856,31.819246585733488,3302,muslim_shia,596792184,6051735.162485194,3739607.249007906,17410.0
مسجد و مجتمع فرهمگی مذهبی امام علی,54.324444722429625,31.84495106967645,3300,muslim,623073411,6047369.524128203,3742975.2092887247,13494.0
کنیسه ملا آقا بابا ملا حیدر,54.36761126184371,31.90013057115324,3200,jewish,17437312,6052174.801315088,3750208.3401347254,17669.0
مسجد بیاق خان بازار,54.36782154843397,31.896080490676496,3302,muslim_shia,17437313,6052198.210311236,3749677.293429019,17672.0
بقعه سید رکن الدین,54.3697805,31.9010423,3300,muslim,2171811327,6052416.279802055,3750327.889277592,17981.0
مسجد فاطمیه,54.3763754,31.8942159,3302,muslim_shia,2997107797,6053150.420711888,3749432.8160824548,18609.0
امامزاده فاتح,54.3787823,31.895884,3300,muslim,3244104427,6053418.355594277,3749651.5301582883,18765.0
حسینیه سلسبیل,54.380738,31.8894217,3302,muslim_shia,3244104438,6053636.063122422,3748804.243319402,19081.0
,54.3915524,31.8298504,3300,muslim,3685735105,6054839.916623658,3740996.5126020974,20056.0
مسجد امام حسین,54.402186,31.8022268,3300,muslim,3685747297,6056023.643560956,3737377.7274457933,21322.0
مسجد حضرت رقیه,54.3691197,31.8476321,3302,muslim_shia,3686104090,6052342.719882539,3743326.548478566,17860.0
,54.3141559,31.8337187,3300,muslim,3702083423,6046224.177654476,3741503.3594320267,12409.0
مسجد فاطمیه,54.3694627,31.8827036,3302,muslim_shia,4247324452,6052380.902467881,3747923.480994645,17837.0
مسجد برخوردار,54.3657405,31.889149,3302,muslim_shia,4285066063,6051966.54905925,3748768.490310249,17521.0
مسجد رسولیان,54.361857,31.8829742,3302,muslim_shia,4288174726,6051534.239816755,3747958.9561949414,17213.0
مسجد جواد الائمه,54.3714868,31.8298129,3302,muslim_shia,4673135612,6052606.224249195,3740991.599241199,18184.0
مسجد امام هادی,54.367412,31.8075709,3302,muslim_shia,4709930641,6052152.6195881115,3738077.7382087936,17730.0
,54.32994,31.8487603,3300,muslim,4709943234,6047981.2556291055,3743474.39800317,13959.0
مسجد ابوذر,54.3360133,31.8522169,3302,muslim_shia,4709945053,6048657.33229254,3743927.39336685,14581.0
مسجد فُرط,54.3676794,31.8972517,3300,muslim,5056972713,6052182.386419949,3749830.8600386907,17671.0
مسجد علاقه بند,54.3698788,31.9035559,3300,muslim,5731774124,6052427.222508,3750657.4876203784,17979.0
مسجد ملااسماییل - نماز جمعه,54.3637411,31.8964911,3300,muslim,5919987294,6051743.976869358,3749731.131474845,17360.0
,54.3657912,31.8910881,3300,muslim,6139102846,6051972.192957433,3749022.7231204617,17520.0
حسینیه کربلائیهای یزد,54.3730363,31.8912796,3300,muslim,6327814324,6052778.71380018,3749047.830720066,18299.0
مسجد مصطفی خمینی,54.3944555,31.8906403,3302,muslim_shia,6327824157,6055163.088237379,3748964.0121853496,20328.0
مسجد حضرت ابوالفضل ع,54.4030579,31.865589,3300,muslim,6328373235,6056120.703024979,3745679.9976884387,21281.0
مسجد المهدی,54.3979068,31.8511988,3302,muslim_shia,6329249386,6055547.285195954,3743793.9672611775,20821.0
مسجد امام کاظم (ع),54.3957447,31.8559164,3302,muslim_shia,6428660853,6055306.601324909,3744412.2401441676,20506.0
مسجد مکتب امام,54.3780206,31.8798732,3302,muslim_shia,6776485910,6053333.563538141,3747552.4266087557,18775.0
مسجد حضرت حجت عج,54.3893207,31.8956625,3302,muslim_shia,8561470955,6054591.484916054,3749622.4878056743,19856.0
مسجد امام سجاد,54.3966189,31.8806514,3200,jewish,8561470956,6055403.916823761,3747654.444453108,20647.0
کنیسا الی,54.3692378,31.8988852,3200,jewish,8561470957,6052355.866714401,3750045.0445342986,17827.0
کنیسا حاج همایون,54.3690329,31.8994262,3200,jewish,8561470958,6052333.057350738,3750115.981284041,17826.0
کنیسه یخوود,54.3701259,31.9003018,3200,jewish,8561470959,6052454.7295541745,3750230.7921823906,17981.0
کنیسه حاجی اسحاق,54.3675385,31.8993643,3200,jewish,8561470963,6052166.701503697,3750107.8648399822,17670.0
مدارش هاراو اشرگا,54.3673273,31.8995642,3200,jewish,8561470964,6052143.19082724,3750134.0761224306,17670.0
کنیسه هاخام,54.3664369,31.8997159,3200,jewish,8561470965,6052044.071952638,3750153.967363757,17514.0
کنیسه ملا شماعیل,54.3680094,31.9004305,3302,muslim_shia,8562501951,6052219.121851911,3750247.6677456903,17669.0
کنیسه هاداش,54.3680229,31.899856,3200,jewish,10181336278,6052220.624665037,3750172.3376164054,17826.0
مدرسه اسلامی امام خمینی,54.3689973,31.9002283,3200,jewish,10296652655,6052329.094376866,3750221.1546335155,17826.0
مقبره ملا هاراو ارشگا,54.378017,31.8952962,3300,muslim,11375078106,6053333.162787973,3749574.459905889,18765.0
مسجد محمد محسنین,54.3724452,31.8345468,3300,muslim,11664918908,6052712.912849172,3741611.8645994375,18181.0
مسجد حضرت صاحب الزمان(عج),54.3519723,31.8679146,3300,muslim,11765678443,6050433.880046111,3745984.826671593,16130.0
,54.3849812,31.8215665,3300,muslim,,6054108.413985756,3739911.180004771,19437.0
گالری خوشنویسی استاد حسین خواجه پور,54.3306601,31.8510405,,,,6048061.416794426,3743773.2215408986,14114.0
پارک شادی,54.35967913940768,31.86146345855896,2744,theme_park,117103114,6051291.801484599,3745139.2595583256,16915.0
قبرستان خلد برین,54.39327615369697,31.930538622334574,2015,graveyard,117103150,6055031.804007458,3754196.191578688,20302.0
مجموعه ورزشی شهید نصیری,54.328391276004055,31.858753191090983,2251,sports_centre,117133966,6047808.852462498,3744784.0357294534,
بوستان وحشی بافقی,54.37678143419756,31.897674850108896,2204,park,207066163,6053195.620232005,3749886.343109907,18607.0
آتشکده زرتشتیان,54.37324426100384,31.8811345761619,2721,attraction,383298192,6052801.8639132315,3747717.786688985,18306.0
پارک کوهستان یــزد,54.31261915727052,31.833975285860618,2204,park,234876007,6046053.108236349,3741536.9795329263,12253.0
پارک بزرگ شهر,54.39829492681134,31.87753790166416,2204,park,235123878,6055590.491274956,3747246.286700961,20804.0
دانشکده پرستاری و مامایی شهید صدوقی یزد,54.38642026353803,31.83374627050043,2081,university,235135230,6054268.609806029,3741506.971953209,19585.0
دخمه زرتشتیان,54.35702902108437,31.82189196300542,2721,attraction,596935937,6050996.791662306,3739953.8193876725,16629.0
دخمه زرتشتیان,54.35702902108437,31.82189196300542,2721,attraction,596935937,6050996.791662306,3739953.8193876725,16629.0
دخمه زرتشتیان,54.35485394765868,31.82296405873508,2721,attraction,596935937,6050754.663596121,3740094.2772754803,16472.0
دخمه زرتشتیان,54.35485394765868,31.82296405873508,2721,attraction,596935937,6050754.663596121,3740094.2772754803,16472.0
قبرستان زرتشتیان,54.35809895344622,31.82668773622721,2015,graveyard,239508120,6051115.895988011,3740582.138056453,16782.0
پارک فجر,54.38572544962593,31.82772050220423,2204,park,278423857,6054191.263475138,3740717.450257171,19589.0
دبستان رازی ۲,54.37985059980773,31.830508734129303,2082,school,282875903,6053537.27818489,3741082.769811737,18963.0
مجتمع تجاری ساقی,54.37911566098228,31.82804528270684,2504,mall,282875947,6053455.465169076,3740760.0030606976,18809.0
بیمارستان شهید صدوقی,54.37655825437125,31.82177377184727,2110,hospital,282876508,6053170.775967384,3739938.334974326,18657.0
هنرستان محمد طاهری,54.38435297628921,31.82584768722229,2082,school,286669784,6054038.480442166,3740472.0766010447,19435.0
دانشگاه یزد,54.3501661673541,31.831451027038906,2081,university,623135475,6050232.822279664,3741206.233351297,15999.0
دانشگاه آزاد اسلامی یزد,54.3513978470702,31.839556289459093,2081,university,286691640,6050369.932238481,3742268.274073403,16149.0
پارک آزادگان,54.38129819414571,31.83794801699487,2204,park,286699318,6053698.4236494675,3742057.5330892913,19115.0
دبستان دخترانه مریم,54.377085,31.8363716,2082,school,286699327,6053229.4130225545,3741850.9698711527,18647.0
مدرسه بنی فاطمه,54.37490575981901,31.833916079074115,2082,school,286701616,6052986.82111529,3741529.2217388693,18493.0
,54.37300244954645,31.833511412425104,2204,park,1359901709,6052774.945584927,3741476.1988875945,18337.0
دبیرستان پسرانه جواد الائمه,54.37712546182555,31.832294266907105,2082,school,286701618,6053233.917212371,3741316.719575708,18650.0
,54.38165967485719,31.828839162941225,2204,park,1359901709,6053738.663498201,3740864.0180310127,19121.0
پارک کرباسچی,54.37533815661919,31.89654320071144,2204,park,295950165,6053034.955306907,3749737.9628042346,18452.0
پارک,54.38475831551333,31.888012798929104,2204,park,295950269,6054083.602598195,3748619.5269932677,19394.0
بیمارستان شهدای کارگر تامین اجتماعی,54.39989740387709,31.866914922091286,2110,hospital,295950585,6055768.878205922,3745853.792533177,20968.0
بانک ملی,54.37151093526944,31.89945052032942,2601,bank,295972942,6052608.9109751005,3750119.1702127275,18138.0
پارک شهید سلطانی,54.35747120015774,31.890223983126933,2204,park,295974567,6051046.014811593,3748909.4292504764,16740.0
,54.3577500040719,31.89080992564316,2204,park,1359901709,6051077.0511213485,3748986.251723283,16739.0
مجتمع تجاری - تفریحی ستاره یزد,54.35673570132583,31.88629356658899,2505,department_store,295976475,6050964.139456145,3748394.1279963036,16587.0
دبستان و راهنمایی رمضانی,54.37215477694844,31.89332385609185,2082,school,296124669,6052680.583102957,3749315.856759625,18142.0
بیمارستان گودرز,54.3761347418123,31.89104957474253,2110,hospital,296124874,6053123.630764978,3749017.672073301,18611.0
درمانگاه جوی هرهر,54.37763782634683,31.89737255399551,2111,clinic,296125139,6053290.953369981,3749846.7062825877,18764.0
بیمارستان سید الشهدا یزد,54.376828497648034,31.90802733579608,2110,hospital,296125452,6053200.859311346,3751243.831412653,18600.0
عدالت,54.35633139414865,31.86515297869867,2251,sports_centre,296127201,6050919.132187057,3745622.8468719725,16601.0
هتل صفائیه,54.37805950131743,31.839212750206784,2401,hotel,296143833,6053337.894012988,3742223.257884973,18802.0
,54.38190691542147,31.889341437597157,2204,park,1359901709,6053766.18619192,3748793.720307221,19081.0
بوستان هفتم تیر,54.38242510423269,31.85851453311633,2204,park,318055289,6053823.87070652,3744752.756291272,19257.0
پارک ولایت,54.366987462925664,31.82749682098685,2204,park,364427424,6052105.360337174,3740688.1435883823,17717.0
,54.3698867,31.83000825,2204,park,1359901709,6052428.101931977,3741017.1945977905,18027.0
دبیرستان دخترانه جوادالائمه,54.368090891651256,31.828761416297557,2082,school,364428063,6052228.193461033,3740853.8315496617,17716.0
,54.36737791225045,31.827735999811814,2204,park,1359901709,6052148.824957188,3740719.480753278,17717.0
بینش,54.3702219410884,31.82867427017268,2204,park,364431625,6052465.420799231,3740842.413544444,18028.0
,54.36943899573196,31.830873928171613,2204,park,1359901709,6052378.263720833,3741130.619060809,17871.0
,54.37049044702215,31.827727169104435,2204,park,1359901709,6052495.310743051,3740718.3237542054,18029.0
,54.3714094825778,31.830799886121387,2204,park,1359901709,6052597.617313127,3741120.917746765,18183.0
,54.37112376715319,31.83108103320496,2204,park,1359901709,6052565.811617548,3741157.7549116174,18183.0
پارک تلاش,54.37488327022296,31.829936755607516,2204,park,364439411,6052984.3175849095,3741007.8271767637,18496.0
پارک سامان,54.37521610000001,31.8289742,2204,park,364439412,6053021.368026212,3740881.7108084965,18497.0
فضای سبز خرد,54.37399066425517,31.832329164320907,2204,park,364439413,6052884.953143096,3741321.292060929,18338.0
,54.36405934280067,31.83252622483835,2204,park,1359901709,6051779.403495878,3741347.1122389277,17402.0
,54.36553732428733,31.846936487409224,2204,park,1359901709,6051943.931642374,3743235.390019016,17549.0
پینت‌بال,54.38840190705779,31.8143316887446,2252,pitch,364439818,6054489.205353582,3738963.375634327,19754.0
پارک پهلوان یزدی,54.36741657539982,31.838815779829236,2204,park,364478146,6052153.128919289,3742171.2404765217,17710.0
پارک ولی دشتی,54.39171661511696,31.82562682462433,2204,park,364539972,6054858.196966858,3740443.13981384,20214.0
,54.392675312637486,31.845015816310863,2204,park,1359901709,6054964.918686667,3742983.693977348,20201.0
دبستان دخترانه جواد الائمه,54.37192962701794,31.829465631967377,2082,school,364560102,6052655.519527342,3740946.09925143,18184.0
,54.33404328916,31.85232852117003,2204,park,1359901709,6048438.031688974,3743942.021860367,14425.0
,54.33200603246476,31.85078073251413,2204,park,1359901709,6048211.245311045,3743739.178259881,14114.0
پارک راه آهن,54.345489304460784,31.86590498445835,2204,park,364562154,6049712.196283869,3745721.4150306596,15508.0
زمین فوتبال راه آهن,54.3527854,31.86322995,2252,pitch,364562155,6050524.393924074,3745370.7920904034,16290.0
سلف سرویس آفتاب دانشگاه یزد,54.3560388456032,31.83277496712953,2301,restaurant,364570417,6050886.565831946,3741379.7041849387,16622.0
سالن ورزشی غدیر دانشگاه یزد,54.34855633304289,31.8346549442729,2251,sports_centre,364570432,6050053.616343878,3741626.0347141074,15840.0
سالن ورزشی کوثر دانشگاه یزد,54.348232890011616,31.83841005557782,2251,sports_centre,364570441,6050017.610830336,3742118.076226748,15838.0
سالن ورزشی امام علی دانشگاه یزد,54.35321538388693,31.831880646466026,2251,sports_centre,364570449,6050572.259511417,3741262.5244777757,16311.0
استخر سرپوشیده دانشگاه یزد,54.352434550000005,31.8329523,2253,swimming_pool,364570452,6050485.337480729,3741402.9396253396,16310.0
مهمانسرا شماره دو دانشگاه یزد,54.36127943662432,31.838157480642533,2404,guesthouse,364570869,6051469.945755873,3742084.980080785,17086.0
درمانگاه شبانه روزی دانشگاه یزد,54.35944102831194,31.839619793501814,2111,clinic,364570857,6051265.295078669,3742276.5954405814,16930.0
مهمانسرا شماره دو دانشگاه یزد,54.36098340000001,31.838934649999995,2404,guesthouse,364570869,6051436.991109598,3742186.816724162,17085.0
بانک تجارت,54.36238512188931,31.83637354776624,2601,bank,364572658,6051593.030076549,3741851.225091334,17244.0
سیتی سنتر,54.36673339068286,31.83122257569761,2504,mall,364573056,6052077.077144479,3741176.3004928418,17559.0
بوستان پرستار,54.36711513974428,31.846986510300944,2204,park,364573882,6052119.573255607,3743241.945383101,17704.0
,54.367817,31.845751700000005,2204,park,1359901709,6052197.703981883,3743080.1278864937,17705.0
دانشکده کشاورزی ملاصدرا,54.36438105217064,31.830711954146437,2084,college,364582012,6051815.216019126,3741109.3965239977,17403.0
بیمارستان خصوصی شاه ولی,54.34950037847337,31.841233231200103,2110,hospital,364583119,6050158.707000485,3742488.017090999,15836.0
,54.34909495000001,31.8392561,2204,park,1359901709,6050113.574909277,3742228.9382818188,15837.0
دانشکده پزشکی علی ابن ابیطالب(ع),54.35284233710269,31.840097045393374,2084,college,364583137,6050530.732133353,3742339.1331892703,16305.0
ساختمان ولی عصر دانشگاه آزاد,54.35114310659878,31.837385807998675,2084,college,364583145,6050341.574658917,3741983.864549742,15995.0
مجتمع تجاری آریا,54.37935855799994,31.831010545709823,2504,mall,364583824,6053482.5043413965,3741148.5193100646,18963.0
استخر کاج,54.382815040619285,31.829341308222094,2253,swimming_pool,364583825,6053867.278226518,3740929.8100622273,19276.0
پارک مهرآوران,54.35311889100454,31.817000955986547,2204,park,364583827,6050561.517972884,3739313.0572678247,16320.0
امام علی,54.35782103626302,31.86379441163264,2007,library,364700060,6051084.958388694,3745444.7765323203,16757.0
,54.31309804150948,31.83324864369172,2204,park,1359901709,6046106.41738598,3741441.768827389,
,54.36343199999999,31.890305699999995,2204,park,1359901709,6051709.568014753,3748920.143057544,17364.0
بوستان شهدا حسن آبادمشیر,54.39800173762885,31.898995306141217,2204,park,364837179,6055557.8536044555,3750059.4817866166,20790.0
,54.38567515,31.917507050000005,2204,park,1359901709,6054185.664146392,3752487.00994042,19530.0
,54.37510315615308,31.870239793229658,2204,park,1359901709,6053008.795174683,3746289.6100270282,18469.0
ورزشگاه شهید پاکنژاد یزد,54.36125770759936,31.880235183551218,2252,pitch,364838872,6051467.526891879,3747599.8806027947,17058.0
,54.370104805099054,31.83754724151735,2204,park,1359901709,6052452.381280543,3742005.017796681,18022.0
دبستان هشتم شهریور,54.371368168703306,31.83686566387599,2082,school,364840110,6052593.018273655,3741915.7083419943,18179.0
مرکز خرید تک,54.377756100000006,31.8317002,2504,mall,365005222,6053304.119532826,3741238.8813464083,18807.0
تک,54.37721416884263,31.831566752023893,2203,cinema,365005223,6053243.792032342,3741221.396256598,18650.0
ایستگاه اتوبوس,54.373975071526125,31.83450538602392,2421,shelter,365005745,6052883.21736844,3741606.438141811,18336.0
پارک کوثر,54.38654568103757,31.82303704447814,2204,park,365104186,6054282.571218214,3740103.839375764,19592.0
,54.36708085,31.8831798,2204,park,1359901709,6052115.756138735,3747985.9100753367,17680.0
فهادان,54.37133351628661,31.90528519220585,2301,restaurant,371745859,6052589.160784274,3750884.2480369494,17978.0
مجتمع تجاری تفریحی امیرمال,54.38171699257774,31.85631722950522,2505,department_store,381176247,6053745.044077667,3744464.772976909,19103.0
رفاه,54.36328928089522,31.87435460594036,2511,convenience,381275795,6051693.680596684,3746828.9932623175,17219.0
,54.39036080988394,31.894935343868838,2204,park,1359901709,6054707.269418702,3749527.145972877,20013.0
هتل ارگ جدید,54.35097264345187,31.818120147805164,2401,hotel,383101440,6050322.598788205,3739459.67760043,16163.0
آتشکده زرتشتیان,54.3733156174801,31.881149135298724,2721,attraction,383298192,6052809.8072798345,3747719.6953319237,18306.0
,54.35642515472809,31.82427843079099,2204,park,1359901709,6050929.569567018,3740266.4786038306,16628.0
,54.3563871,31.82367195,2204,park,1359901709,6050925.333334064,3740187.0207381956,16628.0
,54.35609050178267,31.823999232847157,2204,park,1359901709,6050892.31617154,3740229.8995194505,16628.0
,54.356966400000005,31.824263850000005,2204,park,1359901709,6050989.820715082,3740264.5683005494,16628.0
,54.3560418,31.824337350000004,2204,park,1359901709,6050886.8947138935,3740274.1979109105,16628.0
,54.35725334057509,31.82470436917045,2204,park,1359901709,6051021.762793788,3740322.2830815064,16783.0
,54.3730605872186,31.88133545459077,2204,park,1359901709,6052781.417440987,3747744.1210512132,18306.0
,54.35656760749744,31.82478970043196,2204,park,1359901709,6050945.427336764,3740333.462819922,16627.0
,54.35697684659439,31.82486554829372,2204,park,1359901709,6050990.983624649,3740343.4000923717,16627.0
,54.35566792407026,31.82454969252304,2204,park,1359901709,6050845.275035774,3740302.018032347,16471.0
بیمارستان مرتاض,54.3844977897592,31.85631514661553,2110,hospital,383357911,6054054.601003907,3744464.4999921843,19415.0
سینما ایران,54.3708281,31.8814565,2203,cinema,383357912,6052532.89810061,3747759.9896501494,17994.0
,54.3720150890185,31.90434870375305,2204,park,1359901709,6052665.033113726,3750761.4466818008,18135.0
مسجد جامع یزد,54.368510626939,31.901437456800053,2721,attraction,5705856,6052274.9181795325,3750379.7040164564,17825.0
هتل سنتی کهن کاشانه,54.37200030512493,31.904349168308546,2401,hotel,5705859,6052663.387378222,3750761.5075984667,18135.0
هتل سنتی کهن کاشانه,54.37200030512493,31.904349168308546,2401,hotel,5705859,6052663.387378222,3750761.5075984667,18135.0
هتل ملک التجار,54.36561916809758,31.89549542117657,2401,hotel,5705857,6051953.042453656,3749600.581025248,17517.0
هتل سنتی مهر,54.36713682178759,31.89731051703432,2401,hotel,5705858,6052121.986889628,3749838.572061393,17671.0
,54.3714122342526,31.904888496462718,2204,park,1359901709,6052597.923628164,3750832.229330734,18135.0
هتل سنتی یزد,54.36994928742409,31.8926304841263,2401,hotel,383427770,6052435.069132157,3749224.9468653714,17986.0
تکیه امیر چخماق,54.37004551260505,31.893316527919804,2721,attraction,383427771,6052445.780870303,3749314.895939373,17986.0
هتل ارگ جدید یزد,54.35072289360825,31.818096247659398,2401,hotel,384626648,6050294.796762787,3739456.5465302737,16008.0
ایستگاه آتش نشانی شماره 1 شهرداری,54.35919935712989,31.87982202888239,2002,fire_station,388129088,6051238.392365743,3747545.718380008,16903.0
,54.34890730028991,31.848774313114998,2204,park,1359901709,6050092.685839101,3743476.2344197803,15831.0
پردیس دانشگاه علوم پزشکی صدوقی یزد,54.33787579175581,31.842291445120186,2081,university,422372988,6048864.663926404,3742626.685335248,14744.0
هنرستان دخترانه صنایع لاستیک,54.35709736350366,31.84192346607688,2082,school,424116138,6051004.399505621,3742578.465218532,16616.0
دبستان آینه ساز,54.35752958261397,31.84112653692083,2082,school,424121126,6051052.513916892,3742474.0359717826,16772.0
مدارس سما,54.34681910069295,31.849686337518538,2082,school,424129248,6049860.228523293,3743595.7556805103,15675.0
دبستان پسرانه دین و دانش,54.35953860465195,31.852166388420034,2082,school,425386379,6051276.157227152,3743920.7735861205,16921.0
دبستان دختزانه دین و دانش,54.35934667725107,31.852474259179232,2082,school,425386380,6051254.791966616,3743961.121557107,16921.0
دبیرستان دخترانه روش نوین,54.35974053513932,31.851851661093928,2082,school,425386381,6051298.636026182,3743879.5271676844,16922.0
دبستان پسرانه یاوری,54.358466959473326,31.852528189203056,2082,school,425388672,6051156.862231556,3743968.189364752,16765.0
دانشگاه علمی کاربردی فرهنگ و هنر,54.356552620613066,31.85739304560228,2081,university,425393118,6050943.759004427,3744605.7708797487,16606.0
دانشکده فنی امام علی ع,54.36067302914872,31.85514271228177,2081,university,425393119,6051402.440784476,3744310.841050256,17075.0
دانشگاه غیر انتفاعی امام جواد ع,54.3728807335394,31.82985941847961,2081,university,425417658,6052761.396221001,3740997.694230264,18184.0
ایستگاه شماره 9 آتش نشانی,54.365341117544645,31.850936079352568,2002,fire_station,425420168,6051922.090007688,3743759.5369012435,17546.0
,54.35897878343231,31.8509075754907,2204,park,1359901709,6051213.838214047,3743755.801387176,16922.0
دانشکده فنی شهید صدوقی,54.35271543250971,31.86547239099887,2081,university,429381779,6050516.605178683,3745664.7133178157,16289.0
دانشگاه فرهنگیان - پردیس شهیدان پاکنژاد,54.35176839551368,31.86699092834438,2081,university,429381839,6050411.181502523,3745863.755106017,16131.0
,54.36003584843797,31.85999039878948,2204,park,1359901709,6051331.510152211,3744946.1902584443,16916.0
,54.36514563044823,31.88342368850996,2204,park,1359901709,6051900.328483659,3748017.8836053303,17525.0
پارک گلستان,54.39997033145265,31.81363521934802,2204,park,437859741,6055776.996466499,3738872.137816435,21003.0
پارک لاله,54.397130477131405,31.814044995624503,2204,park,437859742,6055460.865329531,3738925.818617698,20690.0
پارک جوان,54.397292435474704,31.811675310421407,2204,park,437859743,6055478.894449837,3738615.3925191415,20692.0
,54.39747949490328,31.8112114007122,2204,park,1359901709,6055499.7178101735,3738554.621800761,20692.0
پارک مهسا,54.39858073333334,31.81220693333333,2204,park,437859745,6055622.30711145,3738685.0338302157,20847.0
مدرسه استثنایی نشاط یزد,54.39463343557637,31.8128511720291,2082,school,439702159,6055182.895935134,3738769.4280728223,20379.0
مدرسه خواجه رضایی,54.396776559420914,31.812977080678795,2082,school,439702160,6055421.467390216,3738785.921974074,20691.0
ورزشگاه شهدای رحمت اباد,54.38929468024995,31.815487894319613,2256,stadium,439856680,6054588.588410727,3739114.840626596,19909.0
,54.390463799581234,31.81557123868964,2204,park,1359901709,6054718.734179363,3739125.7589609744,20065.0
,54.39123274993264,31.81655069784765,2204,park,1359901709,6054804.333340927,3739254.071456812,20065.0
مدرسه یاسین,54.39111440983281,31.81697662820403,2082,school,439856695,6054791.1597812725,3739309.870213184,20064.0
,54.3897025,31.81592075,2204,park,1359901709,6054633.986697638,3739171.5459805084,20065.0
,54.391705501830565,31.813230032223974,2204,park,1359901709,6054856.959841475,3738819.0584295453,20222.0
دبیرستان خاتم,54.39621835409712,31.8146900063457,2082,school,441709976,6055359.328257813,3739010.315676318,20690.0
مدرسه هاشمی,54.395436548283314,31.814633243557843,2082,school,441709977,6055272.2980327215,3739002.8796698605,20533.0
پارک قلعه,54.40518175726808,31.821227405881853,2204,park,441709978,6056357.1297345795,3739866.754949793,21465.0
پارک فدک,54.39532603848939,31.817276653742997,2204,park,441710138,6055259.996138733,3739349.175037329,20532.0
تعمیرگاه سایپا امیر کبیر,54.363483771359725,31.852093105038392,2541,car_dealership,442410418,6051715.331176156,3743911.1694598505,17389.0
ورزشگاه معلم,54.38219099052704,31.920324788264644,2256,stadium,466747320,6053797.80928802,3752856.5554528646,
دانشکده دندان پزشکی یزد,54.38521536895113,31.91361065838781,2084,college,466747327,6054134.481554155,3751976.0180197638,19377.0
حسینیه فهادان,54.37034401707291,31.904834332496623,2723,monument,473835207,6052479.010235664,3750825.1268281545,17978.0
میدان میوه تره بار یزد,54.366374154629234,31.792574766800108,2016,market_place,477425336,6052037.087169915,3736113.5334925726,
دبیرستان دخترانه امام حسین,54.35345123287695,31.872457213715872,2082,school,477687337,6050598.51410089,3746580.273832738,16284.0
کتابخانه مرکزی,54.3712603787132,31.88525614895054,2007,library,518530988,6052581.019146845,3748258.1199709815,17991.0
,54.363225881493534,31.890190429096467,2204,park,1359901709,6051686.623007571,3748905.0300221383,17208.0
سینما دانش آموز,54.36390528231218,31.88903119423234,2203,cinema,518565359,6051762.253560747,3748753.0451259483,17365.0
مرکز پزشکی هراتی درمانگاه تامین اجتماعی,54.36333705652007,31.887146279124188,2110,hospital,518565364,6051698.9989549145,3748505.921871656,17366.0
هتل جهانگردی یزد,54.35486706989381,31.866490707042157,2401,hotel,532054131,6050756.124356653,3745798.1883994807,16443.0
هتل سنتی فاضلی,54.37053415051638,31.901840329503965,2401,hotel,532068474,6052500.175793774,3750432.5307283807,17980.0
هتل سرای کهن,54.37282475740704,31.90161996784082,2401,hotel,532068475,6052755.164986449,3750403.635760997,18137.0
,54.370129394966845,31.90522772609301,2204,park,1359901709,6052455.118612104,3750876.7124926373,17978.0
هتل جاده ابریشم,54.3704035,31.90078235,2401,hotel,533457949,6052485.6318448195,3750293.8035844336,17981.0
بوستان طوبی - پارک بانوان,54.385990215372125,31.85455628745802,2204,park,537501950,6054220.737063184,3744233.9850968374,19571.0
,54.36945621515317,31.90362061992836,2204,park,1359901709,6052380.180578033,3750665.9742053244,17824.0
خانه ابراهیمی,54.363299223621325,31.894617567149464,2301,restaurant,554536892,6051694.78741589,3749485.4805840915,17361.0
,54.328791185669,31.85854372949256,2204,park,1359901709,6047853.370202762,3744756.5828770353,
,54.35363455880025,31.819946809451316,2204,park,1359901709,6050618.921849321,3739698.984219458,16318.0
رستوران یاس یزد,54.38509007903463,31.846454843042583,2301,restaurant,595863719,6054120.53434445,3743172.2720149574,19421.0
مدرسه,54.38246577552294,31.847885272619664,2082,school,595865086,6053828.398213841,3743359.726349429,19264.0
ایران خودرو,54.38457335389819,31.85208412981924,2541,car_dealership,595870328,6054063.012765381,3743909.993216373,19417.0
بوستان ناجی,54.39168578016102,31.832062600574936,2721,attraction,596908120,6054854.764435263,3741286.365195971,20210.0
بوستان ناجی,54.39168578016102,31.832062600574936,2721,attraction,596908120,6054854.764435263,3741286.365195971,20210.0
بوستان باغ ملی,54.3544963880675,31.887407160750907,2204,park,596930430,6050714.860244502,3748540.124657685,16430.0
اداره آگاهی یزد,54.354380202525775,31.886095123491387,2001,police,596930433,6050701.92652916,3748368.111495548,16431.0
اداره اماکن,54.354094914957535,31.88573728644656,2001,police,596930434,6050670.168462333,3748321.1980994944,16431.0
موزه دفاع مقدس,54.3822051468608,31.83866936322513,2722,museum,596930444,6053799.385163886,3742152.054687596,19114.0
مجتمع تجاری صدف,54.37773962519172,31.83670894050193,2504,mall,596930445,6053302.285565557,3741895.172434351,18803.0
دخمه زرتشتیان,54.35652743699063,31.82352003753852,2721,attraction,596935937,6050940.955576401,3740167.118062705,16628.0
زندان مرکزی یزد,54.38644068719491,31.91903463650476,2010,prison,596935938,6054270.883357113,3752687.351038742,19529.0
هتل موزه فهادان,54.37021189138834,31.90568029792533,2401,hotel,5705855,6052464.302071737,3750936.058466269,17978.0
کتابخانه مرکزی دانشگاه یزد,54.35866963802004,31.833383096029618,2007,library,621696882,6051179.424304171,3741459.38583536,16777.0
ساختمان مهتاب دانشگاه یزد,54.35520893499772,31.833814424182748,2301,restaurant,621940554,6050794.1806059405,3741515.90203227,16465.0
زمین چمن دانشگاه یزد,54.35042771665879,31.833605376874672,2252,pitch,623053390,6050261.937815079,3741488.5108847897,15997.0
سلف غدیر دانشگاه یزد,54.34832905,31.83493355,2301,restaurant,623053391,6050028.315311277,3741662.540423262,15840.0
,54.3545343,31.83646215,2204,park,1359901709,6050719.080581523,3741862.8348465185,16463.0
باجه بانک دانشگاه یزد,54.35563146693403,31.83437925418541,2601,bank,623053401,6050841.216645934,3741589.9111497053,16621.0
,54.36399327561471,31.84735370204732,2204,park,1359901709,6051772.048930378,3743290.06497289,17392.0
سالن ورزشی دانشگاه یزد,54.36493395357896,31.848375305983776,2251,sports_centre,623135450,6051876.764722358,3743423.944704462,17391.0
دانشگاه یزد,54.364237988546975,31.846032691881437,2081,university,623135475,6051799.290249388,3743116.950682433,17393.0
,54.372626760608526,31.80889527873531,2204,park,1359901709,6052733.124083661,3738251.221644357,18198.0
دانشکده هنر و معماری دانشگاه یزد,54.36623396445823,31.894273327902983,2084,college,634093228,6052021.481271465,3749440.3457154874,17518.0
نامیا,54.38361024432561,31.84654283977695,2082,school,640248087,6053955.799898183,3743183.8036901318,19421.0
,54.38922205,31.8154709,2204,park,1359901709,6054580.503248287,3739112.6143266885,19909.0
مدرسه راهنمایی فرساد,54.38501879834521,31.88323176291422,2082,school,655209712,6054112.599414399,3747992.722352248,19397.0
دانشکده بهداشت یزد,54.33786615963886,31.84336263839662,2084,college,655434744,6048863.591684049,3742767.0560129965,14743.0
کلانتری ۱۴,54.39023334267,31.837949634896287,2001,police,655991372,6054693.079833355,3742057.745090165,20051.0
نمایندگی هپکو تیموری,54.38925853626117,31.83768254379382,2541,car_dealership,655991376,6054584.564880301,3742022.746996239,19894.0
,54.382150182333085,31.85419882774722,2204,park,1359901709,6053793.266540648,3744187.137205746,19104.0
مدرسه راهنمایی,54.40173880340441,31.89551520481099,2082,school,675124167,6055973.861863651,3749603.174982877,21104.0
مدرسه دبستان,54.397458481689945,31.898495618658767,2082,school,675124208,6055497.378629966,3749993.962289527,20635.0
کتابخانه شهدا حسن آباد,54.40815947927274,31.900079743633523,2007,library,675125434,6056688.608231862,3750201.675483644,21725.0
کلینیک اکبری,54.378705616754296,31.840160571807605,2111,clinic,675141531,6053409.819254414,3742347.457536731,18801.0
کلینیک امام رضا,54.38518284999999,31.844786149999997,2111,clinic,675141664,6054130.861561074,3742953.5975034456,19422.0
,54.4029202,31.8519743,2204,park,1359901709,6056105.374331096,3743895.5995260356,21289.0
باغچه ذهن,54.37673793686064,31.891337947648257,2204,park,675751949,6053190.778130608,3749055.4807011513,18611.0
دادگستری کل استان یزد,54.39561517047517,31.85720541098168,2009,courthouse,675756410,6055292.182164162,3744581.179115879,20506.0
ستاد مبارزه با مواد مخدر استان یزد,54.38741030943694,31.92064426212864,2001,police,675830785,6054378.821211357,3752898.455067052,19684.0
مجتمع آموزشی سیدالشهدا,54.38379970008619,31.87830605588995,2082,school,675840076,6053976.890016979,3747346.9850400533,19400.0
شرکت توزیع برق استان یزد,54.364680348530754,31.878173678152567,2008,town_hall,675848811,6051848.53353753,3747329.6314099673,17372.0
دانشکده علوم انسانی,54.33827272510002,31.834281771596896,2084,college,675967491,6048908.850344161,3741577.138070062,14749.0
دانشگاه علم و هنر,54.33931928037941,31.834689682099818,2081,university,1097561855,6049025.352344949,3741630.586405645,14904.0
بازار طلا کویتی,54.3642311637006,31.88739551966221,2016,market_place,676235903,6051798.530510965,3748538.598455133,17366.0
بیمارستان شهید رهنمون (فرخی),54.36030704855187,31.88635917409599,2110,hospital,676236165,6051361.700010794,3748402.729354693,16899.0
دادگستری یزد,54.357713327120415,31.88637353045218,2009,courthouse,676236414,6051072.968261785,3748404.6115206825,16742.0
,54.40580662726599,31.80570029566541,2204,park,1359901709,6056426.689944559,3737832.707655003,21632.0
,54.401563230349645,31.82044774892245,2204,park,1359901709,6055954.317160597,3739764.6119411206,21154.0
,54.40125691250053,31.831719314583,2204,park,1359901709,6055920.2180136135,3741241.3858465627,21146.0
بوستان شهدا,54.38090775222477,31.917527918596495,2204,park,676291960,6053654.959853645,3752489.746808864,19062.0
بوستان دانشجو,54.38386749174018,31.91561437347006,2204,park,676291962,6053984.436549381,3752238.7923472873,19376.0
پارک فخار,54.39647661159051,31.88558655620362,2204,park,676299100,6055388.077350471,3748301.437015048,20643.0
تالار غدیر یزد,54.36127658808292,31.859405917281343,2008,town_hall,676588951,6051469.628657695,3744869.5849647084,17072.0
میوه و تربار قدیم,54.387174592365845,31.849384167658343,2016,market_place,677202792,6054352.581307032,3743556.156036128,19731.0
هتل داد,54.36586377397445,31.88583580738008,2401,hotel,9436909,6051980.271855314,3748334.1144398623,17523.0
دبیرستان کیخسروی,54.3779740561782,31.877470343467664,2082,school,682131503,6053328.382303599,3747237.430449058,18777.0
,54.39384465806273,31.859965917380357,2204,park,1359901709,6055095.089623967,3744942.981583393,20348.0
,54.39331994154122,31.85948458390621,2204,park,1359901709,6055036.678447982,3744879.8954078774,20349.0
,54.39268676640381,31.85889818637796,2204,park,1359901709,6054966.193714103,3744803.0394126894,20192.0
مدرسه حجت,54.39212438852719,31.85784231218813,2082,school,693695349,6054903.590095243,3744664.652848963,20193.0
کانون اصلاح و تربیت,54.38934116266779,31.86017108043397,2010,prison,693695638,6054593.762809812,3744969.8714659656,19880.0
قلعه,54.3895943946814,31.86097546152057,2731,castle,693696132,6054621.95246862,3745075.2989832964,19879.0
مدرسه پسرانه قدس,54.37528683277182,31.898873635930197,2082,school,693699009,6053029.241962352,3750043.52824028,18451.0
باشگاه قدس,54.38164442746373,31.90166889093125,2251,sports_centre,693701607,6053736.966166126,3750410.0508050905,19073.0
دانشگاه فرهنگیان یزد,54.392744799312,31.88861252482139,2081,university,722420548,6054972.653907891,3748698.15471178,20173.0
دبستان دخترانه زینی,54.39344153615148,31.88776818309444,2082,school,722420552,6055050.214298079,3748587.4565139576,20330.0
پارک ارکیده,54.39429727688859,31.80880815876273,2204,park,722431480,6055145.474921185,3738239.8095211033,20382.0
,54.36320673447511,31.809090882438703,2204,park,1359901709,6051684.49157123,3738276.84443695,17262.0
,54.35444879853142,31.813912694236585,2204,park,1359901709,6050709.562601578,3738908.48707464,16478.0
پارک مدیران,54.3461031115639,31.84420897190942,2204,park,722437675,6049780.524978033,3742877.9619027893,15522.0
,54.34644667866773,31.84598728013998,2204,park,1359901709,6049818.770693086,3743110.999658454,15677.0
,54.3697976602694,31.849350152675484,2204,park,1359901709,6052418.190074506,3743551.6983487555,18015.0
استخر بانوان,54.38977985506149,31.820563941657745,2251,sports_centre,731861958,6054642.597823693,3739779.8343190984,20062.0
,54.40327819172654,31.80203134529737,2204,park,1359901709,6056145.2257878035,3737352.126073439,21322.0
بیمارستان بهمن یزد,54.37495429081435,31.87917494721671,2110,hospital,750346134,6052992.22356098,3747460.890149077,18464.0
مرکز بهداشت یزد,54.37543098369751,31.878926234602503,2111,clinic,750346531,6053045.288769998,3747428.2856887477,18464.0
کافه کوک,54.39051762886203,31.821387649543126,2303,cafe,786421130,6054724.726427491,3739887.7486096243,20061.0
مجتمع تجاری آزادی,54.36957623526333,31.882365393169117,2504,mall,788161681,6052393.541155582,3747879.142800199,17993.0
,54.393010755508016,31.859195014815715,2204,park,1359901709,6055002.260016205,3744841.943071145,20192.0
,54.3658432652928,31.88170716708016,2204,park,1359901709,6051977.988839316,3747792.851230054,17526.0
کلینیک آبادیس,54.38371258907097,31.855621470129236,2111,clinic,906346656,6053967.192863122,3744373.586694468,19415.0
قبرستان مسلمانان جوی هرهر,54.378042530400464,31.896362375300555,2015,graveyard,12493450,6053336.004819153,3749714.2533951695,18764.0
قبرستان کلیمیان جوی هرهر,54.37808520603348,31.895429136303253,2015,graveyard,12493451,6053340.75544889,3749591.8899996886,18765.0
دانکشده پزشکی و داروسازی,54.33862105834128,31.841794982834376,2084,college,13317463,6048947.626623203,3742561.6287698476,14744.0
,54.369404365862906,31.848613550167933,2204,park,1359901709,6052374.408741443,3743455.16647654,17860.0
,54.35426874323304,31.849701259767425,2204,park,1359901709,6050689.518937448,3743597.7112586233,16299.0
,54.32416003873404,31.846949840163926,2204,park,1359901709,6047337.833284174,3743237.1398609024,13336.0
پارک حنا,54.36934957653354,31.8516008949184,2204,park,1051788954,6052368.309621198,3743846.6632437864,17858.0
موکب,54.36208250289353,31.874140813895004,2301,restaurant,1056118991,6051559.342684034,3746800.968101958,17219.0
گالری اتومبیل کاپریس,54.38420808016761,31.85111135603817,2541,car_dealership,1057511711,6054022.350679692,3743782.5074464637,19418.0
,54.38956663180785,31.81881530707515,2204,park,1359901709,6054618.861919673,3739550.7482131543,19907.0
,54.38988296685896,31.81796618383768,2204,park,1359901709,6054654.076176483,3739439.5073617594,19907.0
,54.39001836296854,31.81737371801429,2204,park,1359901709,6054669.148402457,3739361.8909625458,20064.0
,54.39085263106299,31.81780057783746,2204,park,1359901709,6054762.018701917,3739417.8119818307,20064.0
فروشگاه مجتمع مسکونی فرهنگ ۱,54.36302176058351,31.82141200711354,2501,supermarket,1073292591,6051663.900371807,3739890.939719056,17253.0
راهنمایی دخترانه شاهد - افشار,54.357221098947626,31.85945899856415,2082,school,1097561850,6051018.1736722365,3744876.542063412,16760.0
دبیرستان پسرانه شاهد,54.35837204917007,31.86051081265527,2082,school,1097561851,6051146.296864928,3745014.3989107125,16759.0
دبیرستان نمونه دولتی شهید مجید مرشد,54.36202964065925,31.860001643953407,2082,school,1097561853,6051553.458087033,3744947.664114943,17228.0
سالن ورزشی شهدای نعیم آباد,54.36329845111653,31.85901245890034,2251,sports_centre,1097561854,6051694.701421049,3744818.0164641268,17229.0
دانشگاه علم و هنر,54.362406589906016,31.858117080643456,2081,university,1097561855,6051595.419885238,3744700.664811041,17229.0
اقامتگاه بوم گردی خانه خشتی,54.37074046521932,31.89614854377427,2404,guesthouse,14654502,6052523.142641449,3749686.216360795,17984.0
اقامتگاه بوم گردی خانه سیگاری,54.37178175571277,31.896062572824764,2404,guesthouse,1100869253,6052639.058568948,3749674.9440915287,18141.0
,54.32958428187502,31.85233099095379,2204,park,1359901709,6047941.657268567,3743942.345537659,13957.0
,54.32941198066688,31.854773293466216,2204,park,1359901709,6047922.476785814,3744262.425520185,13955.0
رستوران شهر غذا,54.399239981304426,31.8723305490184,2301,restaurant,1117682431,6055695.694259897,3746563.6701885927,20964.0
,54.38322980431626,31.83003178484134,2204,park,1359901709,6053913.449510065,3741020.278208595,19275.0
,54.32877719879138,31.858554711988297,2204,park,1359901709,6047851.813190668,3744758.022284127,
,54.3952657166592,31.83350410010029,2204,park,1359901709,6055253.281143313,3741475.240767012,20521.0
بوستان مازاری,54.387979911920944,31.894557499268707,2204,park,1179694822,6054442.229069832,3749477.604782256,19702.0
صحن دانشجو,54.35694590542676,31.833355214553624,2081,university,1202735887,6050987.539269623,3741455.732581901,16622.0
رستوران شاندیز یزد,54.38181903148505,31.856694046943225,2301,restaurant,1210974637,6053756.40299687,3744514.158989321,19102.0
بلوک فردوس,54.39714681275456,31.926991943532787,2015,graveyard,1229215331,6055462.683802783,3753730.9959176998,20616.0
,54.39610580974541,31.92829887202649,2204,park,1359901709,6055346.7998778885,3753902.415460768,20459.0
,54.390175530841375,31.927699701745745,2204,park,1359901709,6054686.64425003,3753823.826699771,19992.0
,54.39095550996728,31.92811763697585,2204,park,1359901709,6054773.471129155,3753878.6441374794,19992.0
,54.37266272217192,31.850358115982974,2204,park,1359901709,6052737.127306586,3743683.79334495,18326.0
,54.37313872633536,31.8505538668828,2204,park,1359901709,6052790.115847676,3743709.4469405874,18326.0
,54.37156499730354,31.85062517673568,2204,park,1359901709,6052614.929133207,3743718.7922707037,18170.0
بوستان باد و سایه,54.37367231614743,31.804697754726377,2204,park,1239337585,6052849.514793848,3737701.386810081,18356.0
ایستگاه 12 آتش نشانی,54.364881240147696,31.81034239259283,2002,fire_station,1239352503,6051870.896690032,3738440.785281265,17416.0
,54.368445570602525,31.81129916138249,2204,park,1359901709,6052267.6761412835,3738566.118150189,17884.0
,54.3483721084034,31.85050737805541,2204,park,1359901709,6050033.108550819,3743703.3544702814,15830.0
هایپر راه و ما,54.37671737085473,31.827031130559703,2511,convenience,1243988915,6053188.488733302,3740627.129148701,18653.0
آت راد فود,54.37675810108528,31.826821006861746,2302,fast_food,1243988916,6053193.022801827,3740599.5989869945,18653.0
شهرداری حمیدیا,54.390196631447104,31.83409117846767,2008,town_hall,1245763770,6054688.993158715,3741552.1648163097,20053.0
ایستگاه شماره 2 آتش نشانی,54.390101772547546,31.833735064778736,2002,fire_station,1245764137,6054678.433514319,3741505.503684228,20053.0
قطعه نام آوران,54.39109060154608,31.92886758573052,2015,graveyard,1249436769,6054788.509454918,3753977.009930224,19991.0
بوستان,54.36596685358952,31.816367481455472,2204,park,1250869910,6051991.746625575,3739230.0693800393,17569.0
آب انبار فهادان,54.37128003620279,31.90516088296444,2721,attraction,1270438919,6052583.207408575,3750867.947344062,17978.0
زورخانه فهادان,54.37116626751956,31.90530564707324,2721,attraction,1270438920,6052570.5427366905,3750886.9302894496,17978.0
خانه نواب وکیل,54.37072897979179,31.90454317716637,2721,attraction,17437293,6052521.864089505,3750786.947799675,17978.0
خانه حیرانی,54.37059338012504,31.90429272343572,2721,attraction,17437294,6052506.76920365,3750754.106044826,17979.0
خانه ملک زاده,54.369064927786354,31.90453679036703,2721,attraction,17437300,6052336.622667606,3750786.1103037596,
خانه خشت و رنگ,54.37004543986339,31.903365606268437,2721,attraction,17437301,6052445.772772739,3750632.5348473946,17979.0
,54.36946805,31.90355515,2204,park,1359901709,6052381.498027157,3750657.3892745273,17824.0
بقعه دوازده امام,54.37008439420327,31.904933881617296,2723,monument,1270438981,6052450.109150018,3750838.180673941,17978.0
زندان اسکندر,54.37061819431336,31.90518169266774,2721,attraction,17437311,6052509.531506458,3750870.6761226146,17978.0
زندان اسکندر,54.37061819431336,31.90518169266774,2721,attraction,17437311,6052509.531506458,3750870.6761226146,17978.0
خانه عروسک ها,54.36949580699585,31.899933266577943,2722,museum,1270438991,6052384.5879218,3750182.469009941,17826.0
پارک فرهان,54.38640251926457,31.817808555362923,2204,park,1275177561,6054266.634522543,3739418.8570846524,19595.0
,54.35723795212717,31.84914748663624,2204,park,1359901709,6051020.049759601,3743525.1388561805,16767.0
,54.357748760688665,31.84922822077439,2204,park,1359901709,6051076.91270856,3743535.719101067,16767.0
مرکز عروس محبوبه زینلی,54.38305100413744,31.86594898289444,2561,hairdresser,1320346530,6053893.545565205,3745727.182092283,19252.0
نمایندگی مدیران خودرو ایوبی,54.36432768236515,31.87105034449664,2541,car_dealership,1347107015,6051809.274919555,3746395.8578582564,17376.0
دانشکده پیراپزشکی شهید صدوقی یزد,54.34995385698122,31.8672592455639,2081,university,1359799300,6050209.187997065,3745898.925039127,15975.0
سالن ورزشی,54.349624532494325,31.86652293639563,2251,sports_centre,1359799302,6050172.527762878,3745802.412864106,15976.0
زمین فوتبال,54.34989374686455,31.867137343574512,2252,pitch,1359799304,6050202.496569485,3745882.9466079785,15976.0
,54.35205053947913,31.846759942714417,2204,park,1359901709,6050442.589625087,3743212.2543447227,16144.0
کافه ساده | cafe saadeh,54.37388502188119,31.90275717006811,2303,cafe,1365500629,6052873.193087819,3750552.7523743687,18292.0
عینک تندیس Tandis Optication,54.35851196008881,31.881128729271754,2519,optician,1429709248,6051161.8716771575,3747717.020185825,16746.0
بهارستان,54.364383,31.8889116,2301,restaurant,27293287,6051815.432850498,3748737.365481261,17365.0
بهشتی,54.3645336,31.8891929,2401,hotel,1241954395,6051832.197565812,3748774.245921368,17365.0
بانک ملت,54.3739898,31.8357799,2601,bank,6145548118,6052884.856934651,3741773.4383419286,18336.0
بانک ایران زمین,54.3722872,31.8373123,2601,bank,4289122891,6052695.324369626,3741974.2325298158,18179.0
بانک صادرات,54.3753736,31.8359868,2601,bank,7312875113,6053038.900846011,3741800.548769427,18492.0
پلی‌کلینیک آموزشی درمانی بقائی‌پور,54.3761879,31.8240317,2111,clinic,2868216894,6053129.548307364,3740234.1531938156,18655.0
درمانگاه شبانه روزی کوثر,54.388092,31.8326398,2111,clinic,2903451882,6054454.706657716,3741361.9936360894,19742.0
بانک صادرات,54.3866002,31.8318354,2601,bank,7312875113,6054288.64024135,3741256.596021834,19586.0
دخمه زرتشتیان,54.3559371,31.8223336,2721,attraction,5685182970,6050875.239563207,3740011.679134643,16629.0
دبستان دولتی ادب,54.374613,31.8987241,2082,school,2997114178,6052954.231241313,3750023.9209357714,18451.0
طلا و نقره علی سلطانی,54.3668523,31.8956557,2520,jeweller,2997325590,6052090.314069114,3749621.5962131093,17672.0
بانک صادرات,54.3736524,31.8977754,2601,bank,7312875113,6052847.297738457,3749899.527160957,18295.0
بانک رفاه,54.3742586,31.8975249,2601,bank,6424247685,6052914.779613776,3749866.6817539465,18295.0
داروخانه فرخی,54.360797,31.8874484,2101,pharmacy,2999419460,6051416.241156513,3748545.531322555,17054.0
کتاب فروشی فرهنگ,54.35715,31.8876089,2515,bookshop,2999421533,6051010.25897359,3748566.573671315,16586.0
خوان دوحد,54.3772967,31.889055,2301,restaurant,3244104451,6053252.979358755,3748756.1662318883,18613.0
آب انبار رستم گیو,54.3744068,31.8860192,2721,attraction,3244104566,6052931.277162312,3748358.1577070183,18459.0
هتل سنتی سروش,54.3755241,31.8881213,2401,hotel,3244128814,6053055.654429375,3748633.7521068035,18458.0
بانک مسکن,54.3807209,31.8797161,2601,bank,4232393341,6053634.15955913,3747531.831746269,19087.0
بانک ملت,54.3837212,31.8820085,2601,bank,6145548118,6053968.1514273565,3747832.355043186,19398.0
بانک سپه,54.3868758,31.8836632,2601,bank,6484133385,6054319.319893013,3748049.2833949593,19709.0
آب انبار شش بادگیر,54.3677733,31.8875138,2721,attraction,3244255580,6052192.839320135,3748554.105583605,17678.0
محل اقامت سالاری های زرتشتی,54.3566897,31.8245163,2721,attraction,3244267979,6050959.018611978,3740297.643096357,16627.0
تجارت,54.3806379,31.860053,2601,bank,3244267997,6053624.920041394,3744954.39513898,19100.0
هتل جاده ابریشم,54.3702793,31.900577,2401,hotel,3255099841,6052471.805964062,3750266.8773316974,17981.0
ونیز,54.3699825,31.9004098,2303,cafe,3524797228,6052438.766339195,3750244.9534926577,17981.0
یزد وی ای پی اپ,54.3825922,31.881193,2546,computer_shop,3536866306,6053842.471722251,3747725.4458156233,19242.0
دنیای نرم افزارموبایل,54.3825328,31.8812244,2525,mobile_phone_shop,3662687802,6053835.859344498,3747729.562229427,19242.0
رستوران آریانا,54.3875138,31.8334139,2301,restaurant,3686014912,6054390.34172814,3741463.4220186346,19742.0
بابکان,54.3664783,31.8297424,2501,supermarket,3688646537,6052048.680579557,3740982.3621281143,17560.0
پارسلی,54.379432,31.827535,2301,restaurant,3688697348,6053490.679867446,3740693.1457900964,18965.0
رستاک,54.3764089,31.8360389,2515,bookshop,3688767699,6053154.149914829,3741807.375522713,18647.0
کشاورزی,54.3648286,31.8297676,2602,atm,3690396132,6051865.036815596,3740985.663903896,17560.0
نانوایی تنوری,54.3660083,31.8269718,2502,bakery,12038653968,6051996.360418884,3740619.355721655,17562.0
کرنوپیچ,54.3666286,31.841926,2302,fast_food,3690396143,6052065.411899024,3742578.7972641443,17552.0
سپه,54.3796837,31.8382402,2602,atm,3690396145,6053518.698983279,3742095.8191983155,18958.0
هتل سنتی والی,54.3700867,31.8957458,2401,hotel,3782277632,6052450.365830136,3749633.4098199275,17984.0
هتل سنتی شرق,54.3694026,31.900148,2401,hotel,3784822001,6052374.212166484,3750210.6254562633,17826.0
بیمارستان مجیبیان,54.3777046,31.8711327,2110,hospital,3859865528,6053298.38657905,3746406.653148288,18781.0
موزه سکه و مردم شناسی حیدرزاده,54.3723477,31.9050581,2722,museum,3866933680,6052702.059198819,3750854.4694123245,18135.0
میدان نخل,54.3702002,31.9016812,2721,attraction,3866935543,6052463.000592341,3750411.6648332393,17980.0
بانک اقتصاد نوین,54.3751408,31.8348851,2601,bank,4109904395,6053012.985668554,3741656.1920117177,18493.0
موسسه ثامن الحجج,54.3751978,31.834813,2601,bank,4110083789,6053019.330879529,3741646.7447429183,18493.0
اداره پست,54.3744936,31.8355525,2005,post_office,4111314395,6052940.939694113,3741743.641837791,18492.0
بانک تجارت,54.3738657,31.8358525,2601,bank,6145548117,6052871.042185844,3741782.9512254675,18336.0
مرکز خدمات یونیک,54.3817723,31.8561824,2525,mobile_phone_shop,4124471291,6053751.20087175,3744447.102156845,19103.0
هتل و رستوران سنتی خوان دوحد,54.3768965,31.8889821,2401,hotel,4129986975,6053208.42929854,3748746.608524459,18613.0
قهوه خانه سنتی,54.3692498,31.901732,2303,cafe,4190029207,6052357.202548291,3750418.3259917474,17825.0
حمام خان,54.3641237,31.8954911,2301,restaurant,4203811489,6051786.567706536,3749600.01444849,17360.0
مسافرخانه نارنجستان,54.3663046,31.8933095,2404,guesthouse,4230246236,6052029.344384006,3749313.97448623,17518.0
بانک مسکن,54.347132,31.8482082,2601,bank,4232393341,6049895.060314824,3743402.045603368,15676.0
رستوران گل سرخ,54.352524,31.8544015,2301,restaurant,4235953993,6050495.295009181,3744213.698967448,16296.0
اندیشه سبز,54.3580598,31.8436021,2515,bookshop,4247156064,6051111.5374463145,3742798.4356221436,16770.0
بانک تجارت,54.3877947,31.833075,2601,bank,6145548117,6054421.611373103,3741419.016696465,19742.0
نیو استار,54.3840024,31.840872,2301,restaurant,4247246838,6053999.454468168,3742440.681755487,19425.0
ساندویچ بهارستان,54.370948,31.8823755,2301,restaurant,4247301738,6052546.245307555,3747880.4677818194,17993.0
بانک سپه,54.3625275,31.8422128,2601,bank,6484133385,6051608.87953533,3742616.379632002,17240.0
فروشگاه توحید,54.374013,31.8480342,2501,supermarket,4247354485,6052887.4395468375,3743379.243089309,18328.0
رستوران سایت,54.3539611,31.8424924,2301,restaurant,4247409122,6050655.2722494,3742653.0186219234,16304.0
رستوران کوروش,54.3692101,31.8542557,2301,restaurant,4273661589,6052352.783164506,3744194.590747169,17856.0
دانشگاه پیام نور استان یزد,54.3623878,31.8574198,2081,university,4287275017,6051593.328202467,3744609.2773680193,17230.0
پیتزا نوژ,54.3594847,31.8448653,2302,fast_food,4289019191,6051270.156588745,3742963.9696557955,16926.0
کافه بن بست,54.3575624,31.8453767,2303,cafe,4289019192,6051056.167131593,3743030.9858995164,16769.0
فلافل فلاسیس,54.3596437,31.8450372,2302,fast_food,4289020094,6051287.856387782,3742986.4961929414,16926.0
فلافل لبنان,54.3522141,31.8437989,2302,fast_food,4289020393,6050460.797098983,3742824.2248158813,16146.0
فلافل مامان جون,54.351416,31.843852,2302,fast_food,4289020394,6050371.953013382,3742831.18319008,16146.0
سوپر تارا,54.3521612,31.8438425,2501,supermarket,4289020492,6050454.908297921,3742829.9382829135,16146.0
دکتر سهیلا میرجلیلی,54.3584082,31.8433884,2120,doctors,4289067491,6051150.321156907,3742770.4318699073,16771.0
ساندویچ ممتاز,54.3589213,31.8459911,2302,fast_food,4289067493,6051207.439187632,3743111.500235458,16925.0
سوپر میوه جوان,54.3522463,31.8437354,2528,greengrocer,4289075690,6050464.381586587,3742815.903601524,16146.0
رستوران آنیس,54.3566644,31.8428929,2301,restaurant,4289075692,6050956.202228862,3742705.500630332,16615.0
باغ درکه,54.3570692,31.8429192,2541,car_dealership,4289075693,6051001.264358734,3742708.9470223766,16615.0
باغ درکه,54.3570692,31.8429192,2541,car_dealership,4289075693,6051001.264358734,3742708.9470223766,16615.0
پیتزا میتزا,54.3594736,31.8453102,2302,fast_food,4289075694,6051268.920942398,3743022.271408013,16926.0
سوپر تک,54.3589739,31.8459319,2501,supermarket,4289075695,6051213.294592848,3743103.7423203667,16925.0
کافه چوبی,54.35894,31.8463609,2303,cafe,4289075696,6051209.52086211,3743159.9611082934,16925.0
مرکز ذرت یزد,54.3602792,31.8465217,2303,cafe,4289075697,6051358.599924181,3743181.0333926743,16925.0
پیتزا پ پ,54.3538968,31.8429016,2302,fast_food,4289087690,6050648.114406142,3742706.64069147,16303.0
میوه نارنج,54.3595627,31.8452404,2528,greengrocer,4289087691,6051278.839509027,3743013.1244748197,16926.0
کفش صورتی,54.3592885,31.8454779,2517,shoe_shop,4289087692,6051248.315704652,3743044.247664053,16926.0
۳۶۱ درجه,54.3589796,31.8460943,2512,clothes,4289087693,6051213.929113946,3743125.024180427,16925.0
بال اسپرت,54.3591326,31.8467664,2522,sports_shop,4289087694,6051230.960996037,3743213.1005526385,16925.0
عینک پروفسور,54.3595697,31.8443583,2519,optician,4289087696,6051279.618745463,3742897.5303753605,16926.0
برج و بارو,54.3531991,31.8431406,2301,restaurant,4289094790,6050570.446797415,3742737.959654433,16303.0
سطل های یازیافت,54.3603747,31.8461095,2030,recycling,4289118990,6051369.230935552,3743127.0160805765,17081.0
داروخانه دکتر کرامتی,54.3517678,31.8444958,2101,pharmacy,4289119689,6050411.115210243,3742915.5488817976,16146.0
چیستا رایانه,54.3591926,31.8445738,2546,computer_shop,4289119690,6051237.6401654845,3742925.7703010254,16926.0
کامپیوتر ترافیک,54.3549402,31.8426866,2546,computer_shop,4289120389,6050764.265162836,3742678.466798296,16459.0
درمانگاه کسری,54.3588886,31.8443442,2111,clinic,4289121689,6051203.799040284,3742895.682660945,16770.0
ساندویچ میثم,54.3585812,31.8472766,2302,fast_food,4289121690,6051169.579428814,3743279.960920281,16768.0
داروخانه دکتر حیدری,54.3602142,31.8450189,2101,pharmacy,4289121692,6051351.36415728,3742984.0980779156,16926.0
پیتزا کالج,54.3589648,31.8443729,2302,fast_food,4289122589,6051212.281585483,3742899.4436118603,16926.0
سوپر دانشجو,54.3591376,31.8445248,2501,supermarket,4289122889,6051231.517593491,3742919.3491520393,16926.0
بانک ایران زمین,54.3589845,31.8465723,2601,bank,4289122891,6051214.474579451,3743187.6643554335,16925.0
پیرایش سان,54.360502,31.8466867,2561,hairdresser,4289128089,6051383.401906729,3743202.65611073,17080.0
بانک ملی,54.3479635,31.8408517,2601,bank,11944115490,6049987.622471417,3742438.0216715196,15836.0
خوابگاه یزدیان,54.3360575,31.8565389,2422,camp_site,4292058390,6048662.252614034,3744493.825275164,14578.0
سوپر مارکت جواد الائمه,54.3704933,31.8300576,2501,supermarket,4296753892,6052495.628335092,3741023.660594833,18027.0
نانوایی جواد الائمه,54.3704522,31.8298928,2502,bakery,4296788989,6052491.053104021,3741002.067977891,18027.0
آبمیوه مانی,54.3660929,31.839536,2518,beverages,4304852394,6052005.778047806,3742265.6154086147,17554.0
پردیس خوابگاهی٢,54.3620799,31.8443524,2012,community_centre,4304920090,6051559.052931252,3742896.7572182296,17238.0
آبمیوه پانی,54.3674122,31.8393359,2518,beverages,4304939289,6052152.641852009,3742239.3949861596,17709.0
دراگون,54.3665949,31.8406776,2302,fast_food,4304939489,6052061.660432184,3742415.207871968,17553.0
فروشگاه دکورال,54.3722974,31.8476705,2521,gift_shop,4316008389,6052696.459828433,3743331.580731894,18172.0
هتل لاله,54.3707373,31.8872855,2401,hotel,4330875790,6052522.7902908465,3748524.1743593486,17990.0
دبیرستان دخترانه هفتم تیر,54.3778806,31.837526,2082,school,4333928699,6053317.978809429,3742002.234437891,18803.0
خورشید,54.3676847,31.8392935,2505,department_store,4333928701,6052182.97641325,3742233.8390418757,17709.0
سوپر فرهاد,54.3274429,31.8474527,2501,supermarket,4333928793,6047703.279728646,3743303.038447808,13648.0
درمانگاه ایران مهر,54.3293999,31.849254,2111,clinic,4333981593,6047921.131972128,3743539.097482055,13959.0
نوژ,54.3595915,31.8449569,2302,fast_food,4333988890,6051282.045510363,3742975.973320161,16926.0
هتل رز,54.3660151,31.8884445,2401,hotel,4346351936,6051997.117391421,3748676.1255823155,17522.0
سالار,54.3762936,31.835683,2303,cafe,4348281289,6053141.31477754,3741760.7414057264,18648.0
داروخانه شبانه روزی دکتر سهروردی,54.3856821,31.8440285,2101,pharmacy,4362369191,6054186.437816853,3742854.312278108,19578.0
دوربین کنترل سرعت,54.4078426,31.7967386,2907,camera_surveillance,4366895713,6056653.333392578,3736658.8835083987,21793.0
ساعت مارکار,54.3682998,31.8838072,2721,attraction,4377503094,6052251.4490320375,3748068.161734028,17837.0
لاله,54.3969385,31.812318,2501,supermarket,4380984991,6055439.494533018,3738699.583344581,20691.0
اویژه,54.3924267,31.816571,2501,supermarket,4380984992,6054937.243254458,3739256.7311225254,20220.0
سوپر مارکت مسعود,54.4048464,31.8171792,2501,supermarket,4381005491,6056319.797934263,3739336.4081027377,21468.0
اریا,54.3949352,31.8118596,2501,supermarket,4393035129,6055216.488197112,3738639.533961227,20535.0
اقامتگاه توریستی واحه یزد,54.3720936,31.901399,2405,hostel,4394356390,6052673.772916209,3750374.661377907,18137.0
مهد کودک گلهای بهشت,54.3951309,31.8188445,2083,kindergarten,4405282994,6055238.273421461,3739554.572700717,20531.0
Friendly house hotel,54.3703514,31.9021209,2401,hotel,4409374292,6052479.832099349,3750469.320691194,17980.0
مرکز بازرگانی تیراژه,54.3762035,31.8769978,2546,computer_shop,4415598390,6053131.28489142,3747175.484572244,18621.0
خانه اسکندر,54.3704422,31.902308,2401,hotel,4435663490,6052489.939909113,3750493.854345401,17980.0
کرامت,54.3660526,31.8905625,2303,cafe,4451778694,6052001.291872327,3748953.8118778113,17520.0
مهمانخانه امیر چخماق,54.369227,31.8933083,2405,hostel,4451809094,6052354.664463901,3749313.817150383,17830.0
بوم گردی خواجه خضر,54.3662384,31.8908559,2404,guesthouse,4451840889,6052021.975033716,3748992.2794065424,17520.0
ملک التجار,54.3680696,31.8948233,2401,hotel,5687080999,6052225.8232852565,3749512.4552913783,17673.0
رستوران شاه نشین,54.3644611,31.8708562,2301,restaurant,4471788289,6051824.126902729,3746370.409127818,17377.0
فروشگاه مهدیه,54.3740524,31.9029888,2501,supermarket,4496383792,6052891.825534774,3750583.125272881,18291.0
میدان امیرچخماق,54.3694243,31.8938631,2721,attraction,4510445690,6052376.627799435,3749386.5589761036,17830.0
هتل جنگل,54.3722046,31.9048383,2401,hotel,4510519790,6052686.129379687,3750825.6470853905,18135.0
فرهنگ هتل,54.3651579,31.8890297,2405,hostel,4520705289,6051901.694323914,3748752.849221457,17521.0
مجتمع اموزشی سیدالشهدا,54.3885175,31.8235521,2082,school,4528492500,6054502.073101048,3740171.318694739,19748.0
اقامتگاه کلوت,54.3694811,31.8991613,2405,hostel,4542951288,6052382.950746512,3750081.2471376685,17982.0
عمارت ناجی,54.391459,31.8318584,2721,attraction,4551168689,6054829.519383217,3741259.60961565,20210.0
پاچینی,54.3695435,31.837065,2302,fast_food,4555972390,6052389.897082737,3741941.8279693634,17867.0
رستوران یکتابخت,54.3607888,31.8765251,2301,restaurant,4568138950,6051415.32833669,3747113.518493432,17061.0
نانوایی,54.3649152,31.8709045,2502,bakery,6145486553,6051874.677083498,3746376.7403539354,17533.0
بانک صادرات,54.3864541,31.8956952,2601,bank,7312875113,6054272.376463746,3749626.775317894,19544.0
بانک سپه,54.3729037,31.836513,2601,bank,6484133385,6052763.9528357005,3741869.4978444166,18335.0
بانک ملی,54.3878857,31.8420516,2601,bank,11944115490,6054431.741446765,3742595.255915746,19736.0
اداره پست منتظرقائم,54.3682748,31.8817838,2005,post_office,4599784189,6052248.666044768,3747802.897556404,17838.0
بیمارستان مادر,54.3604179,31.8761009,2110,hospital,4606679589,6051374.039937554,3747057.9105334403,17061.0
مرکز مطالعات وتحقیقات ناباروری یزد,54.3848794,31.8333922,2110,hospital,4621578592,6054097.081661594,3741460.57871044,19430.0
پرواز تفریحی پاراگلایدر,54.3708536,31.8997675,2721,attraction,4639327689,6052535.736747624,3750160.7332779686,17982.0
مرکز آموزشی رفاهی فرهنگیان شهید دادرس یزد,54.3816019,31.8620585,2401,hotel,4640215006,6053732.232030518,3745217.250638815,19099.0
ستاد اسکان فرهنگیان یزد,54.381838,31.8615427,2401,hotel,4640215007,6053758.514562295,3745149.6455716193,19099.0
هنرستان فنی شهید چمران,54.3822958,31.8618826,2082,school,4669288398,6053809.47662518,3745194.195669364,19099.0
مدرسه حاجی حسنی,54.3819608,31.8696924,2082,school,4674540667,6053772.184595765,3746217.857730348,19094.0
مجتمع آموزشی اختر دانش یزد,54.3755779,31.8680727,2082,school,4674542410,6053061.6434179805,3746005.5499737915,18471.0
دبیرستان دخترانه علوم و معارف قرانی,54.3637687,31.8887013,2082,school,4674555733,6051747.049287304,3748709.793722098,17365.0
دبیرستان پسرانه جیحون,54.3776162,31.9044101,2082,school,4674559336,6053288.545936064,3750769.4975087587,18759.0
بازار مسگرها,54.3652314,31.8969708,2016,market_place,4680582330,6051909.876306487,3749794.028817852,17516.0
مسافرخانه کوله پشتی,54.3699778,31.8940827,2405,hostel,4785477822,6052438.243137589,3749415.351643924,17985.0
موقوفه سرای خان کهنه سرای دوم (بازار طلا فروشان یزد),54.3678673,31.8957336,2721,attraction,4786884183,6052203.303352269,3749631.8101965734,17672.0
موقوفه سرای خان کهنه سرای دوم (بازار طلا فروشان یزد),54.3678673,31.8957336,2721,attraction,4786884183,6052203.303352269,3749631.8101965734,17672.0
هایپر مارکت طاق بستان,54.3339735,31.8550617,2501,supermarket,4787959721,6048430.26279522,3744300.223673629,14267.0
کافی شاپ دیدار,54.3675963,31.8954464,2303,cafe,4790390865,6052173.135770265,3749594.1535506644,17672.0
آینهٔ بخت برادران کلمندی,54.3677084,31.8953496,2544,furniture_shop,4790399480,6052185.614685182,3749581.4615042787,17673.0
جواهری امیری,54.367713,31.8953997,2520,jeweller,4790409837,6052186.12675484,3749588.030423315,17672.0
موقوفه سرای خان کهنه سرای اول,54.3676097,31.8958825,2721,attraction,4790420746,6052174.627451441,3749651.3334829793,17672.0
پارک هستی,54.3774186,31.8779632,2302,fast_food,4791856123,6053266.549204683,3747302.0395106315,18620.0
دوچرخه فروشی,54.3753696,31.8778076,2542,bicycle_shop,4792946824,6053038.455568047,3747281.641711836,18465.0
هتل سنتی باغ مرشد,54.3705506,31.8844765,2401,hotel,4808190630,6052502.006941915,3748155.90706822,17992.0
رستوران توت فرنگی,54.3727765,31.8667496,2301,restaurant,4810756521,6052749.792996472,3745832.122852677,18315.0
فروشگاه آی تکنولوژی,54.3769808,31.8719821,2525,mobile_phone_shop,4824532621,6053217.813531614,3746517.994410692,18624.0
کبابی باباکوهی,54.3490017,31.8751029,2301,restaurant,4886270621,6050103.19436676,3746927.0847065835,15814.0
پانیذ کباب ترکی,54.3848841,31.8413293,2302,fast_food,4891132326,6054097.6048632,3742500.6058711056,19424.0
موزه زرتشتیان یزد,54.367299,31.881628,2722,museum,4894698021,6052140.040485651,3747782.4726923117,17682.0
نانوایی,54.3846095,31.8416442,2502,bakery,6145486553,6054067.036531028,3742541.870211751,19424.0
اقامتگاه بومگردی هفت یازده,54.3768828,31.9022016,2405,hostel,4942925622,6053206.904221515,3750479.902544482,18604.0
مجتمع علمی پژوهشی امام صادق,54.3864501,31.8966744,2007,library,4946966437,6054271.931185783,3749755.1653802316,19544.0
کامپیوتر ستاک,54.3564589,31.8853297,2546,computer_shop,4988054921,6050933.326073503,3748267.7626455254,16588.0
بلنسی,54.3751247,31.8426286,2301,restaurant,4992928722,6053011.193424752,3742670.866410453,18488.0
آرایشگاه,54.3697727,31.8929267,2561,hairdresser,4997445321,6052415.411510027,3749263.7844547387,17986.0
کلینیک تخصصی صبا,54.3821227,31.8500074,2111,clinic,5005160621,6053790.207221324,3743637.8313628384,19262.0
مطب دکتر محمد حسین آنتیک چی,54.3759831,31.879786,2120,doctors,5005161321,6053106.7500756495,3747540.9952103463,18619.0
مطب دکتر محمد حسین ارجمند,54.3754574,31.8797422,2120,doctors,5006814785,6053048.229419339,3747535.253296421,18463.0
داروخانه دکتر ذبیحی,54.3809815,31.8599496,2101,pharmacy,5035014721,6053663.16941843,3744940.842933637,19100.0
موزه آب,54.3684303,31.8949968,2722,museum,5056972686,6052265.976225586,3749535.2038283325,17829.0
سالن زیبایی دلارام,54.3794342,31.8416572,2529,beauty_shop,5060396922,6053490.924770325,3742543.5737283654,18956.0
هتل هفت یازده,54.3769632,31.9021315,2401,hotel,5078153121,6053215.854308575,3750470.7106243065,18604.0
بانک ملی,54.3414066,31.852888,2601,bank,11944115490,6049257.711702235,3744015.3445303757,15049.0
chichak gallery,54.3692252,31.9015847,2725,artwork,5110353222,6052354.464088818,3750399.0112647004,17825.0
ترمه رضایی,54.3691006,31.9011183,2521,gift_shop,5110353423,6052340.593680265,3750337.8547225147,17825.0
Rezaei Termeh,54.3675205,31.8953849,2725,artwork,5110353424,6052164.697752862,3749586.089903946,17672.0
نمایندگی مجاز تویوتا و رنو توانگر,54.4010168,31.8735013,2541,car_dealership,5110355522,6055893.488812321,3746717.1371229235,21119.0
نانوایی تافتون,54.3389359,31.856009,2502,bakery,5116662923,6048982.674636333,3744424.376307094,14890.0
فرماندهی انتظامی شهرستان یزد,54.3720276,31.8999997,2001,police,5121868623,6052666.425829817,3750191.179938856,18138.0
بانک ملی,54.3738651,31.8995752,2601,bank,11944115490,6052870.975394149,3750135.518465788,18294.0
کاریزما,54.3690716,31.9019305,2303,cafe,5158268621,6052337.365415031,3750444.3543727472,17825.0
دبستان دینیاری,54.3738994,31.8840055,2082,school,5163398881,6052874.793652683,3748094.158828427,18304.0
اقامتگاه بوم گردی خشت آباد,54.3737036,31.8957499,2404,guesthouse,5163698105,6052852.997296386,3749633.9473983133,18296.0
اقامتگاه بوم گردی رخشین,54.3662899,31.8865267,2404,guesthouse,5163698106,6052027.707987492,3748424.6925755106,17523.0
هتل سنتی فیروزه یزد,54.3745941,31.8973485,2401,hotel,5173758083,6052952.127302938,3749843.5523473094,18452.0
سبزیجات اماده بهار,54.3591458,31.8468703,2528,greengrocer,5174108624,6051232.430413316,3743226.7163442858,16925.0
سبزیجات اماده کاکوتی,54.3694434,31.8462343,2528,greengrocer,5174109809,6052378.754001709,3743143.3706415845,17861.0
سبزیجات اماده ترنج,54.3732875,31.8477899,2528,greengrocer,5174127461,6052806.6772562675,3743347.22790797,18328.0
سبزی خرد کنی,54.3698837,31.8510754,2528,greengrocer,5174128843,6052427.767973505,3743777.795294236,17858.0
هتل تاریخی لب خندق,54.366172,31.8986511,2401,hotel,5175199765,6052014.583419527,3750014.349112485,17515.0
آب انبار گلشن,54.3708122,31.8877337,2721,attraction,5204831850,6052531.128120706,3748582.935597751,17990.0
قلعه اسدان ستی پیر (اسدان),54.3872058,31.9115297,2721,attraction,5204897725,6054356.0553249745,3751703.1197883855,19690.0
اقامتگاه بوم گردی خانه خورشید,54.3690661,31.9021601,2404,guesthouse,5204897733,6052336.753157832,3750474.460821992,17825.0
خانه وزیری,54.3691975,31.9023445,2721,attraction,5204897734,6052351.380538922,3750498.640446235,17824.0
خانه حظیره یزد,54.3693182,31.9028842,2721,attraction,5204897736,6052364.816801461,3750569.4093970833,17824.0
حمام سنتی میرزا رضا,54.3705654,31.9028341,2721,attraction,5204897737,6052503.654470378,3750562.839943929,17980.0
داروخانه,54.3763871,31.8248053,2101,pharmacy,11949178792,6053151.72314993,3740335.506609998,18655.0
فروشگاه همایی راد,54.3865862,31.8796622,2511,convenience,5240248535,6054287.081768479,3747524.7657894474,19555.0
Nemona Sandwich,54.374513,31.9036231,2302,fast_food,5242697521,6052943.0992922345,3750666.2994118994,18448.0
کمپ آزاد,54.3713178,31.9047905,2424,caravan_site,5243086221,6052587.411255252,3750819.379090739,18135.0
خانه سه نیک,54.3729262,31.8826521,2401,hotel,5268198423,6052766.457524244,3747916.7294439403,18305.0
Falafel Restaurant,54.3705407,31.8932728,2302,fast_food,5293790225,6052500.904878955,3749309.1626324737,17986.0
دوج برگر,54.3604565,31.8208851,2301,restaurant,5307868421,6051378.336869898,3739821.909283961,17097.0
شاه مردان,54.3787024,31.8659643,2301,restaurant,5431931021,6053409.461166963,3745729.189770917,18784.0
کافه عدسی پناهنده,54.3658015,31.8962237,2303,cafe,5431931022,6051973.339548189,3749696.070642499,17516.0
حمام عمومی میرزا رضا,54.3704055,31.9028648,2721,attraction,5448172330,6052485.8544838,3750566.865536555,17980.0
کافه,54.3726313,31.8807263,2303,cafe,5448179522,6052733.629406408,3747664.263486677,18306.0
میوه فروشی,54.3391516,31.8558412,2528,greengrocer,5455972621,6049006.686250497,3744402.3844355093,14890.0
مرکز خرید مادر,54.3390571,31.8559515,2501,supermarket,5456000621,6048996.166558617,3744416.840351358,14890.0
عینک مرکزی بی نظیر,54.3669844,31.8878998,2519,optician,5461625934,6052105.019373848,3748604.712202507,17677.0
مطب دکتر کامجو/دکتر فخرالدینی,54.3631544,31.814348,2111,clinic,5467541621,6051678.665724109,3738965.5124246874,17258.0
سبزی آماده,54.3390463,31.8559786,2541,car_dealership,5484420621,6048994.964308116,3744420.3920794767,14890.0
قصابی,54.3390316,31.8560091,2516,butcher,5484420821,6048993.327911601,3744424.389413108,14890.0
خانه بوم‌گردی سیگاری,54.3703393,31.8963193,2405,hostel,5511705231,6052478.48513351,3749708.605468396,17984.0
شیرینی سنتی یزد,54.3822964,31.8397165,2502,bakery,5513794221,6053809.5434168745,3742289.2675626106,19269.0
بانک ملت,54.3804858,31.8531789,2601,bank,6145548118,6053607.988346845,3744053.4686950566,18948.0
جواهری علیخانی,54.3684821,31.8961454,2520,jeweller,5542903314,6052271.74257521,3749685.8041577637,17828.0
جواهری رادنیا,54.36427,31.88709,2520,jeweller,5576661770,6051802.853748038,3748498.54343128,17366.0
زورخانه صاحب الزمان(عج),54.3693189,31.8943877,2252,pitch,5586787321,6052364.894725105,3749455.3415742675,17830.0
آژانس مسافرتی ایرانیان,54.3728522,31.8917371,2567,travel_agent,5589039821,6052758.219881924,3749107.813839125,18299.0
هتل کوروش,54.3709154,31.9043537,2529,beauty_shop,5592460221,6052542.616292156,3750762.1018343433,17979.0
مامورسرا مخابرات یزد,54.3819729,31.8711388,2406,chalet,5596885421,6053773.531561603,3746407.45274635,19093.0
بانک صادرات,54.3731821,31.8803593,2601,bank,7312875113,6052794.944181937,3747616.151609419,18306.0
هتل ترمه,54.370432,31.9016452,2401,hotel,5627447521,6052488.804450306,3750406.944329435,17980.0
آیسا مبل,54.3778895,31.8693406,2544,furniture_shop,5619823023,6053318.969552898,3746171.744016369,18782.0
بانک صادرات,54.3808175,31.8620146,2601,bank,7312875113,6053644.913021941,3745211.4967224794,19099.0
بانک صادرات,54.3860454,31.8436432,2601,bank,7312875113,6054226.880187859,3742803.821470558,19578.0
شهداد,54.3706712,31.9026178,2401,hotel,5619849123,6052515.432072504,3750534.477256086,17980.0
هتل ترمه,54.3704996,31.9016551,2401,hotel,5627447521,6052496.329647885,3750408.2424677974,17980.0
Padiav Home,54.3726514,31.9029199,2404,guesthouse,5630173221,6052735.866928174,3750574.0906263636,18136.0
هتل سنتی علی بابا,54.3694845,31.9012811,2401,hotel,5644421680,6052383.32923278,3750359.201782223,17825.0
کارواش,54.3806712,31.8485976,2564,car_wash,5678001459,6053628.626980438,3743453.0762131005,19108.0
فروشگاه جعفری,54.3796402,31.8471877,2543,doityourself,5678004518,6053513.856585429,3743268.310782574,18952.0
آژانس مسافرتی,54.381061,31.84535,2567,travel_agent,5678010546,6053672.019317949,3743027.486997662,19110.0
نانوایی سنگک,54.3798116,31.8465831,2502,bakery,12030231108,6053532.936746151,3743189.079660209,18952.0
میوه یاسی,54.3792484,31.8468597,2528,greengrocer,5678016881,6053470.241608936,3743225.327244531,18952.0
سوپر مارکت,54.3803935,31.8458382,2501,supermarket,6428512586,6053597.713557844,3743091.463333178,18953.0
رستوران نگین,54.3859469,31.8533185,2301,restaurant,5678022289,6054215.915218015,3744071.764143018,19572.0
ساندویچ بهار,54.381191,31.8603259,2301,restaurant,5678029325,6053686.4908517515,3744990.1630730797,19100.0
نانوایی ماشینی,54.3811675,31.8604267,2502,bakery,11757127043,6053683.874843718,3745003.3745610407,19100.0
سوپر مارکت,54.3812063,31.8603014,2501,supermarket,6428512586,6053688.194039961,3744986.951949715,19100.0
سوپر مارکت,54.3801237,31.8621134,2501,supermarket,6428512586,6053567.679559228,3745224.4463148084,18942.0
بانک دی,54.3799617,31.8626446,2601,bank,5678040930,6053549.645801719,3745294.0702718017,18942.0
بانک قوامین,54.3799949,31.8625864,2601,bank,6776356871,6053553.341608814,3745286.442025016,18942.0
بانک ملی,54.3800325,31.8624569,2601,bank,11944115490,6053557.527221667,3745269.4685378494,18942.0
رستوران,54.3800413,31.8623649,2301,restaurant,5678046057,6053558.506833187,3745257.410167631,18942.0
فست فود تاکو,54.377976,31.8318267,2302,fast_food,5684278045,6053328.59868885,3741255.456097413,18807.0
شب خوب,54.3869839,31.8399974,2302,fast_food,5684327360,6054331.353529967,3742326.075909812,19737.0
آتشکده زرتشتیان,54.3729294,31.8809849,2721,attraction,5685060623,6052766.813746613,3747698.164777429,18306.0
فروشگاه محصولات اپل iStore,54.3624605,31.8402421,2525,mobile_phone_shop,5685144968,6051601.421129448,3742358.1408019974,17241.0
دانشگاه غیر انتفاعی امام جواد ع,54.3727134,31.829782,2081,university,5685144970,6052742.768736603,3740987.5506333197,18184.0
دانشگاه علمی کاربردی جوادالایمه,54.3616662,31.8222953,2081,university,5685144971,6051513.0000579115,3740006.6613639924,17096.0
هنل صفاییه,54.3779001,31.8400778,2401,hotel,5685182968,6053320.1495395,3742336.611320666,18801.0
دخمه زرتشتیان,54.3576005,31.8240481,2721,attraction,5685182970,6051060.408404193,3740236.301835502,16783.0
پارک بزرگ شهر - مارکار,54.3970958,31.8764918,2204,park,5685182971,6055457.005088921,3747109.1532199862,20649.0
ملک التجار,54.3656399,31.8955233,2401,hotel,5687080999,6051955.350318476,3749604.236394548,17517.0
پیتزا فروتن,54.3478427,31.8768533,2302,fast_food,5687150052,6049974.175076931,3747156.5420836965,15657.0
داروخانه شبانه روزی دکتر شفیعی,54.3705098,31.8381677,2101,pharmacy,5687363901,6052497.46510669,3742086.3191720997,18022.0
کلینیک دندانپزشکی ایران,54.3607924,31.8205537,2121,dentist,5687363902,6051415.729086856,3739778.4925615923,17098.0
سینما تک,54.3780064,31.8317482,2203,cinema,5687363903,6053331.982801371,3741245.1705773156,18807.0
مرکز خرید آریا,54.3791939,31.8309945,2504,mall,5687363904,6053464.174696688,3741146.4169270424,18963.0
استخر عدالت,54.3557149,31.8647938,2253,swimming_pool,5687363905,6050850.504372353,3745575.768283662,16601.0
KFC,54.3624127,31.841222,2302,fast_food,5687700931,6051596.100057788,3742486.5453642122,17240.0
بال و بازو کبابی,54.3652138,31.8235374,2306,food_court,5687726461,6051907.91708345,3740169.392788433,17564.0
ورودی دانش دانشگاه یزد,54.3552615,31.8389346,2081,university,5687756112,6050800.032115228,3742186.8101723683,16461.0
دانشگاه علمی کاربردی دارالعلم,54.361701,31.8540066,2081,university,5687913779,6051516.873976191,3744161.9443309875,17076.0
هلچین,54.3706443,31.8493341,2529,beauty_shop,5716980721,6052512.437578202,3743549.5946349404,18015.0
Ab Mive,54.3659291,31.890779,2303,cafe,5731762794,6051987.543915214,3748982.197073764,17520.0
هتل سنتی پارس,54.374354,31.9059455,2401,hotel,5865382786,6052925.399493198,3750970.834684281,18446.0
ورودی فناوری دانشگاه یزد,54.3612224,31.8398642,2081,university,5867587337,6051463.596467897,3742308.6217418816,17085.0
Yazd Hostel,54.367724,31.8982835,2405,hostel,5894259586,6052187.351269239,3749966.1491971416,17671.0
Cafe Gram,54.3693111,31.8936534,2303,cafe,5894867985,6052364.026433077,3749359.064402491,17830.0
Supermarkt,54.3692394,31.9008056,2501,supermarket,5896314985,6052356.0448255865,3750296.852214351,17825.0
فروشگاه عقیق,54.4011549,31.8163598,2501,supermarket,5896729086,6055908.8620339995,3739229.063079833,21156.0
ورودی گرانیتی - درب اصلی دانشگاه یزد,54.3619654,31.8368906,2081,university,5907654659,6051546.306849557,3741918.975796175,17243.0
آب آشامیدنی,54.368051,31.8962878,2903,drinking_water,5926529615,6052223.752742727,3749704.475268049,17672.0
Labkhand Fast Food,54.3707758,31.8979868,2302,fast_food,5933717945,6052527.076091241,3749927.2458693874,17983.0
Sitasafar,54.3710575,31.892641,2567,travel_agent,5963759286,6052558.434791798,3749226.3256252124,17986.0
دبیرستان پسرانه دوره دوم امام حسین(ع),54.35449,31.8753768,2082,school,5987103986,6050714.14912808,3746962.9895694805,16438.0
هتل ترنج,54.3710954,31.9032229,2401,hotel,5994562285,6052562.6538005,3750613.822141259,17979.0
سبزیجات آماده نارنج,54.3795571,31.8474805,2528,greengrocer,5994630506,6053504.605935745,3743306.6815822446,18952.0
سلف سرویس کربلا,54.3706266,31.8929642,2302,fast_food,6031601085,6052510.467223215,3749268.701180579,17986.0
Café Bistrow,54.3666876,31.8395654,2303,cafe,6052335585,6052071.97974898,3742269.467889268,17709.0
فست فود ابوذر,54.3620703,31.844548,2302,fast_food,6080996885,6051557.984264141,3742922.389369093,17238.0
قهوه خانه و قلیان سرا,54.3546279,31.8534483,2303,cafe,6080996985,6050729.5000858605,3744088.7752648965,16452.0
بانک ملی,54.3760409,31.8541334,2601,bank,11944115490,6053113.184342217,3744178.5624073693,18480.0
دفتر تورهای پیاده روی رایگان,54.3703867,31.9018184,2721,attraction,6126548151,6052483.761677373,3750429.655214664,17980.0
پادمهر,54.3542098,31.8539244,2501,supermarket,6138793712,6050682.95740676,3744151.1714261705,16452.0
سرامو,54.3514318,31.8529074,2561,hairdresser,6138825193,6050373.711861337,3744017.8870113175,16140.0
تاپ لند,54.3526457,31.8522013,2512,clothes,6138826188,6050508.842591209,3743925.3489129064,16297.0
بانک تجارت,54.3769366,31.873375,2601,bank,6145548117,6053212.893210121,3746700.581096953,18623.0
بانک کشاورزی,54.3759893,31.876212,2601,bank,6776364363,6053107.440256492,3747072.4744982147,18621.0
بانک رفاه,54.375831,31.8765486,2601,bank,6424247685,6053089.818381099,3747116.5990927606,18621.0
بانک سپه,54.3768757,31.9063996,2601,bank,6484133385,6053206.113853131,3751030.381512241,18601.0
سلف غذاخوری دانشگاه,54.3405713,31.8415722,2301,restaurant,6140929851,6049164.726531576,3742532.4353548526,15056.0
نانوایی,54.383735,31.8452877,2502,bakery,6145486553,6053969.68763633,3743019.322897273,19422.0
آرایشگاه مردانه,54.3836633,31.8455116,2561,hairdresser,6145489292,6053961.70602884,3743048.6638872917,19265.0
خدمات پلیس +۱۰,54.3819168,31.8525166,2001,police,6145492578,6053767.286538169,3743966.670539598,19105.0
بانک رسالت,54.3877789,31.8421978,2601,bank,6145545781,6054419.852525149,3742614.4140240937,19736.0
بانک سپه,54.3859479,31.8433873,2601,bank,6484133385,6054216.026537506,3742770.28772348,19579.0
بانک تجارت,54.3859672,31.8432464,2601,bank,6145548117,6054218.175003679,3742751.8238907247,19579.0
بانک ملت,54.3856481,31.8424931,2601,bank,6145548118,6054182.652954166,3742653.1103505786,19579.0
سوپر مارکت و عطاری,54.3860853,31.8433548,2501,supermarket,6145548123,6054231.321835541,3742766.028852527,19579.0
سوپر مارکت,54.3810046,31.8450069,2501,supermarket,6428512586,6053665.740898667,3742982.52554373,19110.0
رستوران شازده,54.3739027,31.8935962,2301,restaurant,6146787385,6052875.161007003,3749351.5647013406,18298.0
بادگیر قدیمی,54.3693429,31.8942533,2721,attraction,6157827086,6052367.566392884,3749437.719765684,17830.0
رستوران شگالیو,54.3839573,31.8414715,2301,restaurant,6186094389,6053994.433959133,3742519.2396715116,19424.0
اقامتگاه سنتی خانه شما یزد,54.3749435,31.9038875,2401,hotel,6242042086,6052991.02233302,3750700.9696778995,18447.0
نانوایی سنگک,54.3800669,31.8392357,2502,bakery,12030231108,6053561.356612151,3742226.265140808,18957.0
میوه فروش,54.3803782,31.8390633,2528,greengrocer,6295068286,6053596.010369635,3742203.674502142,18957.0
خانه سنتی پستو,54.3768001,31.8887776,2404,guesthouse,6312241584,6053197.698099627,3748719.7971633417,18613.0
زورخانه,54.38545,31.8421525,2252,pitch,6322734514,6054160.60056304,3742608.4778901483,19579.0
درمانگاه قائم,54.385616,31.8432327,2111,clinic,6322749336,6054179.079598512,3742750.0286153755,19579.0
مجمع امور صنفی یزد,54.3759489,31.8794981,2012,community_centre,6329244291,6053102.942949064,3747503.2533192695,18619.0
بانک پارسیان,54.3743461,31.8796186,2601,bank,11049256435,6052924.52006922,3747519.050101981,18307.0
کلانتری,54.3737159,31.8779719,2001,police,6329259072,6052854.366526123,3747303.18000554,18308.0
بانک صادرات,54.3737437,31.8797419,2601,bank,7312875113,6052857.461207966,3747535.2139682528,18307.0
داروخانه شبانه روزی,54.3739341,31.8795414,2101,pharmacy,6329261998,6052878.656439014,3747508.9296711776,18307.0
موسسه کوثر,54.3742428,31.8790971,2601,bank,6332914954,6052913.020765821,3747450.6849214453,18307.0
سنگکی,54.3860242,31.8831278,2502,bakery,6362079689,6054224.520214654,3747979.092940369,19553.0
نانوایی سنگکی,54.3912369,31.8880024,2502,bakery,6362115185,6054804.795324312,3748618.163634819,20018.0
پیتزا همبر ۱۳,54.3889927,31.839044,2302,fast_food,6366690613,6054554.972123073,3742201.1455063564,19893.0
مدرسه دخترانه دوره دوم حمیده خیراندیش,54.3948669,31.8335269,2082,school,6366691286,6055208.885075891,3741478.2281965334,20521.0
سوپرمارکت,54.3826955,31.8812563,2501,supermarket,6424247785,6053853.971025649,3747733.7441926603,19242.0
بانک صادرات,54.380587,31.8798726,2601,bank,7312875113,6053619.253879312,3747552.347952307,19087.0
بانک رفاه,54.3795526,31.8792209,2601,bank,6424247685,6053504.104998035,3747466.914242792,18931.0
سوپرمارکت,54.3794923,31.8790427,2501,supermarket,6424247785,6053497.392432741,3747443.553465652,18931.0
میوه فروشی کارگر,54.3815583,31.8842183,2528,greengrocer,6424890085,6053727.3785007205,3748122.0569324824,19084.0
بانک پاسارگاد,54.3765208,31.8745719,2601,bank,6424916885,6053166.606565849,3746857.477554619,18622.0
داروخانه آرمان,54.3767533,31.8776495,2101,pharmacy,6424943085,6053192.488347458,3747260.9162201965,18620.0
سکی,54.3743224,31.9035089,2405,hostel,6427392085,6052921.881797289,3750651.324615252,18291.0
سبزی فروشی,54.3800314,31.8793642,2528,greengrocer,6432290885,6053557.404770228,3747485.6999061205,18931.0
سوپر مارکت,54.3778649,31.8781468,2501,supermarket,6428512586,6053316.231093423,3747326.107908788,18776.0
داروخانه دکتر قاسمی,54.3770472,31.8744475,2101,pharmacy,6429807885,6053225.205145802,3746841.1704003667,18622.0
خشکشویی,54.3864353,31.8734734,2568,laundry,6432266886,6054270.283657319,3746713.4798515765,19559.0
سبزی فروشی,54.3844598,31.8752112,2528,greengrocer,6432290885,6054050.372003256,3746941.2814687495,19402.0
کلینیک سرطان دکتر سیدمحمدرضا مرتضویزاده,54.3556653,31.8856369,2120,doctors,6438346489,6050844.98292561,3748308.037199923,16431.0
داروخانه دکتر مربی,54.3773274,31.8717052,2101,pharmacy,6466747285,6053256.3968671225,3746481.697623161,18624.0
بانک سپه,54.3688697,31.8387545,2601,bank,6484133385,6052314.89000984,3742163.210633058,17866.0
خانه معلم شهید دادرس یزد,54.3814826,31.8617499,2401,hotel,6497355485,6053718.9516152665,3745176.802893211,19099.0
داروخانه دکتر وکیلیان,54.3846753,31.8714012,2101,pharmacy,6506253785,6054074.361353522,3746441.8486212464,19405.0
بيمه سلامت يزد,54.3794382,31.8791213,2005,post_office,6579525085,6053491.370048289,3747453.8573718835,18931.0
زورخانه ابوالفضل,54.3735722,31.905201,2252,pitch,6676695092,6052838.369915295,3750873.207895648,18290.0
مانتو اكسيژن,54.3576439,31.8830601,2512,clothes,6757860815,6051065.239670093,3747970.2175608044,16745.0
کامپیوتر ایران زمین ( خرید ، فروش ، تعمیرات,54.3594472,31.8448464,2546,computer_shop,6774791775,6051265.9821078405,3742961.4929186706,16926.0
داروخانه امامی,54.3932347,31.8907966,2101,pharmacy,6776356866,6055027.189403018,3748984.504603021,20328.0
دانشگاه فاطمه زهرا یزد,54.3929341,31.8889477,2081,university,6776356869,6054993.726764086,3748742.0984429233,20173.0
بانک قوامین,54.3933385,31.8917484,2601,bank,6776356871,6055038.744366163,3749109.295393159,20327.0
بانک کشاورزی,54.3891842,31.8858725,2601,bank,6776364363,6054576.28980556,3748338.9249374783,19863.0
داروخانه,54.3935686,31.8917082,2101,pharmacy,11949178792,6055064.358980995,3749104.02473273,20327.0
شهربازی,54.3971393,31.8799004,2744,theme_park,6776485900,6055461.84748677,3747555.9923682716,20647.0
مبل کسری Kasra Furniture,54.3801794,31.8853697,2544,furniture_shop,6789986285,6053573.880054865,3748273.006720522,18927.0
Mirza Reza Traditional & Historical Bath,54.3703741,31.9028515,2721,attraction,6794591847,6052482.35905179,3750565.1215500087,17980.0
Traditional Qanat Hotel,54.3717588,31.9045501,2401,hotel,6794595917,6052636.503150691,3750787.855585405,18135.0
Yazali Museum,54.3686419,31.9010854,2722,museum,6794617518,6052289.531429838,3750333.5407328475,17825.0
Hammam,54.3641252,31.8953795,2721,attraction,6794620751,6051786.734685771,3749585.381876686,17360.0
موزه آیینه و روشنایی یزد,54.3812808,31.8577517,2722,museum,6794905561,6053696.487342025,3744652.7769725537,19102.0
هنرستان پسرانه آفرینش هنر,54.3695748,31.8481752,2082,school,6797383866,6052393.381382799,3743397.720985328,17860.0
پیتزا پدربزرگ,54.3691997,31.8479479,2301,restaurant,6797383867,6052351.625441803,3743367.9335824903,17860.0
Cafe Q,54.3596661,31.8452097,2303,cafe,6797383868,6051290.3499443745,3743009.1013989425,16926.0
دندانپزشکی دکتر زهرا رضایی,54.3657528,31.8504774,2121,dentist,6797383869,6051967.918288987,3743699.425777153,17546.0
رستوران ایتالیایی کترووا,54.366099,31.8507554,2301,restaurant,6797383870,6052006.457096699,3743735.8583657024,17546.0
ذبیرستان پسرانه امام سجاد,54.3690363,31.8491541,2084,college,6797383871,6052333.435837006,3743526.005540109,17859.0
پله به پشت بام,54.3687865,31.8965794,2721,attraction,6813666288,6052305.628228206,3749742.709176704,17828.0
کتابخانه عمومی فرخی یزدی,54.3774549,31.8653289,2007,library,6823182385,6053270.5901021985,3745645.905451424,18628.0
کافه تایم یزد,54.3798503,31.8704673,2303,cafe,6849448427,6053537.244810445,3746319.4317365955,18937.0
علیرضا محقق,54.3952151,31.8250818,2120,doctors,6852588885,6055247.646522585,3740371.7325393623,20527.0
تاج برگر,54.3858324,31.8219767,2301,restaurant,6853409495,6054203.169136319,3739964.9209295474,19593.0
اغذیه جنوب,54.3720685,31.8362283,2302,fast_food,6855694085,6052670.97879699,3741832.192965405,18180.0
کافه‌چی,54.366402,31.8860271,2303,cafe,6855694086,6052040.186902409,3748359.193419403,17523.0
سونوگرافی و رادیولوژی دکتر بقائی,54.3687449,31.8815743,2120,doctors,6858171885,6052300.99733739,3747775.4328081366,17838.0
Coffee & drink Cold - Take away,54.3680196,31.8982626,2303,cafe,6860078485,6052220.257310716,3749963.4087833627,17827.0
Wheat Traveler House,54.3717594,31.9041402,2405,hostel,6861229885,6052636.569942386,3750734.1058383784,18135.0
کافه جنوب,54.3721425,31.8361107,2303,cafe,6899733985,6052679.216439309,3741816.783607454,18180.0
مزون شبنم,54.3865115,31.8730928,2512,clothes,6942732355,6054278.766202517,3746663.5890132426,19559.0
Mani Burger,54.360953,31.8462424,2301,restaurant,6943241997,6051433.606997077,3743144.4321162617,17081.0
Wheat,54.3716595,31.9040203,2405,hostel,6948600591,6052625.449125255,3750718.3835253282,18135.0
کافه رستوران اسپرلوس,54.3616774,31.8470921,2301,restaurant,7012220813,6051514.246836208,3743255.7826380213,17080.0
نانوایی یزدی,54.3768359,31.8792352,2502,bakery,7016107221,6053201.683337398,3747468.7888750136,18619.0
مجتمع امام رضا پیراپزشکی,54.3513792,31.8684565,2081,university,7059385104,6050367.8564561205,3746055.8575434736,16130.0
سوپر یاس,54.380598,31.8484927,2511,convenience,7064031746,6053620.478393711,3743439.329117012,19108.0
کبابی و صبخانه,54.3806544,31.8485474,2301,restaurant,7064056289,6053626.756812992,3743446.4975245567,19108.0
کباب ناب,54.3810701,31.8486043,2302,fast_food,7064056608,6053673.032325315,3743453.9542455086,19108.0
میوه فروشی نادر,54.3805364,31.8484435,2511,convenience,7064057183,6053613.621113079,3743432.881485339,18951.0
بوتیک مَروین,54.3585875,31.8471872,2512,clothes,7116456403,6051170.280741606,3743268.2452587723,16768.0
بازی فکری اسباب بازی و اموزشی  بازینو,54.3779027,31.8781753,2526,toy_shop,7173206607,6053320.438970176,3747329.844020645,18776.0
آرا,54.3744427,31.8972203,2401,hotel,7177430787,6052935.273532032,3749826.7429083893,18452.0
لوازم التحریر چمران,54.3780951,31.8783478,2523,stationery,7177610904,6053341.856840205,3747352.4573539253,18776.0
کافه تیک,54.3733034,31.8477786,2303,cafe,7190090062,6052808.44723617,3743345.747060456,18328.0
ساندویچ  گلبهار,54.3790862,31.8786253,2302,fast_food,7202184734,6053452.18558753,3747388.835413699,18776.0
نانوایی چمران,54.3790312,31.8785859,2502,bakery,7203490969,6053446.063015536,3747383.6703779986,18776.0
بانک صادرات,54.3596958,31.8771727,2601,bank,7312875113,6051293.656133252,3747198.412233074,16905.0
لوازم یدکی اتومبیل رضا,54.3921981,31.8803524,2501,supermarket,7540372881,6054911.795618862,3747615.247055525,20178.0
Noyan Fanavari Diana - Central Office,54.3336196,31.8512733,2501,supermarket,7574685255,6048390.866827428,3743803.730736298,14269.0
Khaled Quale ق‌هاله,54.3661543,31.8980654,2731,castle,7598036386,6052012.61306454,3749937.551895471,17515.0
گالری بابانوئلBaba Noel Gallery,54.3686601,31.8455607,2521,gift_shop,7688391401,6052291.55744457,3743055.0982094966,17862.0
سالن زیبایی پگاه,54.3786257,31.8284134,2561,hairdresser,7727105630,6053400.922962019,3740808.2340398263,18809.0
گروه پوشاک کاردو,54.3801145,31.8635303,2512,clothes,7734685389,6053566.655419912,3745410.159151,18941.0
لوازم آرایشی سعید,54.3700301,31.8824897,2501,supermarket,8007628508,6052444.0651469575,3747895.439141774,17993.0
مجتمع تجاری سیدالشهدا,54.3699052,31.8821929,2501,supermarket,8007632517,6052430.161342557,3747856.529376184,17993.0
بیفتک | سفارش آنلاین گوشت یزد | Beeftak,54.3820588,31.8259224,2516,butcher,8308243588,6053783.093905862,3740481.865271607,19278.0
اقامتگاه دلخش,54.3710317,31.9021916,2404,guesthouse,8349138318,6052555.562748936,3750478.591285826,17980.0
کافه رستوران ربانزو,54.372541,31.8456885,2301,restaurant,8361109546,6052723.57725639,3743071.845809625,18174.0
سالن زیبایی هما,54.3534029,31.8835618,2529,beauty_shop,8446544039,6050593.133709639,3748035.989915573,16277.0
کلینیک حاجی مقصودی,54.3722579,31.8313822,2111,clinic,8762787996,6052692.062708546,3741197.215274259,18183.0
مرکز خدمات جامع سلامت شهید فرشاد (مسکن),54.3827051,31.8707745,2111,clinic,8762815672,6053855.039692761,3746359.6997943004,19249.0
کافه لیلو,54.3748023,31.835741,2303,cafe,8790597603,6052975.304020921,3741768.3412214597,18492.0
اقامتگاه سنتی عندلیبان,54.3731115,31.9041561,2401,hotel,8805487317,6052787.085025888,3750736.1907838495,18291.0
تعمیرات دوچرخه اطلسی,54.3731187,31.8359605,2542,bicycle_shop,8911716717,6052787.886526221,3741797.102636315,18335.0
پوشاک رجال,54.3674154,31.8925887,2512,clothes,9000228183,6052152.99807438,3749219.4684561947,17674.0
کلانتری ۱۲ قائم,54.3728225,31.9001271,2001,police,9016243818,6052754.913693048,3750207.884986977,18138.0
کافه رستوران اربابان,54.3798921,31.8792453,2303,cafe,9083538956,6053541.89796516,3747470.112916129,18931.0
فروشگاه ارگانیک وکیل,54.379966,31.879306,2501,supermarket,9083587683,6053550.12447553,3747478.0702752005,18931.0
فروشگاه ارگانیک وکیل,54.3390073,31.8560723,2501,supermarket,9083587683,6048990.622847975,3744432.6724168425,14890.0
عمده فروشی وکیل,54.3769695,31.8526275,2501,supermarket,9083591522,6053216.555621368,3743981.2045674725,18637.0
آترینو,54.3746113,31.8586472,2561,hairdresser,9105100634,6052954.041998179,3744770.1441167034,18477.0
نمایشگاه اتومبیل یک دو سه,54.3534279,31.8735438,2504,mall,9238484639,6050595.916696909,3746722.7082373183,16283.0
سالن زیبایی تاج,54.400248,31.8609104,2529,beauty_shop,9312695425,6055807.906387799,3745066.7715549357,20972.0
رستوران مهر يزد,54.3890264,31.8733054,2301,restaurant,9324863684,6054558.723589913,3746691.4575959034,19871.0
فلافلی آبادان,54.3541831,31.852993,2302,fast_food,9355482418,6050679.985176356,3744029.1053872225,16452.0
گروه آواتل,54.3781341,31.8727188,2525,mobile_phone_shop,9426015342,6053346.198300346,3746614.563534696,18780.0
پوشاک سایز بزرگ زنانه وست,54.3646712,31.8713815,2512,clothes,9582624431,6051847.5151277445,3746439.2663055905,17376.0
دبستان دخترانه زکیه,54.3730762,31.8497353,2082,school,9665510843,6052783.155447862,3743602.1722719707,18326.0
استخر زمزم,54.3290796,31.8524266,2253,swimming_pool,9665510861,6047885.476339227,3743954.8755794168,13801.0
دبیرستان نمونه دخترانه اویسی,54.3726986,31.8502872,2082,school,9665510881,6052741.121208139,3743674.4996593376,18326.0
عمارت وکیل,54.3856865,31.8437463,2301,restaurant,9713297917,6054186.927622613,3742817.3319670446,19578.0
خانه سنتی و رستوران هفت خوان,54.3625751,31.8933041,2301,restaurant,9725922151,6051614.178343093,3749313.26647493,17206.0
دبیرستان پسرانه دوره اول امام حسین(ع),54.3545848,31.8744956,2082,school,9788594078,6050724.7022158075,3746847.4756559525,16438.0
ساختمان پزشکان تریتا,54.3573046,31.8781794,2120,doctors,9810990034,6051027.468966867,3747330.3814964816,16748.0
دبیرستان پسرانه شاهد جعفری نعیمی,54.3592319,31.8511764,2082,school,9811554689,6051242.015021472,3743791.031667516,16922.0
بازرگاني سايتل,54.3772292,31.8722981,2544,furniture_shop,9847892360,6053245.465293127,3746559.41666334,18624.0
بومگردی شمس تبریزی,54.372388,31.9029803,2405,hostel,9850433500,6052706.5453742985,3750582.0106934817,18136.0
کافه رستوران مسیح,54.3626321,31.8277798,2303,cafe,9870364986,6051620.523554068,3740725.2194545344,17249.0
موبایل و لوازم جانبی مستر آزاد,54.3625963,31.848159,2525,mobile_phone_shop,9897011300,6051616.538316298,3743395.5979915825,17236.0
Romano,54.3364004,31.8568635,2301,restaurant,9993204907,6048700.4240674265,3744536.367716177,14578.0
فست فود رومانو 03538218021,54.3364206,31.8567794,2302,fast_food,10004958750,6048702.67272114,3744525.345461231,14578.0
الویه مهروند شعبه مدرس,54.3909363,31.8541995,2302,fast_food,10009222074,6054771.332685379,3744187.22530956,20040.0
Venice Coffee,54.3683628,31.900596,2303,cafe,10015119701,6052258.462159958,3750269.368679563,17826.0
Zaman Café,54.3706124,31.8999439,2301,restaurant,10015159246,6052508.8864864465,3750183.8632924077,17981.0
باشگاه دانشجویان یزد,54.3577223,31.8388803,2081,university,10045268394,6051073.967118172,3742179.6949260714,16774.0
فروشگاه تاسیسات نوین شجره,54.3720534,31.8662434,2543,doityourself,10072648342,6052669.297872679,3745765.772661825,18160.0
Papasi cafe,54.3695173,31.9004728,2301,restaurant,10075242206,6052386.980512078,3750253.2142646536,17826.0
Tourism cafe,54.3688803,31.8391395,2303,cafe,10075259241,6052316.069996443,3742213.6594543983,17866.0
Adobe Al-Mamalek Hotel,54.366465,31.8985844,2401,hotel,10075312345,6052047.20003033,3750005.603357296,17515.0
رستوران سنتی عمارت عقیق,54.3767073,31.8868831,2301,restaurant,10090338220,6053187.367650882,3748471.4179712697,18614.0
داروخانه دکتر ابریشم دکتر افلاطونیان,54.3569639,31.8756307,2101,pharmacy,10106270967,6050989.542416354,3746996.2727779504,16594.0
دکتر زهرا نظامی,54.3765318,31.8244091,2111,clinic,10173046681,6053167.831080248,3740283.5982522303,18655.0
دکتر منصور سعادتی,54.3833703,31.8555727,2120,doctors,10180298283,6053929.089418038,3744367.1949030263,19259.0
هنرستان هنرهای زیبا,54.356251,31.8569225,2082,school,10183161485,6050910.182751367,3744544.1003386085,16606.0
بوتیک هتل هومان یزد,54.3670558,31.8985422,2401,hotel,10212522289,6052112.967585491,3750000.070064181,17670.0
هتل دالان,54.3712192,31.8837711,2401,hotel,10212643301,6052576.435153459,3748063.429036531,17992.0
پوشاک زنانه گلاویژ,54.3892094,31.8537164,2512,clothes,10259173092,6054579.095056728,3744123.911563933,19884.0
دبیرستان دخترانه ادب,54.3777376,31.8988127,2082,school,10284388039,6053302.060122246,3750035.538254782,18763.0
باربیکیو,54.3759897,31.836296,2302,fast_food,10294027797,6053107.484784288,3741841.0638376903,18647.0
هایپر جامینو مرکز خرید,54.3946089,31.8280654,2501,supermarket,10296614691,6055180.164647267,3740762.638837217,20369.0
کتابخانه حضرت زهرا (س),54.3966139,31.8175375,2007,library,10296652656,6055403.360226307,3739383.347286233,20688.0
دبستان پسرانه جمشیدی,54.3990455,31.8172035,2082,school,10296662089,6055674.04470012,3739339.59152472,20844.0
میوه فروشی بهار,54.4014256,31.8528404,2528,greengrocer,10550639377,6055938.9962201575,3744009.1062804325,21132.0
هتل رویای قدیم,54.3718475,31.8901478,2401,hotel,10595713048,6052646.377189525,3748899.4409751873,18144.0
اقامتگاه سنتی الماس یزد,54.3714103,31.901584,2401,hotel,10595749030,6052597.70830815,3750398.919477205,18137.0
هتل پردیسان,54.3686235,31.8832608,2401,hotel,10595750595,6052287.483151207,3747996.5290817,17837.0
هتل دوستانه,54.3704521,31.9023542,2401,hotel,10595753314,6052491.041972072,3750499.912369243,17980.0
اقامتگاه بوم گردی کوبه,54.3656677,31.8926619,2401,hotel,10595772283,6051958.445000321,3749229.065871664,17519.0
اقامتگاه بومگردی عمارت بانو,54.372907,31.9056132,2401,hotel,10595776188,6052764.32019002,3750927.259862904,18290.0
هتل رستوران دالان بهشت,54.3717523,31.9017069,2401,hotel,10595846708,6052635.779574,3750415.034749585,18137.0
اقامتگاه سنتی شمعدونی,54.373949,31.9036322,2401,hotel,10595859513,6052880.3150994275,3750667.492675829,18291.0
اقامتگاه بوم گردی شهرزاد یزد,54.3736929,31.8869366,2401,hotel,10595859514,6052851.806177835,3748478.4320403943,18302.0
هتل آواسا یزد,54.3748637,31.8974533,2401,hotel,10595870438,6052982.139037655,3749857.2936220993,18452.0
هتل رستوران راه و ما,54.3761873,31.8257875,2401,hotel,10595878365,6053129.481515669,3740464.1910361024,18654.0
هتل حس خوب,54.367788,31.8982901,2401,hotel,10595922586,6052194.475716649,3749967.0145910955,17671.0
هتل خوان سالار,54.3767399,31.9020417,2401,hotel,10595930688,6053190.996666281,3750458.9355356507,18604.0
اقامتگاه بوم گردی سنتی گنجه,54.3663168,31.8870733,2401,hotel,10595936187,6052030.702481794,3748496.3539887955,17522.0
هتل مالمير,54.3761283,31.9023274,2401,hotel,10595950140,6053122.913665712,3750496.398190539,18604.0
هتل گیتی,54.3726683,31.9047787,2401,hotel,10595966922,6052737.748227568,3750817.8317620168,18135.0
کلینیک دندانپزشکی بهار,54.363682,31.8750094,2121,dentist,10617501495,6051737.3978874525,3746914.8280509147,17374.0
جمعیت هلال احمر شهرستان یزد,54.3757716,31.8754508,2111,clinic,10677818385,6053083.2060033465,3746972.690061888,18466.0
فرش دستباف خانی,54.3640231,31.896338,2505,department_store,10767024605,6051775.368965762,3749711.057365779,17360.0
دبیرستان پسرانه ملاصدرا,54.3748757,31.8868433,2082,school,10823521696,6052983.474871544,3748466.2000308996,18459.0
داروخانه دکتر ثقفی,54.3603054,31.8854201,2101,pharmacy,10839248662,6051361.51649484,3748279.6142582605,17055.0
خشکشویی معین,54.3452688,31.8475612,2568,laundry,10840503895,6049687.649839577,3743317.2571621714,15520.0
boutique hotel darbar | بوتیک هتل دربار,54.3744715,31.8857002,2401,hotel,10846649312,6052938.479533366,3748316.335977335,18459.0
Roseland رزلند,54.3852384,31.8419441,2513,florist,10858763631,6054137.045358788,3742581.1690907404,19424.0
هایپر گندم,54.3868861,31.8997733,2501,supermarket,10862004398,6054320.466483768,3750161.493787943,19698.0
کلینیک دندانپزشکی فرهنگ,54.3595143,31.845031,2121,dentist,10968953558,6051273.451645673,3742985.683716759,16926.0
کلینیک زیبایی دکتر عاطفه رحیمی,54.3818782,31.8521686,2120,doctors,10973280619,6053762.989605825,3743921.063424027,19105.0
کافه رهاو,54.3731618,31.8483829,2303,cafe,11005544270,6052792.684396273,3743424.939894955,18327.0
دکتر علی عقیلی,54.3841219,31.8408691,2121,dentist,11016778718,6054012.757147318,3742440.3017434548,19425.0
لباس زیر مادام,54.3779076,31.8365073,2512,clothes,11045614748,6053320.984435681,3741868.750959514,18804.0
بانک پارسیان,54.3856017,31.8417707,2601,bank,11049256435,6054177.487729793,3742558.4467489985,19580.0
سوپر پروتئین سیانا,54.3845646,31.8654598,2516,butcher,11083198824,6054062.0382858915,3745663.0629704464,19409.0
کباب سرای خندان شعبه 2,54.3550218,31.8162235,2301,restaurant,11097035801,6050773.348833284,3739211.207269588,16476.0
سوپر لیمو,54.3990666,31.8542769,2511,convenience,11111178978,6055676.393541375,3744197.3691696404,20976.0
فروشگاه ایساتیس( مرشدی),54.3841602,31.851126,2543,doityourself,11111297138,6054017.020683815,3743784.4265843844,19418.0
گل فروشی گل برای گل,54.369463,31.8441928,2513,florist,11118587327,6052380.935863729,3742875.84268141,18018.0
مسترمبل,54.3811699,31.8845122,2544,furniture_shop,11136169116,6053684.142010496,3748160.5873616883,19084.0
کفش محمد,54.3874648,31.8898484,2517,shoe_shop,11151744674,6054384.88707309,3748860.187092558,19705.0
بوتیک هتل کتروا,54.3672971,31.8908606,2401,hotel,11200310037,6052139.82897862,3748992.895622213,17675.0
عینک معین,54.3615913,31.8749279,2519,optician,11219786813,6051504.662228051,3746904.144452109,17062.0
هایپرمارکت زاگرس,54.3843546,31.8410894,2501,supermarket,11297185057,6054038.661192825,3742469.169587977,19425.0
هایپر یو,54.3784913,31.8462184,2501,supermarket,11297339601,6053385.961622457,3743141.2870063805,18797.0
رستوران دورهمی یزد,54.3623579,31.8247916,2301,restaurant,11329560248,6051589.999749693,3740333.7116933526,17251.0
مزون امیر,54.3723405,31.8465248,2512,clothes,11348130972,6052701.257698486,3743181.4396373243,18173.0
جوجه رسمی اقایی,54.3287193,31.8550446,2516,butcher,11364433031,6047845.367926694,3744297.982568456,13799.0
نمایشگاه اتومبیل آرمان,54.3978594,31.8549986,2541,car_dealership,11365838981,6055542.008652091,3744291.953866545,20819.0
مدرسه ولی عصر,54.3869054,31.8877554,2082,school,11374945431,6054322.614949942,3748585.7805824154,19706.0
رستوران اطلس,54.3790466,31.8273896,2301,restaurant,11391617119,6053447.777335694,3740674.0955411047,18965.0
بوستان بهشت,54.3947657,31.9261834,2204,park,11397747893,6055197.619543423,3753624.9468344585,20460.0
بلوک جنان 1,54.395479,31.9263017,2015,graveyard,11397751906,6055277.023736206,3753640.463079352,20460.0
بلوک جنان 2,54.3964376,31.9261425,2015,graveyard,11397754653,6055383.73460008,3753619.582389262,20617.0
بلوک رحمت 1,54.3967859,31.929604,2015,graveyard,11397756376,6055422.507178723,3754073.6012752443,20615.0
بلوک معراج 3,54.3937312,31.9275072,2015,graveyard,11397756507,6055082.459530197,3753798.5777696306,20304.0
بلوک معراج 5,54.3946424,31.928232,2015,graveyard,11397768291,6055183.893850208,3753893.6443232666,20459.0
بلوک معراج 5,54.3942671,31.9287343,2015,graveyard,11397768291,6055142.115645314,3753959.5276683667,20303.0
بلوک معراج 1,54.3933616,31.926699,2015,graveyard,11397769679,6055041.3158464,3753692.5731501793,20304.0
بلوک معراج 6,54.3932928,31.929408,2015,graveyard,11397771433,6055033.657065433,3754047.8929748414,20303.0
بلوک معراج 2,54.3918015,31.9275817,2015,graveyard,11397773010,6054867.646308813,3753808.3493386162,20147.0
بلوک معراج 4,54.3921962,31.9282517,2015,graveyard,11397773849,6054911.58411183,3753896.228234261,20147.0
بلوک سبحان,54.3980489,31.9284831,2015,graveyard,11397795791,6055563.103695595,3753926.579392661,20771.0
نقره رحیمی,54.3722259,31.8477671,2520,jeweller,11496764925,6052688.50048484,3743344.240003437,18172.0
فروشگاه شهر جانبی یزد,54.3798118,31.864029,2525,mobile_phone_shop,11514320188,6053532.95901005,3745475.524352296,18941.0
گندم,54.3695554,31.8348872,2512,clothes,11522153580,6052391.221784677,3741656.4671749976,18024.0
آرایشگاه مهروماه,54.3647997,31.8507378,2561,hairdresser,11539692666,6051861.819682312,3743733.551838854,17390.0
بازارچه میوه شهرداری,54.3856075,31.8316588,2016,market_place,11583781639,6054178.13338284,3741233.456887377,19586.0
موزه دیدنی های یزد,54.3701379,31.8940346,2722,museum,11584056092,6052456.065388065,3749409.0450473307,17985.0
کافه میلانو,54.3617253,31.8744509,2303,cafe,11586121370,6051519.579039818,3746841.6160940006,17062.0
شهر جانبی یزد shahr janebi yazd,54.3798267,31.8639876,2525,mobile_phone_shop,11592365541,6053534.6176704625,3745470.097991666,18941.0
مطب دکتر مهدی کریمی فوق تخصص ریه,54.3554833,31.8853119,2120,doctors,11594280819,6050824.722778286,3748265.429032883,16431.0
نانوایی تنوری,54.3663123,31.8514491,2502,bakery,12038653968,6052030.2015440855,3743826.7699477794,17546.0
بلوک رحمت 2,54.3957845,31.9317894,2015,graveyard,11617766152,6055311.031840643,3754360.252537046,20457.0
مهدیه,54.3951474,31.9316813,2015,graveyard,11617795846,6055240.110193059,3754346.0732785724,20457.0
لادن,54.3688315,31.8155232,2501,supermarket,11627344603,6052310.637605292,3739119.4657635246,17881.0
نانوایی تنوری,54.3639095,31.8129613,2502,bakery,12038653968,6051762.723071607,3738783.8547204453,17414.0
دبستان پسرانه جواد الائمه,54.376058,31.8317884,2082,school,11627393614,6053115.087905509,3741250.437810718,18650.0
دبستان دخترانه جواد الائمه,54.3766266,31.8318385,2082,school,11627411510,6053178.384167975,3741257.0022018263,18650.0
ساختمان پزشکان ایران,54.3778611,31.8725442,2111,clinic,11639828853,6053315.808079358,3746591.6763072265,18780.0
مجتمع پزشکان سینا,54.3790815,31.8727034,2120,doctors,11639837690,6053451.662385923,3746612.544842786,18780.0
داروخانه هلال احمر یزد,54.3677108,31.8817845,2101,pharmacy,11639886176,6052185.88185196,3747802.989324163,17681.0
پیرایش و آرایشگاه کلاسیک,54.3375178,31.8620877,2561,hairdresser,11727385058,6048824.812466439,3745221.0778466426,14731.0
نانوایی سنگک,54.360499,31.8187136,2502,bakery,12030231108,6051383.067948257,3739537.4238487743,17099.0
تالار عروسی فرهنگیان,54.3806328,31.8337545,2401,hotel,11746639036,6053624.352311991,3741508.0502523617,18961.0
استخر شنای فرهنگیان,54.3815984,31.8344198,2253,swimming_pool,11746656296,6053731.8424123,3741595.223845174,19117.0
مدرسه امام حسن مجتبی,54.3801232,31.8346842,2082,school,11746660753,6053567.623899482,3741629.8680869276,18960.0
نانوایی ماشینی,54.3620668,31.8085252,2502,bakery,11757127043,6051557.594645923,3738202.743923946,17262.0
رستوران راک,54.3752419,31.8770658,2301,restaurant,11759000834,6053024.240069074,3747184.398694783,18465.0
مزون نورا,54.3795277,31.8642902,2512,clothes,11760251620,6053501.333142715,3745509.760287634,18941.0
الویه مهروند,54.3792725,31.878802,2501,supermarket,11763334302,6053472.924408665,3747411.9994461606,18931.0
عينك آركا,54.3562758,31.886387,2519,optician,11775086501,6050912.943474739,3748406.3774234154,16587.0
مجموعه زیرزمینی تاریخی دروازه مهریز,54.3682346,31.8964581,2721,attraction,11796041371,6052244.191001238,3749726.8045902513,17828.0
رستوران نادر کباب,54.3605286,31.8211646,2302,fast_food,11804811112,6051386.363005185,3739858.5267071533,17097.0
هنرستان پسرانه شهدای نعیم آباد,54.3714823,31.8569637,2082,school,11834608825,6052605.723311487,3744549.500071103,18166.0
نانوایی کرونو,54.3716862,31.8564056,2502,bakery,11834612605,6052628.421355659,3744476.354870647,18167.0
نانوایی تنوری,54.3594039,31.8907399,2502,bakery,12038653968,6051261.161973889,3748977.070689327,16896.0
فست فود ترد و خاص,54.3539833,31.8426377,2302,fast_food,11865559693,6050657.743542096,3742672.0588847813,16459.0
گیتا مد(پوشاک و کیف و کفش زنانه),54.3697528,31.882691,2512,clothes,11898859475,6052413.19625216,3747921.8291585897,17993.0
مجموعه عینک مهران,54.3659551,31.8894098,2519,optician,11900948753,6051990.438221974,3748802.6831382094,17521.0
دکتر سرتیپ زاده(متخصص قلب),54.3583186,31.8763567,2120,doctors,11903647197,6051140.346930532,3747091.4430727297,16749.0
دکتر گلشن(متخصص نوزادان),54.3573005,31.8799122,2120,doctors,11903676175,6051027.012556955,3747557.539278978,16591.0
سوپرگل اورینتال,54.3964319,31.8674142,2513,florist,11909583773,6055383.100078983,3745919.235884909,20655.0
قهوه خانه و چایخانه سنتی تاج,54.3828689,31.9080509,2303,cafe,11918257038,6053873.273825353,3751246.921485453,19224.0
داروخانه,54.3568424,31.884811,2101,pharmacy,11949178792,6050976.017098223,3748199.7603092543,16588.0
رادیولوژی و سونوگرافی دی,54.3587146,31.8816816,2120,doctors,11944034743,6051184.429448886,3747789.4994709254,16902.0
بانک ملی,54.3583069,31.8816224,2601,bank,11944115490,6051139.04449249,3747781.7385514984,16746.0
آرایشی گل یخ,54.364221,31.8498935,2514,chemist,11944665745,6051797.39909299,3743622.9045935147,17390.0
داروخانه,54.3794386,31.8260977,2101,pharmacy,11949178792,6053491.414576085,3740504.8326451383,18966.0
مهمانسرای بیمارستان شهید صدوقی,54.379047,31.8252818,2404,guesthouse,11949236064,6053447.82186349,3740397.9358108668,18811.0
نانوایی سنگک,54.3802298,31.8253114,2502,bakery,12030231108,6053579.490557201,3740401.8138998724,18966.0
اورژانس اطفال بیمارستان شهید صدوقی,54.379857,31.8247553,2110,hospital,11949323643,6053537.990651034,3740328.955820612,18967.0
آموزشگاه مراقبت و زیبایی رویال,54.3815583,31.8357433,2561,hairdresser,11953394880,6053727.3785007205,3741768.642593561,19116.0
باشگاه انرژی,54.3857896,31.8126074,2251,sports_centre,11971895878,6054198.404662114,3738737.4942562114,19599.0
پارس طلا - مرکز تولید و پخش طلا,54.3670056,31.896284,2520,jeweller,11974902441,6052107.379347052,3749703.9770217524,17672.0
لوازم قنادی نارنجی,54.36912,31.8389656,2502,bakery,11975308314,6052342.753278386,3742190.8722853926,17866.0
سالن vip مهربان من,54.3645088,31.8261188,2529,beauty_shop,11982265749,6051829.436842441,3740507.597118026,17406.0
موسسه عینک آفتاب دیدافزا,54.3799614,31.8641926,2519,optician,11991785940,6053549.612405872,3745496.967675634,18941.0
Saman Dental Clinic,54.3796338,31.8340296,2111,clinic,12000494839,6053513.144140689,3741544.096253691,18961.0
دبستان غیرانتفاعی دخترانه آبان,54.3731035,31.8424031,2082,school,12014391869,6052786.194469961,3742641.316672086,18331.0
نانوایی تنوری,54.3629952,31.8492471,2502,bakery,12038653968,6051660.943661176,3743538.193233357,17235.0
کلانتری 17,54.3382927,31.8473502,2001,police,12025142001,6048911.073939854,3743289.606037159,14740.0
نانوایی سنگک,54.3454978,31.8499523,2502,bakery,12030231108,6049713.142002969,3743630.6104212063,15518.0
نانوایی تنوری,54.3446287,31.8502895,2502,bakery,12038653968,6049616.39423352,3743674.8010789617,15518.0
دبیرستان دخترانه سما,54.346399,31.8497768,2082,school,12030273669,6049813.463128072,3743607.610899024,15675.0
نانوایی تنوری,54.3578495,31.888487,2502,bakery,12038653968,6051088.1269574,3748681.697600523,16741.0
سالن زیبایی نجمه مقدم,54.3958607,31.8281291,2529,beauty_shop,12040480000,6055319.514385842,3740770.9848427735,20525.0
کلینیک دندانپزشکی تبسم رویایی,54.3308769,31.8571791,2121,dentist,12100983311,6048085.55086003,3744577.730750667,14110.0
جواهری محسن رحیمی,54.3685552,31.8964068,2520,jeweller,12104246806,6052279.880029987,3749720.0782545544,17828.0
داروخانه دکتر کفیری,54.3965948,31.8248583,2101,pharmacy,12105841502,6055401.234024033,3740342.4504506206,20683.0
مرکز خرید دوچرخه وموتور شارژی واسکوتر شیخ,54.381148,31.884534,2542,bicycle_shop,12118214708,6053681.704113648,3748163.445356912,19084.0
مجموعه مراقبت و زیبایی آقامیری,54.3668316,31.8372493,2529,beauty_shop,12157380318,6052088.009755654,3741965.977417211,17711.0
کلینیک دامپزشکی وین,54.3738142,31.8473893,2129,veterinary,12163677430,6052865.309232067,3743294.73000863,18328.0
درمانگاه شبانه روزی رازی,54.3864257,31.8967335,2111,clinic,12169384629,6054269.214990207,3749762.9144564904,19544.0
قصر پیرایش مهدی,54.4033013,31.8569772,2561,hairdresser,12192480688,6056147.798189038,3744551.26940145,21286.0
فروشگاه میم استور,54.4003272,31.8612817,2546,computer_shop,12196731060,6055816.7228914695,3745115.4368701903,20971.0
کافه رف,54.3695264,31.8366639,2303,cafe,12243639948,6052387.993519444,3741889.2706562523,18023.0
خوشحالی فروشی دیزنی,54.3696538,31.8463734,2521,gift_shop,12250125217,6052402.175622571,3743161.599188785,17861.0
دبستان پسرانه جوادالائمه ۲,54.3722709,31.8311487,2082,school,12256541842,6052693.509861926,3741166.6209384743,18183.0
بوتیک نازیلا,54.3568182,31.8863848,2512,clothes,12257976231,6050973.3231665455,3748406.0889960453,16587.0
مطب دکتر عباسعلی دهقان,54.3620778,31.8775855,2120,doctors,12309069997,6051558.819160322,3747252.5264044707,17217.0
خانه بوم گردی مأوا,54.3619477,31.89418,2405,hostel,12320776702,6051544.33649457,3749428.1090728864,17206.0
مطب فرشته ها,54.3757091,31.8351388,2110,hospital,12328599615,6053076.248535172,3741689.4344018055,18648.0
دکتر مهدی نژاد.متخصص ارتوپدی,54.3838916,31.8556933,2120,doctors,12329959716,6053987.120268588,3744383.000691532,19415.0
کلینیک دندانپزشکی آراد,54.3717753,31.8365421,2120,doctors,12330037511,6052638.339922289,3741873.3108891123,18180.0
گلفروشی چشم انداز سعید,54.3804247,31.8918191,2513,florist,12338969646,6053601.186725957,3749118.5649433243,18923.0
مطب و كلينيك دكتر وحيدفر,54.3567761,31.8834606,2120,doctors,12345231021,6050968.636615983,3748022.7226706585,16589.0
گالری عروسک آریانا,54.3702312,31.8823556,2526,toy_shop,12357737269,6052466.4514965555,3747877.858939033,17993.0
عینک شهاب,54.379207,31.8311127,2519,optician,12378834865,6053465.6329820175,3741161.9040456247,18963.0
0039pasta کافه,54.3674488,31.847412,2303,cafe,12415820120,6052156.716145372,3743297.7047961336,17704.0
مزون عروس یاسمین,54.3550112,31.8729101,2512,clothes,12421816050,6050772.168846682,3746639.6399110295,16439.0
دکتر پارسائیان فلوشیپ فوق تخصصی سوختگی و ترمیمی,54.3600618,31.8864492,2120,doctors,12462451123,6051334.399066882,3748414.532054632,16899.0
همراهان سبز,54.3749149,31.8780412,2513,florist,12466723823,6052987.838595584,3747312.2646412426,18464.0
مرکز طب سوزنی جدید یزد,54.3589583,31.884057,2120,doctors,12467702110,6051211.558008792,3748100.910478337,16900.0
دکتر مهدیه کمالی متخصص زنان زایمان,54.3592352,31.8805993,2120,doctors,12475275296,6051242.382375793,3747647.614395748,16903.0
رستوران نقش جهان(چایی فروش-حسینی),54.3801402,31.9110841,2301,restaurant,12478149839,6053569.516330825,3751644.684317997,18910.0
salman,54.3677995,31.8918959,2303,cafe,12478888322,6052195.755890793,3749128.634278869,17675.0
سالن زیبایی حدیث سلیمی,54.3689741,31.8385225,2529,beauty_shop,12481560289,6052326.511764679,3742132.8104059966,17866.0
موبایل اچ دی,54.377312,31.872049,2525,mobile_phone_shop,12492424539,6053254.682546965,3746526.763856757,18624.0
تابلوسازی شبرنگ,54.377798,31.8874883,2501,supermarket,12495392420,6053308.783819489,3748550.7624077005,18770.0
آموزشگاه و سالن مهدیس ابراهیمی,54.3702234,31.8314856,2529,beauty_shop,12535647404,6052465.583204527,3741210.763283226,18026.0
دکتر علی عقیلی جراح-دندانپزشک,54.3836787,31.8402145,2120,doctors,12548755056,6053963.420348998,3742354.5241609444,19425.0
کامپیوتر مسلم,54.3887279,31.8837841,2546,computer_shop,12550944979,6054525.494721911,3748065.1333318143,19864.0
سوپر شهرک,54.3862561,31.9122786,2511,convenience,12553417729,6054250.335204568,3751801.330308694,19533.0
سالن زیبایی بانو دهقان,54.3729837,31.8480709,2529,beauty_shop,12582011402,6052772.858394964,3743384.0525815105,18172.0
دانشگاه علمی کاربردی,54.3567036,31.8618571,2081,university,12587118078,6050960.565952901,3745190.8534233226,16603.0
اداره کل پست استان یزد,54.3552478,31.8614082,2005,post_office,12587135611,6050798.507038204,3745132.016937523,16447.0
خوابگاه دانشکده,54.3493186,31.8660948,2402,motel,12587135669,6050138.4715133915,3745746.2949784226,15820.0
دانشکده پیراپزشکی شهید صدوقی یزد,54.3510301,31.8681862,2081,university,12587135724,6050328.994821885,3746020.427255673,15975.0
فرماندهی نیروی انتظامی استان یزد,54.3476152,31.8678841,2001,police,12587135732,6049948.849892775,3745980.8288216866,15663.0
سالن ورزشی,54.3301226,31.8519613,2252,pitch,12587135753,6048001.582568125,3743893.8958188724,13957.0
یگان ویژه استان یزد,54.3834705,31.8573062,2001,police,12587136527,6053940.243631015,3744594.388717412,19414.0
مرکز آموزش فنی و حرفه ای شماره 2 آزادگان یزد,54.3326837,31.8474034,2082,school,12588153354,6048286.682915995,3743296.577784042,14272.0
سالن زیبایی ویدا شهیدی,54.367114,31.8102643,2529,beauty_shop,12589574570,6052119.446379855,3738430.5555225383,17728.0
سالن زیبایی یلدا,54.3847556,31.8376139,2529,beauty_shop,12599302540,6054083.300308633,3742013.752321571,19427.0
سالن زیبایی الوان خواجه نسب,54.3615606,31.8526298,2529,beauty_shop,12600230521,6051501.244719683,3743981.5059947474,17077.0
طلا فروشی حسینیان,54.3678019,31.8952793,2520,jeweller,12609196800,6052196.023057572,3749572.2440450713,17673.0
قطعات موبایل فیکسل,54.3817049,31.8911759,2525,mobile_phone_shop,12620494561,6053743.697938071,3749034.2345878454,19080.0
گالری کفش پاپوش,54.3875903,31.841627,2517,shoe_shop,12629920627,6054398.857669185,3742539.616328601,19736.0
سالن تخصصی ناخن مرجان,54.3773808,31.8496676,2529,beauty_shop,12633328444,6053262.341327931,3743593.300107309,18795.0
نان فانتزی و پروتئینی بهشت نان,54.3766871,31.8954595,2501,supermarket,12638158610,6053185.118997168,3749595.871173671,18608.0
گالری اتومبیل عباسی نژاد,54.3738596,31.8540781,2541,car_dealership,12644847890,6052870.36313695,3744171.314931185,18324.0
کافه فست فود زرگران,54.3709411,31.8994969,2303,cafe,12645060979,6052545.47720307,3750125.251607276,17982.0
سالن زیبایی و آموزشگاه زهره حکاکیان,54.3484878,31.8434075,2529,beauty_shop,12647166421,6050045.987280441,3742772.9347763355,15835.0
کلینیک پوست و مو بیات بیوتی,54.3687135,31.8445831,2120,doctors,12651865172,6052297.501905378,3742926.9890092793,17862.0
کافه رستوران کندلوس,54.3865546,31.8317964,2303,cafe,12656823136,6054283.564072571,3741251.4860166456,19586.0
کبابی وجگرکی دهقان 1,54.3700764,31.8934029,2301,restaurant,12658128896,6052449.219239381,3749326.2204660205,17986.0
رستوران پاسارگاد(نارنجستان ),54.3799858,31.8638956,2301,restaurant,12658179534,6053552.328601448,3745458.0394212124,18941.0
کلینیک دامپزشکی پرشین,54.3685807,31.8453953,2129,veterinary,12694643160,6052282.718677001,3743033.423337362,17862.0
دپارتمان زیبایی آوانا,54.3687225,31.8741481,2529,beauty_shop,12749129040,6052298.503780795,3746801.923207803,17843.0
هپی باکس (باکس شادی),54.3589072,31.8460617,2521,gift_shop,12755560786,6051205.869582812,3743120.752079896,16925.0
دفتر گردشگری هتلگرد,54.3606992,31.844379,2567,travel_agent,12757062301,6051405.354110314,3742900.242977884,17082.0
پوشاک سایز بزرگ زنانه سارا,54.384434,31.8410608,2512,clothes,12769229470,6054047.499960395,3742465.4218748086,19425.0
مزون ارغوان,54.3696025,31.8932077,2512,clothes,12771943396,6052396.464932694,3749300.627169087,17986.0
باشگاه تخصصی کونگ فو استاد مرتضی بابایی,54.3558749,31.8448217,2251,sports_centre,12777008502,6050868.31549088,3742958.256125415,16614.0
مرکز تخصصی ماساژ و کایروپراکتیک دکتر بابائی,54.3917655,31.844425,2120,doctors,12784814345,6054863.638807145,3742906.2709856736,20202.0
نانوایی لتیر نون و نمک,54.4265905,31.771561,2502,bakery,12794404224,6058740.340074021,3733361.670663974,23682.0
تولید و تعمیر مبل,54.4074481,31.9001036,2544,furniture_shop,12817186442,6056609.41785346,3750204.8035988105,21725.0
دکتر خدارحمی,54.3778184,31.8726424,2120,doctors,12826189892,6053311.054737102,3746604.5487287953,18780.0
عینک محمدی,54.3570668,31.8833731,2519,optician,12833421245,6051000.997191956,3748011.251497331,16589.0
کافه لوئیزا,54.3736661,31.9005156,2303,cafe,12836584590,6052848.822815482,3750258.826347901,18293.0
موبایل مستر پرای,54.3978062,31.8574575,2525,mobile_phone_shop,12848437280,6055536.086455179,3744614.2184119327,20817.0
نمایندگی مدیران خودرو توانگر یزد,54.4010275,31.8736299,2541,car_dealership,12864252980,6055894.679930872,3746733.9946675356,21119.0
قهوه نیک عهد,54.3636708,31.8133329,2303,cafe,12953762006,6051736.151109155,3738832.534054071,17414.0
گالری طلاریز,54.369124,31.8966589,2520,jeweller,13031128387,6052343.198556349,3749753.13305141,17828.0
دکتر صدیقه حاجی هاشمی متخصص قلب و عروق و انژیوگرافی,54.3773382,31.8733951,2120,doctors,13050185553,6053257.599117623,3746703.215902418,18623.0
کافه و رستوران دنگی دونگی,54.3530749,31.8431847,2301,restaurant,13075762227,6050556.620916659,3742743.7386016534,16303.0
کلینیک سو مصرف مواد رز,54.3498583,31.8509624,2111,clinic,13081250134,6050198.550642573,3743762.9862997276,15986.0
موسسه عینک طبی آسمان,54.3580766,31.8809856,2519,optician,13093057614,6051113.407613759,3747698.2565443935,16746.0
کافه دم دم,54.3650556,31.8398779,2303,cafe,13123167005,6051890.306340005,3742310.4169516843,17397.0
دندانپزشکی دکتر عسکری وزیری,54.3763411,31.853716,2121,dentist,13131197777,6053146.602453353,3744123.8591411803,18636.0
دکتر سعید عربی متخصص سرطان,54.3759404,31.8236494,2120,doctors,13140532393,6053101.996733393,3740184.066368012,18500.0
دکتر حسین علی یاوری جراح دندانپزشک,54.3802098,31.8642659,2121,dentist,13154273526,6053577.264167385,3745506.575240552,18941.0
دکتر محمد جواهرچیان,54.3778347,31.870532,2120,doctors,13163684322,6053312.869244803,3746327.9126607664,18781.0
کافه رستوران آوان,54.3645825,31.889032,2301,restaurant,13167099439,6051837.641088911,3748753.1507678227,17365.0
دکتر سید مسعود هاشمی زاده,54.3569302,31.8783296,2120,doctors,13167350864,6050985.790949514,3747350.0714814025,16592.0
پخش گوشت فتوحی,54.3949879,31.8277732,2511,convenience,13174989135,6055222.354734277,3740724.3547222693,20525.0
مطب دكتر پناه بخدا,54.3594325,31.8772244,2120,doctors,13197354623,6051264.345711326,3747205.1896002702,16905.0
مطب دکتر سرداری( متخصص اعصاب و روان ،معاینات گواهینامه),54.3756485,31.8746543,2120,doctors,13198320437,6053069.502574029,3746868.2790901363,18467.0
معجر,54.3708957,31.8982361,2512,clothes,13203034351,6052540.423298188,3749959.934096931,17983.0
کافه اَمبِر,54.3717099,31.9044188,2301,restaurant,13243186784,6052631.059627591,3750770.638331278,18135.0
مطب دکتر سید محسن فانی,54.3552826,31.885197,2120,doctors,13256696728,6050802.380956484,3748250.365443033,16431.0
فروشگاه آرایشی بهداشتی عطریات محسن احتیاط,54.3752753,31.8778474,2514,chemist,13273733901,6053027.958140066,3747286.859140383,18464.0
کلینیک زخم دیاکو,54.3813665,31.8707398,2120,doctors,13278527406,6053706.027422385,3746355.1512797554,19093.0
خانم دكتر بهاره ميبدي,54.3594439,31.8772961,2120,doctors,13279692571,6051265.614753521,3747214.588779253,16905.0
جواهری شتابی,54.4010681,31.8557824,2520,jeweller,13282831589,6055899.199502199,3744394.6781157227,21130.0
سالن زیبایی مه جبین,54.3876188,31.8449408,2529,beauty_shop,13288640872,6054402.030274672,3742973.8635049276,19734.0
گروه تولیدی داز,54.3800381,31.8625439,2512,clothes,13304555474,6053558.150610817,3745280.8715729313,18942.0
سالن زیبایی و اموزشگاه دلارام,54.3658179,31.8568597,2529,beauty_shop,13305521429,6051975.165187838,3744535.8696830375,17542.0
antico italian kitchen,54.3736817,31.8312926,2301,restaurant,13322873752,6052850.559399538,3741185.4754257654,18338.0
آشپزخانه ایتالیایی آنتیکو,54.3729739,31.8318927,2301,restaurant,13322898443,6052771.767463954,3741264.103802607,18338.0
آشپزخانه ایتالیایی آنتیکو,54.373672,31.8313997,2301,restaurant,13322898443,6052849.479600477,3741199.508214749,18338.0
استودیو‌ گل آدا,54.3737828,31.8471956,2513,florist,13333161557,6052861.813800057,3743269.3460586993,18328.0
طلا فروشی مازار,54.3669268,31.8966015,2520,jeweller,13335630018,6052098.607371178,3749745.6068818504,17672.0
آرین استور,54.3896818,31.8230076,2525,mobile_phone_shop,13354554489,6054631.682384179,3740099.981757723,19904.0
دندانپزشکی دکتر موقری,54.3808317,31.8598953,2121,dentist,13358532810,6053646.49375871,3744933.7260659314,19100.0
دکتر محبوبه دشتی متخصص زنان و زایمان,54.3570457,31.8779908,2120,doctors,13358643987,6050998.648350701,3747305.657632781,16592.0
فیزیوتراپی صبا(فیزتراپیست محمدعلی دهقانی),54.3822769,31.8500711,2120,doctors,13358757069,6053807.372686804,3743646.1793533694,19262.0
تابه کباب,54.3510375,31.8446043,2301,restaurant,13362683929,6050329.818586116,3742929.767140381,16146.0
موسسه رادیولوژی و سونوگرافی بقایی پور,54.36868,31.8815643,2120,doctors,13370788906,6052293.772702437,3747774.1218431937,17838.0
مطب دندانپزشکی دکتر دهقان دهنوی,54.3866167,31.828859,2111,clinic,13375393348,6054290.477012948,3740866.61711345,19588.0
موبایل سید محمدآباد,54.4246789,31.7730102,2525,mobile_phone_shop,13376538230,6058527.541735421,3733551.4309217124,23525.0
آموزشگاه وسالن زیبای محدثه غیبی,54.3443665,31.8580434,2529,beauty_shop,13380785813,6049587.206263035,3744691.0079986225,15357.0
مرکز زیبایی پوست و مو روژان,54.3705,31.8442184,2110,hospital,13392179283,6052496.374175681,3742879.1973916464,18018.0
چسب کاشی و ابزارالات نصب اسلب دایان تجارت,54.3809098,31.8278712,2543,doityourself,13399382618,6053655.18781094,3740737.194692558,19121.0
حاج خلیفه علی رحمر و شرکه,54.3791547,31.8859749,2502,bakery,13419432201,6053459.810972649,3748352.349853138,18927.0
مزون صورتی,54.3707857,31.8333805,2512,clothes,13495869463,6052528.1781542,3741459.0456827977,18025.0
پانیذ فود,54.3846952,31.8412884,2301,restaurant,13525838529,6054076.57661139,3742495.2463656166,19424.0
